fighter,total_fights,wins,losses,win_rate,sig_str_landed_per_fight,sig_str_attempted_per_fight,sig_str_accuracy,td_landed_per_fight,td_attempted_per_fight,td_accuracy,sub_attempts_per_fight,reversals_per_fight,control_seconds_per_fight,sig_str_absorbed_per_fight,td_faced_per_fight,td_defence,last_3_win_rate,last_3_sig_str_accuracy,last_5_win_rate,last_5_sig_str_accuracy,height,reach,dob,is_southpaw
Jim Miller,46,28,18,0.6086956521739131,28.152173913043477,66.95652173913044,0.42045454545454547,0.9565217391304348,2.152173913043478,0.4444444444444444,1.1304347826086956,0.10869565217391304,118.93478260869566,32.630434782608695,2.130434782608696,0.5510204081632653,0.6666666666666666,0.42105263157894735,0.6,0.46944444444444444,172.72,180.34,1983-08-30,1.0
Andrei Arlovski,41,23,18,0.5609756097560976,37.58536585365854,82.58536585365853,0.4551092734790313,0.21951219512195122,0.6097560975609756,0.36,0.12195121951219512,0.024390243902439025,46.75609756097561,32.24390243902439,1.6829268292682926,0.8695652173913043,0.0,0.5165562913907285,0.2,0.5286624203821656,190.5,195.58,1979-02-04,0.0
Neil Magny,38,25,13,0.6578947368421053,40.26315789473684,85.52631578947368,0.4707692307692308,1.6842105263157894,4.2631578947368425,0.3950617283950617,0.23684210526315788,0.07894736842105263,150.97368421052633,28.605263157894736,3.026315789473684,0.4434782608695652,0.6666666666666666,0.5660377358490566,0.6,0.5803108808290155,190.5,203.2,1987-08-03,0.0
Donald Cerrone,37,23,14,0.6216216216216216,44.189189189189186,93.54054054054055,0.472406818838486,0.6486486486486487,2.108108108108108,0.3076923076923077,0.2972972972972973,0.10810810810810811,61.24324324324324,45.270270270270274,1.864864864864865,0.6521739130434783,0.0,0.46296296296296297,0.0,0.4349442379182156,185.42,185.42,1983-03-29,0.0
Clay Guida,37,18,19,0.4864864864864865,31.243243243243242,94.21621621621621,0.33161216293746415,2.108108108108108,6.27027027027027,0.33620689655172414,0.43243243243243246,0.05405405405405406,253.7027027027027,36.32432432432432,1.945945945945946,-0.08333333333333326,0.0,0.2781954887218045,0.2,0.30716723549488056,170.18,177.8,1981-12-08,0.0
Charles Oliveira,36,25,11,0.6944444444444444,25.63888888888889,46.0,0.5573671497584541,1.2222222222222223,3.0833333333333335,0.3963963963963964,1.3333333333333333,0.16666666666666666,166.33333333333334,24.61111111111111,1.2222222222222223,0.0,0.6666666666666666,0.6086956521739131,0.6,0.6459854014598541,177.8,187.96,1989-10-17,0.0
Rafael Dos Anjos,36,21,15,0.5833333333333334,50.611111111111114,107.52777777777777,0.4706794110049083,1.8888888888888888,5.305555555555555,0.35602094240837695,0.5555555555555556,0.08333333333333333,227.91666666666666,47.0,4.611111111111111,0.5903614457831325,0.0,0.4669603524229075,0.2,0.4972375690607735,172.72,177.8,1984-10-26,1.0
Jeremy Stephens,35,15,20,0.42857142857142855,36.6,89.62857142857143,0.4083519285941983,0.8571428571428571,2.2285714285714286,0.38461538461538464,0.3142857142857143,0.2,122.6,37.857142857142854,3.6,0.7619047619047619,0.0,0.3884297520661157,0.0,0.48125,175.26,180.34,1986-05-25,0.0
Demian Maia,33,22,11,0.6666666666666666,22.393939393939394,51.39393939393939,0.4357311320754717,2.0606060606060606,8.303030303030303,0.24817518248175183,0.8181818181818182,0.24242424242424243,282.3939393939394,25.636363636363637,1.1818181818181819,-0.7435897435897436,0.3333333333333333,0.5164835164835165,0.6,0.49743589743589745,185.42,182.88,1977-11-06,1.0
Edson Barboza,33,18,15,0.5454545454545454,48.96969696969697,109.54545454545455,0.44702627939142464,0.3333333333333333,0.6666666666666666,0.5,0.06060606060606061,0.030303030303030304,44.81818181818182,56.21212121212121,3.1515151515151514,0.8942307692307693,0.0,0.5441176470588235,0.2,0.4597402597402597,180.34,190.5,1986-01-21,0.0
Max Holloway,33,24,9,0.7272727272727273,111.9090909090909,232.3030303030303,0.4817375423949909,0.24242424242424243,0.45454545454545453,0.5333333333333333,0.30303030303030304,0.0,54.09090909090909,74.45454545454545,5.0606060606060606,0.9520958083832335,0.6666666666666666,0.5375854214123007,0.6,0.5210084033613446,180.34,175.26,1991-12-04,0.0
Michael Johnson,32,16,16,0.5,49.0,123.78125,0.39585963140621055,0.4375,1.125,0.3888888888888889,0.03125,0.09375,54.03125,43.3125,3.3125,0.8679245283018868,0.6666666666666666,0.3925233644859813,0.6,0.4460285132382892,177.8,185.42,1986-06-04,1.0
Derrick Lewis,32,20,12,0.625,21.3125,43.5625,0.48923959827833574,0.3125,1.21875,0.2564102564102564,0.0,0.125,57.78125,24.71875,3.3125,0.9056603773584906,0.3333333333333333,0.24,0.4,0.397196261682243,190.5,200.66,1985-02-07,0.0
Diego Sanchez,32,19,13,0.59375,33.0625,88.53125,0.37345570067066713,1.125,5.1875,0.21686746987951808,0.5625,0.09375,186.3125,38.6875,2.1875,0.48571428571428577,0.3333333333333333,0.36538461538461536,0.6,0.496875,177.8,182.88,1981-12-31,1.0
Dustin Poirier,31,22,9,0.7096774193548387,57.67741935483871,115.41935483870968,0.49972051425377306,0.9032258064516129,2.5161290322580645,0.358974358974359,0.7419354838709677,0.12903225806451613,135.5483870967742,51.064516129032256,2.838709677419355,0.6818181818181819,0.3333333333333333,0.4470338983050847,0.4,0.46,175.26,182.88,1989-01-19,1.0
Darren Elkins,31,19,12,0.6129032258064516,38.38709677419355,99.93548387096774,0.3841187863137508,2.161290322580645,6.387096774193548,0.3383838383838384,0.8064516129032258,0.16129032258064516,249.74193548387098,37.87096774193548,1.8387096774193548,-0.17543859649122817,0.3333333333333333,0.4297520661157025,0.4,0.345821325648415,177.8,180.34,1984-05-16,0.0
Jessica Andrade,30,17,13,0.5666666666666667,60.8,124.9,0.4867894315452362,1.3333333333333333,2.466666666666667,0.5405405405405406,0.2,0.03333333333333333,129.13333333333333,53.233333333333334,3.066666666666667,0.5652173913043479,0.0,0.3310344827586207,0.4,0.3961218836565097,154.94,157.48,1991-09-25,0.0
Angela Hill,30,14,16,0.4666666666666667,78.8,155.43333333333334,0.5069697619558224,0.7333333333333333,2.433333333333333,0.3013698630136986,0.16666666666666666,0.16666666666666666,124.33333333333333,72.13333333333334,4.633333333333334,0.841726618705036,0.3333333333333333,0.5667447306791569,0.4,0.5493133583021224,160.02,162.56,1985-01-12,0.0
Matt Brown,30,17,13,0.5666666666666667,34.63333333333333,62.46666666666667,0.5544290288153682,1.0333333333333334,2.2,0.4696969696969697,0.8,0.13333333333333333,118.6,26.933333333333334,3.966666666666667,0.7394957983193278,0.6666666666666666,0.616580310880829,0.4,0.6185567010309279,182.88,190.5,1981-01-10,0.0
Michael Bisping,29,20,9,0.6896551724137931,54.03448275862069,143.44827586206895,0.3766826923076923,0.896551724137931,2.0689655172413794,0.43333333333333335,0.1724137931034483,0.06896551724137931,68.48275862068965,34.44827586206897,3.3793103448275863,0.7346938775510203,0.3333333333333333,0.32903225806451614,0.6,0.33935018050541516,185.42,190.5,1979-02-28,0.0
Alex Caceres,29,16,13,0.5517241379310345,51.3448275862069,102.89655172413794,0.4989946380697051,0.4482758620689655,0.6551724137931034,0.6842105263157895,0.5517241379310345,0.3103448275862069,81.20689655172414,37.89655172413793,4.206896551724138,0.8934426229508197,0.3333333333333333,0.4396551724137931,0.4,0.4525316455696203,177.8,185.42,1988-06-20,1.0
Tim Means,29,15,14,0.5172413793103449,49.6551724137931,101.55172413793103,0.48896434634974534,0.7241379310344828,1.8620689655172413,0.3888888888888889,0.10344827586206896,0.13793103448275862,83.06896551724138,36.172413793103445,3.4827586206896552,0.7920792079207921,0.3333333333333333,0.6705202312138728,0.2,0.5413333333333333,187.96,190.5,1984-02-20,0.0
Frankie Edgar,29,18,11,0.6206896551724138,58.827586206896555,145.68965517241378,0.4037869822485207,2.413793103448276,7.620689655172414,0.3167420814479638,0.27586206896551724,0.10344827586206896,215.58620689655172,43.96551724137931,1.6206896551724137,-0.4893617021276595,0.0,0.5764705882352941,0.2,0.4424131627056673,167.64,172.72,1981-10-16,0.0
King Green,29,17,12,0.5862068965517241,69.24137931034483,126.20689655172414,0.5486338797814208,0.896551724137931,1.896551724137931,0.4727272727272727,0.20689655172413793,0.13793103448275862,91.03448275862068,36.93103448275862,2.3793103448275863,0.6231884057971014,1.0,0.6348122866894198,0.8,0.5679287305122495,,,,
Kevin Holland,29,16,13,0.5517241379310345,48.689655172413794,100.41379310344827,0.4848901098901099,0.5862068965517241,1.5517241379310345,0.37777777777777777,0.4482758620689655,0.10344827586206896,82.13793103448276,38.37931034482759,3.8275862068965516,0.8468468468468469,0.3333333333333333,0.47381546134663344,0.6,0.5053191489361702,190.5,205.74,1992-11-05,0.0
Brad Tavares,28,16,12,0.5714285714285714,44.392857142857146,101.57142857142857,0.4370604781997187,0.6071428571428571,2.2857142857142856,0.265625,0.0,0.07142857142857142,99.92857142857143,43.17857142857143,5.071428571428571,0.8802816901408451,0.3333333333333333,0.4612794612794613,0.2,0.4509433962264151,185.42,187.96,1987-12-21,0.0
Ovince Saint Preux,28,15,13,0.5357142857142857,28.321428571428573,61.75,0.45864661654135336,0.5357142857142857,1.8928571428571428,0.2830188679245283,0.21428571428571427,0.07142857142857142,63.5,34.92857142857143,2.7142857142857144,0.8026315789473684,0.3333333333333333,0.5224913494809689,0.4,0.5260663507109005,190.5,203.2,1983-04-08,1.0
Gleison Tibau,28,16,12,0.5714285714285714,21.464285714285715,67.46428571428571,0.3181577554261514,3.0,5.607142857142857,0.535031847133758,0.6071428571428571,0.03571428571428571,222.21428571428572,27.678571428571427,2.7142857142857144,-0.10526315789473695,0.0,0.17647058823529413,0.2,0.218562874251497,177.8,180.34,1983-10-07,1.0
Marlon Vera,27,16,11,0.5925925925925926,57.48148148148148,119.92592592592592,0.4793082149474985,0.5185185185185185,1.1481481481481481,0.45161290322580644,0.6666666666666666,0.037037037037037035,73.11111111111111,73.07407407407408,3.4444444444444446,0.8494623655913979,0.3333333333333333,0.4,0.2,0.39719029374201786,172.72,177.8,1992-12-02,0.0
Thiago Alves,27,15,12,0.5555555555555556,40.96296296296296,98.07407407407408,0.4176737160120846,0.5185185185185185,0.8518518518518519,0.6086956521739131,0.2222222222222222,0.07407407407407407,68.74074074074075,37.592592592592595,4.518518518518518,0.8852459016393442,0.3333333333333333,0.5,0.2,0.41256366723259763,175.26,177.8,1983-10-03,0.0
Nate Diaz,27,16,11,0.5925925925925926,57.18518518518518,128.2962962962963,0.4457274826789838,0.6666666666666666,2.5185185185185186,0.2647058823529412,0.9629629629629629,0.25925925925925924,105.11111111111111,49.925925925925924,3.6296296296296298,0.8163265306122449,0.3333333333333333,0.4554865424430642,0.4,0.48685491723466406,182.88,193.04,1985-04-16,1.0
Joe Lauzon,27,15,12,0.5555555555555556,22.40740740740741,56.48148148148148,0.39672131147540984,1.2592592592592593,2.7777777777777777,0.4533333333333333,1.0740740740740742,0.2962962962962963,114.92592592592592,42.51851851851852,1.5555555555555556,0.19047619047619047,0.3333333333333333,0.4111111111111111,0.4,0.44025157232704404,177.8,180.34,1984-05-22,0.0
Frank Mir,27,16,11,0.5925925925925926,12.555555555555555,26.703703703703702,0.47018030513176146,0.7777777777777778,1.9259259259259258,0.40384615384615385,0.7777777777777778,0.037037037037037035,87.07407407407408,22.14814814814815,0.4074074074074074,-0.9090909090909092,0.3333333333333333,0.41414141414141414,0.4,0.38571428571428573,190.5,200.66,1979-05-24,1.0
Drew Dober,26,15,11,0.5769230769230769,37.38461538461539,90.42307692307692,0.41344108889834114,0.34615384615384615,2.0384615384615383,0.16981132075471697,0.038461538461538464,0.038461538461538464,64.96153846153847,35.96153846153846,2.423076923076923,0.8571428571428572,0.6666666666666666,0.48,0.4,0.4408352668213457,172.72,177.8,1988-10-19,1.0
Kelvin Gastelum,26,15,11,0.5769230769230769,50.0,117.8076923076923,0.4244205027750571,0.9230769230769231,2.6153846153846154,0.35294117647058826,0.07692307692307693,0.3076923076923077,108.3076923076923,49.07692307692308,3.730769230769231,0.7525773195876289,0.6666666666666666,0.484251968503937,0.6,0.45346869712351945,175.26,180.34,1991-10-24,1.0
Vicente Luque,26,17,9,0.6538461538461539,45.42307692307692,90.46153846153847,0.502125850340136,0.5384615384615384,1.1538461538461537,0.4666666666666667,0.46153846153846156,0.038461538461538464,80.57692307692308,50.23076923076923,2.4615384615384617,0.78125,0.3333333333333333,0.3534136546184739,0.4,0.3787375415282392,180.34,190.5,1991-11-27,0.0
Francisco Trinaldo,26,18,8,0.6923076923076923,38.80769230769231,85.76923076923077,0.45246636771300447,0.8076923076923077,1.9230769230769231,0.42,0.4230769230769231,0.11538461538461539,149.96153846153845,33.07692307692308,2.8076923076923075,0.7123287671232876,0.6666666666666666,0.5977011494252874,0.6,0.5033557046979866,175.26,177.8,1978-08-24,1.0
Tito Ortiz,26,15,11,0.5769230769230769,26.26923076923077,55.69230769230769,0.47168508287292815,2.1153846153846154,4.576923076923077,0.46218487394957986,0.2692307692307692,0.0,262.0769230769231,26.115384615384617,1.0769230769230769,-0.9642857142857142,0.0,0.36627906976744184,0.2,0.3322884012539185,190.5,187.96,1975-01-23,0.0
Gerald Meerschaert,26,12,14,0.46153846153846156,25.076923076923077,55.65384615384615,0.45058742225293713,0.9615384615384616,3.269230769230769,0.29411764705882354,0.8461538461538461,0.4230769230769231,113.96153846153847,29.23076923076923,1.7307692307692308,0.4444444444444444,0.0,0.3723404255319149,0.0,0.4458874458874459,185.42,195.58,1987-12-18,1.0
Andre Fili,26,13,13,0.5,41.80769230769231,111.34615384615384,0.3754749568221071,1.6153846153846154,3.5384615384615383,0.45652173913043476,0.15384615384615385,0.2692307692307692,98.38461538461539,49.92307692307692,2.8846153846153846,0.43999999999999995,0.3333333333333333,0.38073394495412843,0.4,0.3953871499176277,180.34,187.96,1990-06-25,0.0
Cub Swanson,26,16,10,0.6153846153846154,63.26923076923077,120.34615384615384,0.5257270693512305,0.5384615384615384,1.0384615384615385,0.5185185185185185,0.07692307692307693,0.038461538461538464,52.76923076923077,53.07692307692308,4.346153846153846,0.8761061946902655,0.6666666666666666,0.6226415094339622,0.6,0.5895117540687161,172.72,177.8,1983-11-02,0.0
Marcin Tybura,25,14,11,0.56,39.0,83.32,0.46807489198271723,0.92,2.84,0.323943661971831,0.08,0.12,181.2,37.28,1.64,0.4390243902439024,0.0,0.3387096774193548,0.4,0.39823008849557523,190.5,198.12,1985-11-09,0.0
Sean Strickland,25,18,7,0.72,97.2,228.68,0.42504810215147804,0.72,1.16,0.6206896551724138,0.16,0.0,81.28,73.68,3.08,0.7662337662337663,0.6666666666666666,0.4424019607843137,0.6,0.4403444034440344,185.42,193.04,1991-02-27,0.0
Josh Koscheck,25,15,10,0.6,17.12,47.32,0.3617920540997464,1.6,3.32,0.4819277108433735,0.28,0.04,221.28,21.08,1.12,-0.4285714285714286,0.0,0.21052631578947367,0.0,0.30177514792899407,177.8,185.42,1977-11-30,0.0
Nate Marquardt,25,13,12,0.52,25.4,49.44,0.5137540453074434,1.32,2.24,0.5892857142857143,0.56,0.12,159.88,19.84,2.36,0.44067796610169496,0.0,0.49794238683127573,0.2,0.5152542372881356,182.88,187.96,1979-04-20,0.0
Robert Whittaker,25,18,7,0.72,59.56,137.28,0.43385780885780884,0.64,1.68,0.38095238095238093,0.0,0.0,63.96,45.92,3.8,0.8315789473684211,0.3333333333333333,0.47843137254901963,0.6,0.5121951219512195,182.88,185.42,1990-12-20,0.0
Ross Pearson,25,12,13,0.48,44.44,110.2,0.4032667876588022,0.6,1.68,0.35714285714285715,0.0,0.04,50.56,49.16,3.36,0.8214285714285714,0.3333333333333333,0.35141509433962265,0.2,0.37251655629139074,172.72,175.26,1984-09-26,0.0
Matt Hughes,25,18,7,0.72,21.24,38.6,0.550259067357513,1.88,3.68,0.5108695652173914,0.64,0.16,282.84,11.44,0.68,-1.7647058823529411,0.3333333333333333,0.25333333333333335,0.6,0.48046875,175.26,185.42,1973-10-13,0.0
Anthony Smith,25,13,12,0.52,33.6,67.12,0.5005959475566151,0.32,1.4,0.22857142857142856,0.32,0.08,39.32,53.88,1.92,0.8333333333333334,0.0,0.5125,0.2,0.5303030303030303,193.04,193.04,1988-07-26,0.0
Ed Herman,25,13,12,0.52,33.2,67.76,0.4899645808736718,1.32,2.8,0.4714285714285714,0.68,0.24,159.24,36.72,2.16,0.38888888888888884,0.3333333333333333,0.4272151898734177,0.6,0.4623217922606925,185.42,195.58,1980-10-02,0.0
Vitor Belfort,25,15,10,0.6,11.08,23.16,0.4784110535405872,0.24,0.32,0.75,0.32,0.04,19.08,19.0,1.6,0.85,0.3333333333333333,0.4051724137931034,0.4,0.4318181818181818,182.88,187.96,1977-04-01,1.0
BJ Penn,25,12,13,0.48,36.8,79.16,0.4648812531581607,0.76,1.36,0.5588235294117647,0.44,0.04,113.6,45.12,5.0,0.848,0.0,0.4246575342465753,0.0,0.37105263157894736,175.26,177.8,1978-12-13,0.0
Dan Hooker,25,14,11,0.56,47.4,97.44,0.48645320197044334,0.44,1.32,0.3333333333333333,0.36,0.08,102.4,48.52,4.2,0.8952380952380953,0.0,0.4864864864864865,0.4,0.541019955654102,182.88,190.5,1990-02-13,0.0
Beneil Dariush,25,17,8,0.68,30.2,61.76,0.4889896373056995,1.32,3.44,0.38372093023255816,0.48,0.04,211.32,22.12,1.8,0.2666666666666667,0.3333333333333333,0.512396694214876,0.2,0.4840764331210191,177.8,182.88,1989-05-06,1.0
Robbie Lawler,25,15,10,0.6,53.36,110.4,0.48333333333333334,0.68,0.92,0.7391304347826086,0.0,0.16,77.16,66.0,4.32,0.8425925925925926,0.6666666666666666,0.5913978494623656,0.4,0.5547945205479452,180.34,187.96,1982-03-20,1.0
Gilbert Burns,25,15,10,0.6,38.96,81.0,0.48098765432098767,1.68,4.72,0.3559322033898305,0.36,0.0,168.84,45.4,1.64,-0.024390243902439046,0.0,0.4444444444444444,0.0,0.4854368932038835,177.8,180.34,1986-07-20,0.0
Stefan Struve,24,13,11,0.5416666666666666,24.375,51.375,0.4744525547445255,0.2916666666666667,0.625,0.4666666666666667,0.875,0.25,50.583333333333336,31.541666666666668,2.1666666666666665,0.8653846153846154,0.3333333333333333,0.6666666666666666,0.2,0.5219123505976095,210.82,213.36,1988-02-18,0.0
Tim Boetsch,24,12,12,0.5,26.458333333333332,52.208333333333336,0.5067837190742218,0.875,2.5416666666666665,0.3442622950819672,0.4583333333333333,0.08333333333333333,78.91666666666667,26.208333333333332,2.25,0.6111111111111112,0.3333333333333333,0.48633879781420764,0.4,0.5,182.88,187.96,1981-01-28,0.0
Lyoto Machida,24,16,8,0.6666666666666666,29.833333333333332,57.666666666666664,0.5173410404624278,0.5833333333333334,0.9166666666666666,0.6363636363636364,0.3333333333333333,0.08333333333333333,111.70833333333333,19.25,3.5416666666666665,0.8352941176470589,0.6666666666666666,0.5277777777777778,0.4,0.5106382978723404,185.42,187.96,1978-05-30,1.0
Court McGee,24,11,13,0.4583333333333333,56.833333333333336,154.16666666666666,0.36864864864864866,1.5,6.041666666666667,0.2482758620689655,0.375,0.041666666666666664,179.625,46.166666666666664,2.0,0.25,0.3333333333333333,0.3434650455927052,0.2,0.33695652173913043,180.34,190.5,1984-12-12,0.0
Tony Ferguson,24,15,9,0.625,55.5,121.04166666666667,0.4585197934595525,0.2916666666666667,0.8333333333333334,0.35,0.6666666666666666,0.08333333333333333,20.0,49.416666666666664,2.4583333333333335,0.8813559322033898,0.0,0.5121951219512195,0.0,0.4829059829059829,180.34,193.04,1984-02-12,0.0
Jake Matthews,24,16,8,0.6666666666666666,38.541666666666664,86.625,0.44492544492544495,1.0416666666666667,2.5,0.4166666666666667,0.5416666666666666,0.16666666666666666,182.20833333333334,29.583333333333332,1.75,0.40476190476190477,0.6666666666666666,0.5170068027210885,0.8,0.42424242424242425,180.34,185.42,1994-08-19,0.0
Randy Couture,24,16,8,0.6666666666666666,32.416666666666664,54.791666666666664,0.5916349809885931,2.1666666666666665,4.333333333333333,0.5,0.4583333333333333,0.08333333333333333,316.75,16.5,1.3333333333333333,-0.625,0.6666666666666666,0.5643564356435643,0.6,0.4981949458483754,185.42,190.5,1963-06-22,0.0
Thiago Santos,24,14,10,0.5833333333333334,37.0,76.83333333333333,0.48156182212581344,0.5833333333333334,1.75,0.3333333333333333,0.041666666666666664,0.08333333333333333,79.08333333333333,25.583333333333332,2.4166666666666665,0.7586206896551724,0.3333333333333333,0.4658753709198813,0.2,0.4939759036144578,187.96,193.04,1984-01-07,0.0
Anderson Silva,24,17,7,0.7083333333333334,30.166666666666668,49.708333333333336,0.6068734283319362,0.125,0.16666666666666666,0.75,0.25,0.041666666666666664,34.416666666666664,25.875,3.125,0.96,0.0,0.467005076142132,0.2,0.4779874213836478,187.96,195.58,1975-04-14,1.0
Aljamain Sterling,23,18,5,0.782608695652174,61.17391304347826,116.30434782608695,0.5259813084112149,2.4347826086956523,7.565217391304348,0.3218390804597701,0.6086956521739131,0.17391304347826086,285.7826086956522,30.869565217391305,2.130434782608696,-0.1428571428571428,0.6666666666666666,0.5321637426900585,0.6,0.53125,170.18,180.34,1989-07-31,0.0
Jose Aldo,23,14,9,0.6086956521739131,58.869565217391305,130.08695652173913,0.45254010695187163,0.5652173913043478,1.1304347826086956,0.5,0.17391304347826086,0.0,115.04347826086956,69.56521739130434,4.6521739130434785,0.8785046728971962,0.3333333333333333,0.46335697399527187,0.4,0.4915514592933948,170.18,177.8,1986-09-09,0.0
Chuck Liddell,23,16,7,0.6956521739130435,26.565217391304348,71.1304347826087,0.3734718826405868,0.30434782608695654,0.34782608695652173,0.875,0.0,0.08695652173913043,46.04347826086956,18.869565217391305,3.739130434782609,0.9186046511627907,0.0,0.2734375,0.2,0.2811791383219955,187.96,193.04,1969-12-17,0.0
Tim Elliott,23,11,12,0.4782608695652174,44.0,103.73913043478261,0.42414082145850796,3.0434782608695654,6.695652173913044,0.45454545454545453,0.8260869565217391,0.30434782608695654,226.04347826086956,37.73913043478261,2.782608695652174,-0.09375,0.6666666666666666,0.3376865671641791,0.6,0.36833333333333335,170.18,167.64,1986-12-24,1.0
Nik Lentz,23,14,9,0.6086956521739131,43.21739130434783,88.17391304347827,0.490138067061144,2.739130434782609,8.26086956521739,0.33157894736842103,1.0,0.08695652173913043,246.47826086956522,40.69565217391305,3.217391304347826,0.14864864864864868,0.0,0.32471264367816094,0.4,0.45359019264448336,172.72,172.72,1984-08-13,0.0
Alex Morono,23,13,10,0.5652173913043478,58.73913043478261,146.91304347826087,0.39982243267238826,0.2608695652173913,1.0869565217391304,0.24,0.2608695652173913,0.043478260869565216,41.34782608695652,59.391304347826086,1.9565217391304348,0.8666666666666667,0.0,0.3092369477911647,0.2,0.3392226148409894,180.34,182.88,1990-08-16,0.0
Mauricio Rua,23,11,12,0.4782608695652174,37.52173913043478,72.04347826086956,0.5208207604103802,1.1304347826086956,2.608695652173913,0.43333333333333335,0.17391304347826086,0.0,138.82608695652175,37.65217391304348,2.652173913043478,0.5737704918032787,0.0,0.5126582278481012,0.4,0.5205047318611987,185.42,193.04,1981-11-25,0.0
Junior Dos Santos,23,15,8,0.6521739130434783,48.21739130434783,100.56521739130434,0.47946389969736275,0.21739130434782608,0.43478260869565216,0.5,0.043478260869565216,0.0,19.82608695652174,35.78260869565217,3.8260869565217392,0.9431818181818182,0.0,0.3761467889908257,0.2,0.43529411764705883,193.04,195.58,1984-01-30,0.0
Glover Teixeira,23,16,7,0.6956521739130435,41.43478260869565,81.78260869565217,0.5066454013822435,1.565217391304348,4.6521739130434785,0.3364485981308411,0.6956521739130435,0.21739130434782608,204.91304347826087,51.56521739130435,2.9565217391304346,0.47058823529411764,0.3333333333333333,0.5805555555555556,0.6,0.6055469953775039,187.96,193.04,1979-10-28,0.0
Jon Jones,23,22,1,0.9565217391304348,63.869565217391305,108.26086956521739,0.5899598393574297,1.9565217391304348,4.130434782608695,0.47368421052631576,0.4782608695652174,0.0,219.82608695652175,32.17391304347826,1.608695652173913,-0.21621621621621623,1.0,0.6949152542372882,1.0,0.7047101449275363,193.04,213.36,1987-07-19,0.0
Sam Alvey,23,10,13,0.43478260869565216,30.391304347826086,66.82608695652173,0.4547820429407938,0.043478260869565216,0.30434782608695654,0.14285714285714285,0.043478260869565216,0.043478260869565216,33.95652173913044,34.04347826086956,2.782608695652174,0.984375,0.0,0.5,0.0,0.48138297872340424,187.96,190.5,1986-05-06,1.0
Nikita Krylov,22,12,10,0.5454545454545454,31.318181818181817,57.77272727272727,0.5420928402832416,1.0454545454545454,2.727272727272727,0.38333333333333336,0.5454545454545454,0.3181818181818182,151.72727272727272,19.681818181818183,2.1363636363636362,0.5106382978723405,0.3333333333333333,0.5148148148148148,0.4,0.4934210526315789,190.5,195.58,1992-03-07,0.0
Bruno Silva,22,9,13,0.4090909090909091,38.40909090909091,76.5909090909091,0.5014836795252225,0.8636363636363636,3.5,0.24675324675324675,0.09090909090909091,0.0,81.36363636363636,48.5,3.227272727272727,0.7323943661971831,0.3333333333333333,0.5690376569037657,0.2,0.545,,,,
Dan Ige,22,11,11,0.5,43.63636363636363,99.36363636363636,0.43915827996340345,0.5909090909090909,2.727272727272727,0.21666666666666667,0.045454545454545456,0.18181818181818182,83.68181818181819,45.77272727272727,3.409090909090909,0.8266666666666667,0.0,0.3127413127413127,0.2,0.3622881355932203,170.18,180.34,1991-08-06,0.0
Jorge Masvidal,22,12,10,0.5454545454545454,53.18181818181818,107.5,0.49471458773784355,0.7727272727272727,1.4545454545454546,0.53125,0.3181818181818182,0.045454545454545456,118.0,40.95454545454545,5.545454545454546,0.860655737704918,0.0,0.4840989399293286,0.2,0.5366269165247018,180.34,187.96,1984-11-12,0.0
Chris Leben,22,12,10,0.5454545454545454,26.0,60.59090909090909,0.4291072768192048,0.7727272727272727,1.6818181818181819,0.4594594594594595,0.45454545454545453,0.0,143.45454545454547,25.772727272727273,3.227272727272727,0.7605633802816901,0.0,0.41968911917098445,0.2,0.42857142857142855,180.34,185.42,1980-07-21,1.0
Rashad Evans,22,14,8,0.6363636363636364,27.045454545454547,71.4090909090909,0.3787396562698918,2.3181818181818183,5.2727272727272725,0.4396551724137931,0.0,0.045454545454545456,212.86363636363637,31.181818181818183,1.9090909090909092,-0.2142857142857142,0.0,0.37566137566137564,0.0,0.32802547770700635,182.88,190.5,1979-09-25,0.0
Gabriel Gonzaga,22,12,10,0.5454545454545454,13.318181818181818,29.545454545454547,0.45076923076923076,1.0909090909090908,2.8636363636363638,0.38095238095238093,0.5,0.0,101.36363636363636,16.863636363636363,0.7272727272727273,-0.5,0.3333333333333333,0.4444444444444444,0.2,0.40932642487046633,187.96,193.04,1979-05-18,0.0
Georges St-Pierre,22,20,2,0.9090909090909091,59.68181818181818,112.27272727272727,0.531578947368421,4.090909090909091,5.545454545454546,0.7377049180327869,1.0909090909090908,0.22727272727272727,441.90909090909093,22.545454545454547,2.4545454545454546,-0.6666666666666667,1.0,0.5226824457593688,1.0,0.4762443438914027,180.34,193.04,1981-05-19,0.0
Michael Chiesa,22,15,7,0.6818181818181818,18.59090909090909,45.72727272727273,0.40656063618290256,1.9090909090909092,4.0,0.4772727272727273,0.6363636363636364,0.09090909090909091,221.04545454545453,15.909090909090908,1.8636363636363635,-0.024390243902439046,1.0,0.425,0.8,0.3940677966101695,185.42,190.5,1987-12-07,1.0
Rob Font,22,12,10,0.5454545454545454,66.81818181818181,149.5909090909091,0.44667274384685507,0.5909090909090909,2.227272727272727,0.2653061224489796,0.2727272727272727,0.13636363636363635,60.59090909090909,47.40909090909091,4.136363636363637,0.8571428571428572,0.0,0.3112391930835735,0.4,0.4030534351145038,172.72,180.34,1987-06-25,0.0
Randy Brown,22,14,8,0.6363636363636364,46.18181818181818,98.0909090909091,0.47080630213160335,0.5,1.4545454545454546,0.34375,0.36363636363636365,0.18181818181818182,100.27272727272727,35.22727272727273,2.8636363636363638,0.8253968253968254,0.3333333333333333,0.44932432432432434,0.4,0.4744525547445255,190.5,198.12,1990-07-08,0.0
Jan Blachowicz,21,12,9,0.5714285714285714,42.904761904761905,85.9047619047619,0.49944567627494457,0.9047619047619048,1.8571428571428572,0.48717948717948717,0.2857142857142857,0.0,111.61904761904762,37.857142857142854,2.380952380952381,0.62,0.0,0.5205479452054794,0.2,0.5164179104477612,187.96,198.12,1983-02-24,0.0
Derek Brunson,21,14,7,0.6666666666666666,30.857142857142858,66.23809523809524,0.46585190510424157,1.7142857142857142,5.428571428571429,0.3157894736842105,0.3333333333333333,0.047619047619047616,198.71428571428572,27.285714285714285,0.9047619047619048,-0.894736842105263,0.3333333333333333,0.45660377358490567,0.6,0.5009940357852882,185.42,195.58,1984-01-04,1.0
Stephen Thompson,21,12,9,0.5714285714285714,59.523809523809526,126.14285714285714,0.4718761796904492,0.23809523809523808,0.6190476190476191,0.38461538461538464,0.0,0.09523809523809523,48.095238095238095,42.76190476190476,3.7142857142857144,0.9358974358974359,0.0,0.4798206278026906,0.2,0.5611650485436893,182.88,190.5,1983-02-11,0.0
Thales Leites,21,13,8,0.6190476190476191,26.761904761904763,66.04761904761905,0.40519105984138426,1.7619047619047619,6.428571428571429,0.2740740740740741,0.9523809523809523,0.0,225.76190476190476,37.61904761904762,0.6190476190476191,-1.8461538461538463,0.3333333333333333,0.41729323308270677,0.4,0.4396551724137931,185.42,198.12,1981-09-06,0.0
Yushin Okami,21,14,7,0.6666666666666666,24.428571428571427,63.523809523809526,0.38455772113943026,1.5714285714285714,4.142857142857143,0.3793103448275862,0.42857142857142855,0.0,274.04761904761904,27.0,3.0952380952380953,0.49230769230769234,0.3333333333333333,0.3333333333333333,0.4,0.36,187.96,190.5,1981-07-21,1.0
Jared Cannonier,21,11,10,0.5238095238095238,59.285714285714285,120.0952380952381,0.4936558287073751,0.7142857142857143,1.5714285714285714,0.45454545454545453,0.0,0.0,104.04761904761905,60.80952380952381,3.380952380952381,0.7887323943661972,0.3333333333333333,0.4375,0.2,0.4197901049475262,180.34,195.58,1984-03-16,0.0
Jake Ellenberger,21,10,11,0.47619047619047616,19.857142857142858,50.476190476190474,0.39339622641509436,1.0952380952380953,2.2857142857142856,0.4791666666666667,0.19047619047619047,0.14285714285714285,99.19047619047619,22.761904761904763,1.380952380952381,0.2068965517241379,0.0,0.53125,0.2,0.5116279069767442,175.26,180.34,1985-03-28,0.0
Gillian Robertson,21,14,7,0.6666666666666666,29.0,61.23809523809524,0.4735614307931571,1.8571428571428572,4.571428571428571,0.40625,0.5714285714285714,0.42857142857142855,312.5238095238095,31.19047619047619,1.1428571428571428,-0.625,0.6666666666666666,0.3888888888888889,0.8,0.5012165450121655,165.1,160.02,1995-05-17,0.0
Melvin Guillard,21,12,9,0.5714285714285714,20.904761904761905,52.333333333333336,0.3994540491355778,0.6666666666666666,0.9523809523809523,0.7,0.09523809523809523,0.09523809523809523,36.714285714285715,12.571428571428571,4.238095238095238,0.8426966292134832,0.3333333333333333,0.38943894389438943,0.4,0.3819444444444444,175.26,180.34,1983-03-30,0.0
Patrick Cote,21,10,11,0.47619047619047616,31.523809523809526,65.61904761904762,0.48040638606676345,0.47619047619047616,2.4285714285714284,0.19607843137254902,0.19047619047619047,0.19047619047619047,116.95238095238095,36.666666666666664,2.5714285714285716,0.8148148148148149,0.3333333333333333,0.45993031358885017,0.6,0.4976635514018692,180.34,190.5,1980-02-29,0.0
Johny Hendricks,21,13,8,0.6190476190476191,42.142857142857146,92.28571428571429,0.456656346749226,2.9047619047619047,5.809523809523809,0.5,0.2857142857142857,0.0,229.42857142857142,46.61904761904762,1.9047619047619047,-0.5249999999999999,0.3333333333333333,0.37446808510638296,0.2,0.411214953271028,175.26,175.26,1983-09-12,1.0
Alex Oliveira,21,11,10,0.5238095238095238,29.666666666666668,58.095238095238095,0.510655737704918,1.5238095238095237,3.9047619047619047,0.3902439024390244,0.38095238095238093,0.047619047619047616,194.71428571428572,24.761904761904763,2.1904761904761907,0.30434782608695654,0.0,0.5535714285714286,0.2,0.5268817204301075,180.34,193.04,1988-02-21,0.0
Belal Muhammad,21,15,6,0.7142857142857143,71.76190476190476,168.85714285714286,0.42498589960518895,2.1904761904761907,6.095238095238095,0.359375,0.14285714285714285,0.0,216.42857142857142,63.95238095238095,2.4761904761904763,0.11538461538461542,0.0,0.3743169398907104,0.4,0.41725352112676056,180.34,182.88,1988-07-09,0.0
Joseph Benavidez,21,15,6,0.7142857142857143,44.666666666666664,121.0952380952381,0.3688556822650413,1.1428571428571428,3.7142857142857144,0.3076923076923077,0.19047619047619047,0.14285714285714285,116.9047619047619,34.38095238095238,4.0,0.7142857142857143,0.0,0.4661016949152542,0.4,0.4513715710723192,162.56,165.1,1984-07-31,1.0
Santiago Ponzinibbio,21,12,9,0.5714285714285714,52.23809523809524,128.14285714285714,0.40765514678558157,0.42857142857142855,1.619047619047619,0.2647058823529412,0.0,0.0,33.19047619047619,53.523809523809526,1.8095238095238095,0.7631578947368421,0.3333333333333333,0.3736559139784946,0.2,0.3777403035413153,182.88,185.42,1986-09-26,0.0
Curtis Blaydes,21,15,6,0.7142857142857143,38.476190476190474,75.85714285714286,0.5072190834902699,2.9523809523809526,6.571428571428571,0.4492753623188406,0.0,0.0,246.47619047619048,26.714285714285715,0.9523809523809523,-2.1,0.6666666666666666,0.5392781316348195,0.6,0.5424063116370809,193.04,203.2,1991-02-18,0.0
Deiveson Figueiredo,21,14,7,0.6666666666666666,27.666666666666668,52.095238095238095,0.5310786106032906,1.3333333333333333,3.9047619047619047,0.34146341463414637,1.0476190476190477,0.047619047619047616,122.52380952380952,39.476190476190474,2.9523809523809526,0.5483870967741935,0.3333333333333333,0.45977011494252873,0.2,0.4604651162790698,165.1,172.72,1987-12-18,0.0
Sam Stout,20,9,11,0.45,49.75,172.2,0.2889082462253194,0.5,1.3,0.38461538461538464,0.1,0.05,78.9,48.65,6.55,0.9236641221374046,0.0,0.2222222222222222,0.2,0.28545454545454546,175.26,177.8,1984-04-23,0.0
Anthony Pettis,20,11,9,0.55,38.45,79.45,0.4839521711768408,0.4,1.0,0.4,0.55,0.55,80.95,46.2,5.1,0.9215686274509804,0.6666666666666666,0.5672268907563025,0.6,0.5539906103286385,177.8,182.88,1987-01-27,0.0
Evan Dunham,20,11,9,0.55,59.6,150.65,0.3956189844009293,1.35,3.85,0.35064935064935066,0.75,0.05,147.35,36.75,3.7,0.6351351351351351,0.0,0.3047619047619048,0.4,0.4488888888888889,177.8,177.8,1981-12-18,1.0
Ryan Bader,20,15,5,0.75,28.85,66.6,0.43318318318318316,2.3,5.2,0.4423076923076923,0.3,0.0,229.3,14.25,1.55,-0.4838709677419355,0.6666666666666666,0.66,0.8,0.4425,187.96,187.96,1983-06-07,0.0
Rich Franklin,20,14,6,0.7,42.8,98.5,0.43451776649746193,0.7,1.1,0.6363636363636364,0.1,0.15,112.9,20.75,2.65,0.7358490566037736,0.3333333333333333,0.36225596529284165,0.4,0.36654135338345867,185.42,193.04,1974-10-05,1.0
Alistair Overeem,20,12,8,0.6,35.75,48.1,0.7432432432432432,0.5,1.45,0.3448275862068966,0.15,0.0,144.45,29.45,0.95,0.4736842105263158,0.6666666666666666,0.776255707762557,0.6,0.7647058823529411,193.04,203.2,1980-05-17,0.0
Ion Cutelaba,20,9,11,0.45,31.15,71.95,0.43293954134815843,1.8,3.45,0.5217391304347826,0.15,0.1,103.55,24.55,1.95,0.07692307692307687,0.3333333333333333,0.4595959595959596,0.6,0.4297994269340974,185.42,190.5,1993-12-14,1.0
Kamaru Usman,20,16,4,0.8,75.15,147.65,0.5089739248222147,3.15,7.5,0.42,0.1,0.0,441.7,52.0,2.55,-0.23529411764705888,0.3333333333333333,0.42355889724310775,0.2,0.4587280108254398,182.88,193.04,1987-05-11,0.0
CB Dollaway,20,11,9,0.55,21.8,45.9,0.4749455337690632,1.95,3.55,0.5492957746478874,0.65,0.3,189.8,21.25,1.2,-0.625,0.6666666666666666,0.6454545454545455,0.4,0.48188405797101447,187.96,193.04,1983-08-10,0.0
Chris Weidman,20,12,8,0.6,31.3,69.35,0.4513338139870223,2.2,5.2,0.4230769230769231,0.55,0.0,194.9,33.95,1.45,-0.5172413793103448,0.3333333333333333,0.5355648535564853,0.4,0.531986531986532,187.96,198.12,1984-06-17,0.0
John Makdessi,20,11,9,0.55,67.0,134.5,0.49814126394052044,0.0,0.2,0.0,0.0,0.0,11.4,50.4,2.55,1.0,0.3333333333333333,0.45454545454545453,0.4,0.4794520547945205,172.72,172.72,1985-05-03,0.0
Renato Moicano,20,13,7,0.65,38.55,78.35,0.4920229738353542,1.05,2.6,0.40384615384615385,0.35,0.05,123.55,33.4,2.1,0.5,0.3333333333333333,0.49193548387096775,0.6,0.55893536121673,180.34,182.88,1989-05-21,0.0
Pedro Munhoz,20,10,10,0.5,66.5,159.8,0.41614518147684604,0.4,2.5,0.16,0.35,0.05,40.0,78.05,2.8,0.8571428571428572,0.0,0.364656381486676,0.2,0.3727530747398297,167.64,165.1,1986-09-07,0.0
Dennis Siver,20,12,8,0.6,40.75,127.4,0.3198587127158556,0.55,1.9,0.2894736842105263,0.25,0.25,96.6,29.2,2.85,0.8070175438596492,0.3333333333333333,0.3536036036036036,0.4,0.32047477744807124,167.64,177.8,1979-01-13,0.0
Yves Edwards,20,10,10,0.5,27.1,63.7,0.42543171114599687,0.3,0.75,0.4,0.5,0.2,119.2,22.95,4.8,0.9375,0.0,0.365296803652968,0.2,0.4112676056338028,175.26,185.42,1976-09-30,1.0
Chris Lytle,20,10,10,0.5,40.9,92.85,0.440495422724825,0.45,0.9,0.5,1.55,0.45,86.1,34.35,2.95,0.847457627118644,0.6666666666666666,0.4794952681388013,0.8,0.46628407460545196,180.34,172.72,1974-08-18,0.0
Alexander Volkov,19,14,5,0.7368421052631579,65.78947368421052,114.10526315789474,0.5765682656826568,0.5263157894736842,0.8421052631578947,0.625,0.10526315789473684,0.05263157894736842,72.26315789473684,39.578947368421055,5.157894736842105,0.8979591836734694,0.6666666666666666,0.6265560165975104,0.8,0.6022099447513812,200.66,203.2,1988-10-24,0.0
Carlos Condit,19,9,10,0.47368421052631576,52.94736842105263,137.26315789473685,0.3857361963190184,0.47368421052631576,1.1578947368421053,0.4090909090909091,0.5789473684210527,0.47368421052631576,81.42105263157895,38.473684210526315,4.578947368421052,0.896551724137931,0.6666666666666666,0.38461538461538464,0.4,0.38619402985074625,187.96,190.5,1984-04-26,0.0
Uriah Hall,19,10,9,0.5263157894736842,33.36842105263158,68.6842105263158,0.48582375478927203,0.3684210526315789,0.9473684210526315,0.3888888888888889,0.10526315789473684,0.3157894736842105,38.1578947368421,39.73684210526316,3.1052631578947367,0.8813559322033898,0.3333333333333333,0.397887323943662,0.6,0.43670886075949367,182.88,200.66,1984-07-31,0.0
Bryan Barberena,19,9,10,0.47368421052631576,62.68421052631579,130.47368421052633,0.48043565954013717,0.10526315789473684,0.47368421052631576,0.2222222222222222,0.21052631578947367,0.10526315789473684,54.68421052631579,53.78947368421053,6.526315789473684,0.9838709677419355,0.0,0.36153846153846153,0.2,0.4378947368421053,182.88,182.88,1989-05-03,1.0
Cole Miller,19,10,9,0.5263157894736842,30.36842105263158,91.52631578947368,0.33179988499137436,0.42105263157894735,1.1578947368421053,0.36363636363636365,1.263157894736842,0.47368421052631576,96.89473684210526,39.89473684210526,2.3157894736842106,0.8181818181818181,0.0,0.2664576802507837,0.4,0.32,185.42,185.42,1984-04-26,0.0
Israel Adesanya,19,13,6,0.6842105263157895,69.10526315789474,142.8421052631579,0.48378776713338245,0.05263157894736842,0.5789473684210527,0.09090909090909091,0.15789473684210525,0.15789473684210525,32.36842105263158,55.21052631578947,5.578947368421052,0.9905660377358491,0.0,0.5030487804878049,0.2,0.4316546762589928,193.04,203.2,1989-07-22,0.0
Ben Saunders,19,9,10,0.47368421052631576,25.57894736842105,50.94736842105263,0.5020661157024794,0.10526315789473684,0.2631578947368421,0.4,0.6842105263157895,0.0,50.421052631578945,28.31578947368421,2.526315789473684,0.9583333333333334,0.0,0.5147058823529411,0.2,0.5094339622641509,187.96,195.58,1983-04-13,0.0
Islam Makhachev,19,18,1,0.9473684210526315,26.68421052631579,46.0,0.580091533180778,2.526315789473684,4.631578947368421,0.5454545454545454,0.6842105263157895,0.15789473684210525,359.89473684210526,16.63157894736842,1.2105263157894737,-1.0869565217391304,1.0,0.48333333333333334,1.0,0.5573770491803278,177.8,177.8,1991-10-27,1.0
Brendan Allen,19,15,4,0.7894736842105263,43.89473684210526,83.94736842105263,0.5228840125391849,1.1578947368421053,2.736842105263158,0.4230769230769231,0.7894736842105263,0.7368421052631579,209.05263157894737,43.94736842105263,2.263157894736842,0.4883720930232558,1.0,0.4879120879120879,0.6,0.49906191369606,187.96,190.5,1995-12-28,0.0
Kevin Lee,19,11,8,0.5789473684210527,44.36842105263158,105.0,0.42255639097744363,2.4210526315789473,5.578947368421052,0.4339622641509434,0.5789473684210527,0.10526315789473684,282.7368421052632,41.10526315789474,2.1052631578947367,-0.1499999999999999,0.0,0.4032258064516129,0.2,0.38613861386138615,175.26,195.58,1992-09-04,0.0
Alexandre Pantoja,19,14,5,0.7368421052631579,57.26315789473684,113.36842105263158,0.5051067780872794,2.3684210526315788,5.368421052631579,0.4411764705882353,0.7368421052631579,0.15789473684210525,247.8421052631579,53.36842105263158,4.105263157894737,0.42307692307692313,0.3333333333333333,0.5256064690026954,0.6,0.5293233082706766,165.1,170.18,1990-04-16,0.0
Leon Edwards,19,14,5,0.7368421052631579,44.94736842105263,82.47368421052632,0.5449904275686024,1.4736842105263157,3.8947368421052633,0.3783783783783784,0.42105263157894735,0.3157894736842105,221.42105263157896,42.68421052631579,6.526315789473684,0.7741935483870968,0.0,0.6666666666666666,0.4,0.6607142857142857,187.96,187.96,1991-08-25,1.0
Raquel Pennington,19,13,6,0.6842105263157895,62.78947368421053,127.6842105263158,0.4917559769167354,0.8421052631578947,3.0526315789473686,0.27586206896551724,0.631578947368421,0.15789473684210525,209.52631578947367,50.8421052631579,3.3684210526315788,0.75,0.6666666666666666,0.4534711964549483,0.8,0.4900105152471083,170.18,170.18,1988-09-05,0.0
Jack Hermansson,19,11,8,0.5789473684210527,55.1578947368421,121.89473684210526,0.4525043177892919,1.0526315789473684,3.526315789473684,0.29850746268656714,0.2631578947368421,0.0,110.6842105263158,39.8421052631579,1.368421052631579,0.23076923076923073,0.3333333333333333,0.5182926829268293,0.4,0.4817629179331307,185.42,195.58,1988-06-10,0.0
Anthony Johnson,19,13,6,0.6842105263157895,20.05263157894737,42.10526315789474,0.47625,1.0,1.736842105263158,0.5757575757575758,0.2631578947368421,0.05263157894736842,137.10526315789474,11.31578947368421,1.631578947368421,0.3870967741935484,0.6666666666666666,0.6491228070175439,0.6,0.5704697986577181,187.96,198.12,1984-03-06,0.0
Niko Price,19,8,11,0.42105263157894735,36.68421052631579,83.21052631578948,0.44086021505376344,0.631578947368421,2.0,0.3157894736842105,0.3684210526315789,0.21052631578947367,77.05263157894737,41.63157894736842,1.9473684210526316,0.6756756756756757,0.0,0.5057471264367817,0.2,0.46153846153846156,182.88,193.04,1989-09-29,0.0
Paul Craig,19,9,10,0.47368421052631576,18.57894736842105,42.21052631578947,0.4401496259351621,0.7894736842105263,3.9473684210526314,0.2,0.7368421052631579,0.15789473684210525,66.26315789473684,25.05263157894737,0.6842105263157895,-0.15384615384615374,0.0,0.39267015706806285,0.2,0.42160278745644597,190.5,193.04,1987-11-27,0.0
Rani Yahya,19,13,6,0.6842105263157895,21.736842105263158,56.26315789473684,0.3863423760523854,2.0526315789473686,6.631578947368421,0.30952380952380953,1.2105263157894737,0.3157894736842105,263.94736842105266,22.36842105263158,1.4210526315789473,-0.4444444444444444,0.3333333333333333,0.4943820224719101,0.4,0.3793103448275862,167.64,170.18,1984-09-12,0.0
Rick Story,19,12,7,0.631578947368421,47.421052631578945,113.57894736842105,0.417516218721038,2.1052631578947367,4.368421052631579,0.4819277108433735,0.7368421052631579,0.2631578947368421,236.52631578947367,27.105263157894736,4.0,0.4736842105263158,0.6666666666666666,0.5094339622641509,0.6,0.45949926362297494,175.26,180.34,1984-08-28,1.0
Raphael Assuncao,19,12,7,0.631578947368421,41.36842105263158,94.6842105263158,0.4369093941078377,1.263157894736842,3.263157894736842,0.3870967741935484,0.10526315789473684,0.0,93.10526315789474,32.89473684210526,2.0,0.368421052631579,0.3333333333333333,0.6264367816091954,0.2,0.5570032573289903,165.1,167.64,1982-07-19,0.0
Brandon Moreno,19,12,7,0.631578947368421,63.63157894736842,147.1578947368421,0.43240343347639487,1.4736842105263157,3.736842105263158,0.39436619718309857,0.47368421052631576,0.2631578947368421,172.1578947368421,60.31578947368421,3.5789473684210527,0.5882352941176471,0.3333333333333333,0.4246575342465753,0.6,0.4382284382284382,170.18,177.8,1993-12-07,0.0
Mike Pyle,19,10,9,0.5263157894736842,20.157894736842106,46.10526315789474,0.4372146118721461,0.8421052631578947,2.263157894736842,0.37209302325581395,0.7368421052631579,0.21052631578947367,87.3157894736842,23.263157894736842,2.736842105263158,0.6923076923076923,0.0,0.19642857142857142,0.2,0.3938223938223938,182.88,187.96,1975-09-18,0.0
Alexander Hernandez,19,11,8,0.5789473684210527,43.10526315789474,106.63157894736842,0.40424481737413626,0.6842105263157895,1.9473684210526316,0.35135135135135137,0.05263157894736842,0.10526315789473684,76.84210526315789,44.94736842105263,2.526315789473684,0.7291666666666667,0.6666666666666666,0.3728813559322034,0.8,0.38589211618257263,175.26,182.88,1992-10-01,0.0
Stipe Miocic,19,14,5,0.7368421052631579,53.0,100.52631578947368,0.5272251308900524,1.3157894736842106,3.8421052631578947,0.3424657534246575,0.0,0.0,180.8421052631579,45.526315789473685,1.0526315789473684,-0.25,0.3333333333333333,0.5674740484429066,0.4,0.546572934973638,193.04,203.2,1982-08-19,0.0
Rose Namajunas,19,12,7,0.631578947368421,54.73684210526316,133.1578947368421,0.41106719367588934,1.5263157894736843,3.1578947368421053,0.48333333333333334,0.3684210526315789,0.15789473684210525,185.05263157894737,52.8421052631579,3.473684210526316,0.5606060606060606,0.3333333333333333,0.3411764705882353,0.6,0.42118537200504413,165.1,165.1,1992-06-29,0.0
Chris Camozzi,19,9,10,0.47368421052631576,42.10526315789474,93.6842105263158,0.449438202247191,0.21052631578947367,1.105263157894737,0.19047619047619047,0.3684210526315789,0.05263157894736842,86.26315789473684,34.94736842105263,4.368421052631579,0.9518072289156626,0.0,0.5,0.4,0.5039370078740157,187.96,190.5,1986-11-20,0.0
Diego Ferreira,19,11,8,0.5789473684210527,48.1578947368421,120.26315789473684,0.40043763676148797,0.6842105263157895,2.0526315789473686,0.3333333333333333,0.3157894736842105,0.2631578947368421,70.0,35.473684210526315,4.157894736842105,0.8354430379746836,0.3333333333333333,0.375,0.4,0.444141689373297,175.26,187.96,1985-01-18,0.0
Tecia Pennington,19,11,8,0.5789473684210527,66.15789473684211,137.8421052631579,0.47995418098510884,0.5263157894736842,3.526315789473684,0.14925373134328357,0.05263157894736842,0.0,132.26315789473685,48.68421052631579,5.105263157894737,0.8969072164948454,0.6666666666666666,0.5,0.4,0.4791946308724832,,,,
Tai Tuivasa,19,8,11,0.42105263157894735,27.473684210526315,56.73684210526316,0.4842300556586271,0.05263157894736842,0.47368421052631576,0.1111111111111111,0.0,0.0,79.21052631578948,36.89473684210526,2.526315789473684,0.9791666666666666,0.0,0.581081081081081,0.0,0.46308724832214765,187.96,190.5,1993-03-16,1.0
Max Griffin,19,8,11,0.42105263157894735,48.526315789473685,102.63157894736842,0.4728205128205128,1.263157894736842,3.0526315789473686,0.41379310344827586,0.21052631578947367,0.15789473684210525,120.89473684210526,48.473684210526315,3.1052631578947367,0.5932203389830508,0.0,0.36212624584717606,0.2,0.375,180.34,193.04,1985-11-29,0.0
Karolina Kowalkiewicz,19,9,10,0.47368421052631576,73.36842105263158,170.68421052631578,0.42984890533456677,0.3157894736842105,1.368421052631579,0.23076923076923078,0.15789473684210525,0.10526315789473684,82.10526315789474,76.36842105263158,3.526315789473684,0.9104477611940298,0.0,0.39900249376558605,0.4,0.4861878453038674,160.02,162.56,1985-10-15,0.0
Eryk Anders,19,10,9,0.5263157894736842,40.8421052631579,86.73684210526316,0.470873786407767,1.368421052631579,5.631578947368421,0.24299065420560748,0.05263157894736842,0.10526315789473684,222.31578947368422,49.78947368421053,2.4210526315789473,0.4347826086956522,0.6666666666666666,0.5252525252525253,0.6,0.49295774647887325,185.42,190.5,1987-04-21,1.0
Roy Nelson,19,9,10,0.47368421052631576,23.105263157894736,61.89473684210526,0.37329931972789115,0.8421052631578947,2.8421052631578947,0.2962962962962963,0.05263157894736842,0.0,129.68421052631578,51.8421052631579,1.631578947368421,0.4838709677419355,0.3333333333333333,0.47368421052631576,0.4,0.4496124031007752,182.88,185.42,1976-06-20,0.0
Marcos Rogerio de Lima,18,11,7,0.6111111111111112,20.833333333333332,34.94444444444444,0.5961844197138315,0.6111111111111112,1.3333333333333333,0.4583333333333333,0.2222222222222222,0.05555555555555555,152.72222222222223,14.0,1.0,0.38888888888888884,0.6666666666666666,0.7560975609756098,0.6,0.6254681647940075,185.42,190.5,1985-06-25,0.0
Julian Erosa,18,9,9,0.5,47.5,99.05555555555556,0.4795288839035334,0.9444444444444444,2.111111111111111,0.4473684210526316,0.3888888888888889,0.0,72.27777777777777,48.77777777777778,2.1666666666666665,0.5641025641025641,0.3333333333333333,0.4794520547945205,0.6,0.4578005115089514,185.42,187.96,1989-07-31,1.0
Amanda Nunes,18,16,2,0.8888888888888888,51.55555555555556,99.11111111111111,0.5201793721973094,2.111111111111111,3.7222222222222223,0.5671641791044776,0.5555555555555556,0.0,233.22222222222223,27.72222222222222,1.7777777777777777,-0.1875,0.6666666666666666,0.527027027027027,0.8,0.5482166446499339,172.72,175.26,1988-05-30,0.0
Alexander Gustafsson,18,10,8,0.5555555555555556,41.72222222222222,102.5,0.4070460704607046,1.0555555555555556,2.6666666666666665,0.3958333333333333,0.2777777777777778,0.0,102.44444444444444,36.611111111111114,2.7222222222222223,0.6122448979591837,0.0,0.4943820224719101,0.2,0.4233128834355828,195.58,200.66,1987-01-15,0.0
Fabricio Werdum,18,12,6,0.6666666666666666,49.44444444444444,87.72222222222223,0.5636478784040532,0.8888888888888888,3.111111111111111,0.2857142857142857,0.3333333333333333,0.16666666666666666,120.22222222222223,34.888888888888886,0.8333333333333334,-0.06666666666666665,0.3333333333333333,0.5965909090909091,0.6,0.5882352941176471,193.04,195.58,1977-07-30,0.0
Urijah Faber,18,11,7,0.6111111111111112,39.611111111111114,94.33333333333333,0.4199057714958775,1.4444444444444444,5.111111111111111,0.2826086956521739,0.5,0.1111111111111111,154.5,39.44444444444444,2.7777777777777777,0.48,0.6666666666666666,0.45622119815668205,0.4,0.3176229508196721,167.64,170.18,1979-05-14,0.0
Gian Villante,18,7,11,0.3888888888888889,51.27777777777778,117.16666666666667,0.43764817449027976,0.2777777777777778,1.2222222222222223,0.22727272727272727,0.0,0.0,38.833333333333336,65.22222222222223,2.2777777777777777,0.8780487804878049,0.0,0.5155807365439093,0.2,0.4610169491525424,190.5,193.04,1985-08-18,0.0
TJ Dillashaw,18,13,5,0.7222222222222222,62.388888888888886,151.77777777777777,0.4110541727672035,1.2777777777777777,4.166666666666667,0.30666666666666664,0.6666666666666666,0.0,180.83333333333334,42.55555555555556,2.5,0.48888888888888893,0.3333333333333333,0.4006734006734007,0.6,0.4088888888888889,167.64,170.18,1986-02-07,0.0
Alexander Volkanovski,18,15,3,0.8333333333333334,100.83333333333333,176.55555555555554,0.5711139081183134,1.8333333333333333,5.388888888888889,0.3402061855670103,0.2222222222222222,0.16666666666666666,199.44444444444446,55.72222222222222,2.5,0.2666666666666667,0.6666666666666666,0.5760456273764258,0.6,0.5930047694753577,167.64,180.34,1988-09-29,0.0
JJ Aldrich,18,11,7,0.6111111111111112,54.72222222222222,117.61111111111111,0.46528105810108644,0.6111111111111112,2.611111111111111,0.23404255319148937,0.0,0.1111111111111111,132.27777777777777,61.05555555555556,2.2222222222222223,0.725,0.6666666666666666,0.4628712871287129,0.6,0.4634551495016611,165.1,170.18,1992-09-29,1.0
Cody Garbrandt,18,10,8,0.5555555555555556,27.944444444444443,69.22222222222223,0.40369181380417335,0.5555555555555556,2.5,0.2222222222222222,0.0,0.05555555555555555,33.888888888888886,36.611111111111114,1.8333333333333333,0.696969696969697,0.3333333333333333,0.38333333333333336,0.4,0.4166666666666667,172.72,165.1,1991-07-07,0.0
Dan Henderson,18,9,9,0.5,29.22222222222222,64.16666666666667,0.45541125541125543,0.8333333333333334,1.9444444444444444,0.42857142857142855,0.2777777777777778,0.16666666666666666,97.38888888888889,38.44444444444444,2.7222222222222223,0.6938775510204082,0.3333333333333333,0.38188976377952755,0.4,0.4035714285714286,180.34,187.96,1970-08-24,0.0
Jared Gordon,18,9,9,0.5,61.0,115.94444444444444,0.5261140392908481,1.3888888888888888,3.9444444444444446,0.352112676056338,0.0,0.16666666666666666,212.83333333333334,46.833333333333336,2.5,0.4444444444444444,0.0,0.35309278350515466,0.2,0.40714285714285714,175.26,172.72,1988-09-06,0.0
Gray Maynard,18,11,7,0.6111111111111112,22.333333333333332,70.38888888888889,0.31728492501973166,2.5,4.777777777777778,0.5232558139534884,0.5555555555555556,0.16666666666666666,226.66666666666666,32.27777777777778,2.888888888888889,0.13461538461538458,0.3333333333333333,0.44086021505376344,0.4,0.4200913242009132,175.26,177.8,1979-05-09,0.0
Michal Oleksiejczuk,18,10,8,0.5555555555555556,34.333333333333336,65.83333333333333,0.5215189873417722,0.3333333333333333,0.8888888888888888,0.375,0.0,0.05555555555555555,38.333333333333336,27.11111111111111,1.8888888888888888,0.8235294117647058,0.6666666666666666,0.5773195876288659,0.6,0.5647773279352226,182.88,187.96,1995-02-22,1.0
Valentina Shevchenko,18,15,3,0.8333333333333334,56.666666666666664,106.16666666666667,0.533751962323391,3.3333333333333335,5.388888888888889,0.6185567010309279,0.3333333333333333,0.05555555555555555,350.6666666666667,35.666666666666664,2.9444444444444446,-0.13207547169811318,1.0,0.531986531986532,0.8,0.5542168674698795,165.1,167.64,1988-03-07,1.0
Joshua Burkman,18,6,12,0.3333333333333333,27.833333333333332,62.05555555555556,0.4485228290062668,1.8888888888888888,5.0,0.37777777777777777,0.2222222222222222,0.05555555555555555,170.05555555555554,32.166666666666664,2.6666666666666665,0.29166666666666663,0.0,0.5,0.0,0.403921568627451,177.8,182.88,1980-04-10,0.0
David Abbott,18,8,10,0.4444444444444444,8.666666666666666,19.5,0.4444444444444444,0.5555555555555556,0.8888888888888888,0.625,0.2222222222222222,0.05555555555555555,6.833333333333333,11.61111111111111,0.7777777777777778,0.2857142857142857,0.0,0.3870967741935484,0.2,0.4105263157894737,182.88,,,0.0
Alonzo Menifield,18,12,6,0.6666666666666666,32.166666666666664,63.94444444444444,0.5030408340573415,0.3333333333333333,1.0555555555555556,0.3157894736842105,0.1111111111111111,0.05555555555555555,113.0,34.44444444444444,2.5555555555555554,0.8695652173913043,0.6666666666666666,0.416289592760181,0.8,0.4581497797356828,182.88,193.04,1987-10-18,0.0
Matt Wiman,18,10,8,0.5555555555555556,30.944444444444443,61.77777777777778,0.5008992805755396,1.3888888888888888,3.6666666666666665,0.3787878787878788,1.0,0.3333333333333333,201.33333333333334,34.833333333333336,2.2777777777777777,0.3902439024390244,0.0,0.5151515151515151,0.2,0.5357142857142857,177.8,172.72,1983-09-19,0.0
Li Jingliang,18,11,7,0.6111111111111112,47.0,110.77777777777777,0.4242728184553661,0.8333333333333334,2.0,0.4166666666666667,0.0,0.1111111111111111,51.333333333333336,41.55555555555556,2.388888888888889,0.6511627906976745,0.3333333333333333,0.42091152815013405,0.4,0.419811320754717,182.88,180.34,1988-03-20,0.0
Jon Fitch,17,14,3,0.8235294117647058,34.294117647058826,67.82352941176471,0.5056374674761491,3.176470588235294,5.588235294117647,0.5684210526315789,0.8235294117647058,0.058823529411764705,415.47058823529414,21.11764705882353,3.2941176470588234,0.0357142857142857,0.3333333333333333,0.5945945945945946,0.6,0.6038338658146964,182.88,187.96,1978-02-24,0.0
Ricardo Lamas,17,11,6,0.6470588235294118,35.294117647058826,71.23529411764706,0.495458298926507,1.2352941176470589,4.0,0.3088235294117647,0.5882352941176471,0.4117647058823529,141.47058823529412,32.35294117647059,1.8235294117647058,0.32258064516129037,0.6666666666666666,0.6038961038961039,0.4,0.5823095823095823,172.72,180.34,1982-05-21,0.0
Khalil Rountree Jr.,17,10,7,0.5882352941176471,36.94117647058823,87.82352941176471,0.420629604822505,0.0,0.0,0.0,0.0,0.0,11.235294117647058,40.11764705882353,1.8235294117647058,1.0,0.3333333333333333,0.4320754716981132,0.6,0.44610778443113774,185.42,193.04,1990-02-26,1.0
Thiago Tavares,17,10,7,0.5882352941176471,16.11764705882353,39.64705882352941,0.4065281899109792,2.411764705882353,5.411764705882353,0.44565217391304346,0.8823529411764706,0.29411764705882354,217.7058823529412,18.11764705882353,1.2941176470588236,-0.8636363636363635,0.3333333333333333,0.4056603773584906,0.6,0.4594594594594595,170.18,177.8,1984-11-08,0.0
Amanda Lemos,17,9,8,0.5294117647058824,30.823529411764707,55.11764705882353,0.5592315901814301,0.6470588235294118,1.1176470588235294,0.5789473684210527,0.5294117647058824,0.29411764705882354,101.94117647058823,34.588235294117645,3.764705882352941,0.828125,0.0,0.587378640776699,0.2,0.6,162.56,165.1,1987-05-22,1.0
John Dodson,17,10,7,0.5882352941176471,43.64705882352941,107.17647058823529,0.407244785949506,0.6470588235294118,2.235294117647059,0.2894736842105263,0.0,0.0,40.470588235294116,48.705882352941174,5.294117647058823,0.8777777777777778,0.3333333333333333,0.401673640167364,0.4,0.39444444444444443,160.02,167.64,1984-09-26,0.0
Devin Clark,17,8,9,0.47058823529411764,34.588235294117645,63.8235294117647,0.5419354838709678,1.6470588235294117,5.0,0.32941176470588235,0.058823529411764705,0.058823529411764705,210.76470588235293,36.94117647058823,2.0,0.17647058823529416,0.3333333333333333,0.5019607843137255,0.4,0.4971751412429379,182.88,190.5,1990-04-12,0.0
Dong Hyun Kim,17,13,4,0.7647058823529411,23.823529411764707,48.8235294117647,0.4879518072289157,2.176470588235294,4.882352941176471,0.4457831325301205,0.35294117647058826,0.11764705882352941,324.1764705882353,20.764705882352942,2.823529411764706,0.22916666666666663,0.6666666666666666,0.3609467455621302,0.6,0.42857142857142855,187.96,193.04,1981-11-17,1.0
Katlyn Cerminara,17,11,6,0.6470588235294118,64.94117647058823,185.8235294117647,0.34947768281101615,0.29411764705882354,1.8823529411764706,0.15625,0.29411764705882354,0.0,67.05882352941177,63.529411764705884,3.0588235294117645,0.9038461538461539,0.3333333333333333,0.3106060606060606,0.6,0.35783879539415414,,,,
Dennis Bermudez,17,10,7,0.5882352941176471,51.1764705882353,110.6470588235294,0.4625199362041467,3.0,7.470588235294118,0.4015748031496063,0.8235294117647058,0.17647058823529413,252.47058823529412,35.588235294117645,3.411764705882353,0.12068965517241381,0.3333333333333333,0.48148148148148145,0.2,0.4744408945686901,167.64,167.64,1986-12-13,0.0
Elizeu Zaleski dos Santos,17,11,6,0.6470588235294118,46.64705882352941,112.88235294117646,0.4132360604481501,0.6470588235294118,3.0588235294117645,0.21153846153846154,0.29411764705882354,0.11764705882352941,101.23529411764706,38.529411764705884,3.588235294117647,0.819672131147541,0.3333333333333333,0.38095238095238093,0.4,0.3682539682539683,180.34,185.42,1986-12-11,0.0
Kenny Florian,17,12,5,0.7058823529411765,26.705882352941178,66.76470588235294,0.4,1.5294117647058822,4.764705882352941,0.32098765432098764,0.7647058823529411,0.058823529411764705,157.76470588235293,20.352941176470587,3.176470588235294,0.5185185185185186,0.3333333333333333,0.31788079470198677,0.6,0.29858657243816256,177.8,187.96,1976-05-26,1.0
Charles Jourdain,17,9,8,0.5294117647058824,64.0,126.3529411764706,0.5065176908752328,0.29411764705882354,1.411764705882353,0.20833333333333334,0.29411764705882354,0.058823529411764705,70.17647058823529,48.88235294117647,3.6470588235294117,0.9193548387096774,0.6666666666666666,0.6058394160583942,0.6,0.5801526717557252,175.26,175.26,1995-11-27,0.0
Merab Dvalishvili,17,14,3,0.8235294117647058,77.76470588235294,187.11764705882354,0.415592580949387,7.0,19.88235294117647,0.3520710059171598,0.4117647058823529,0.058823529411764705,379.11764705882354,49.294117647058826,2.9411764705882355,-1.38,0.6666666666666666,0.3931847968545216,0.8,0.4156829679595278,167.64,172.72,1991-01-10,0.0
Ryan Spann,17,10,7,0.5882352941176471,18.647058823529413,47.294117647058826,0.39427860696517414,0.47058823529411764,1.411764705882353,0.3333333333333333,0.6470588235294118,0.17647058823529413,83.17647058823529,25.176470588235293,2.235294117647059,0.7894736842105263,0.6666666666666666,0.45,0.6,0.3655913978494624,195.58,200.66,1991-08-24,0.0
Josh Emmett,17,10,7,0.5882352941176471,45.588235294117645,127.47058823529412,0.35763728657129673,0.8823529411764706,2.411764705882353,0.36585365853658536,0.058823529411764705,0.058823529411764705,59.470588235294116,56.1764705882353,0.9411764705882353,0.0625,0.0,0.2838709677419355,0.2,0.28297872340425534,167.64,177.8,1985-03-04,0.0
Brian Kelleher,17,8,9,0.47058823529411764,26.0,62.8235294117647,0.41385767790262173,0.8823529411764706,2.1176470588235294,0.4166666666666667,0.35294117647058826,0.11764705882352941,120.76470588235294,36.11764705882353,2.3529411764705883,0.625,0.0,0.525,0.2,0.4411764705882353,167.64,167.64,1986-08-19,0.0
Colby Covington,17,12,5,0.7058823529411765,64.6470588235294,168.0,0.38480392156862747,4.117647058823529,9.647058823529411,0.4268292682926829,0.17647058823529413,0.058823529411764705,441.4117647058824,52.35294117647059,1.7058823529411764,-1.4137931034482758,0.3333333333333333,0.38802660753880264,0.4,0.4114285714285714,180.34,182.88,1988-02-22,0.0
Cory Sandhagen,17,11,6,0.6470588235294118,72.52941176470588,159.88235294117646,0.45364238410596025,1.1176470588235294,3.2941176470588234,0.3392857142857143,0.23529411764705882,0.23529411764705882,171.64705882352942,54.76470588235294,6.705882352941177,0.8333333333333334,0.3333333333333333,0.4988814317673378,0.4,0.4753623188405797,180.34,177.8,1992-04-20,0.0
Joanne Wood,17,9,8,0.5294117647058824,78.17647058823529,151.88235294117646,0.5147172734314485,1.1176470588235294,2.0,0.5588235294117647,0.23529411764705882,0.11764705882352941,123.52941176470588,53.8235294117647,2.0,0.4411764705882353,0.6666666666666666,0.5722433460076045,0.4,0.5486618004866181,167.64,165.1,1985-12-23,0.0
Aleksei Oleinik,17,9,8,0.5294117647058824,22.352941176470587,45.705882352941174,0.48906048906048905,0.8235294117647058,1.7647058823529411,0.4666666666666667,0.8823529411764706,0.23529411764705882,124.23529411764706,25.88235294117647,1.411764705882353,0.41666666666666663,0.3333333333333333,0.4460093896713615,0.2,0.44541484716157204,187.96,203.2,1977-06-20,0.0
Marvin Vettori,17,9,8,0.5294117647058824,82.23529411764706,178.23529411764707,0.4613861386138614,1.7058823529411764,3.823529411764706,0.4461538461538462,0.35294117647058826,0.11764705882352941,194.0,79.70588235294117,3.0588235294117645,0.4423076923076923,0.0,0.4673748103186646,0.2,0.48132427843803055,182.88,187.96,1993-09-20,1.0
Renan Barao,17,9,8,0.5294117647058824,54.23529411764706,147.52941176470588,0.36762360446570974,1.411764705882353,3.4705882352941178,0.4067796610169492,0.29411764705882354,0.0,130.52941176470588,56.294117647058826,2.3529411764705883,0.4,0.0,0.42136498516320475,0.0,0.42615384615384616,167.64,177.8,1987-01-31,0.0
Joaquin Buckley,17,11,6,0.6470588235294118,42.529411764705884,116.94117647058823,0.363682092555332,1.1176470588235294,2.4705882352941178,0.4523809523809524,0.058823529411764705,0.058823529411764705,77.23529411764706,36.411764705882355,3.3529411764705883,0.6666666666666667,0.3333333333333333,0.37575757575757573,0.6,0.4214162348877375,177.8,193.04,1994-04-27,1.0
Mackenzie Dern,17,12,5,0.7058823529411765,50.05882352941177,121.0,0.4137092853670394,1.0588235294117647,4.823529411764706,0.21951219512195122,1.0,0.47058823529411764,262.88235294117646,55.35294117647059,1.8823529411764706,0.4375,1.0,0.47191011235955055,0.8,0.43162393162393164,162.56,160.02,1993-03-24,0.0
Demetrious Johnson,17,15,2,0.8823529411764706,64.58823529411765,118.17647058823529,0.5465405674464908,4.352941176470588,7.705882352941177,0.5648854961832062,0.7058823529411765,0.11764705882352941,358.2352941176471,30.647058823529413,6.0,0.27450980392156865,0.6666666666666666,0.6309226932668329,0.8,0.6138211382113821,160.02,167.64,1986-08-13,0.0
Randa Markos,17,7,10,0.4117647058823529,36.8235294117647,84.0,0.438375350140056,0.8823529411764706,3.176470588235294,0.2777777777777778,0.17647058823529413,0.4117647058823529,187.64705882352942,37.88235294117647,3.3529411764705883,0.736842105263158,0.3333333333333333,0.5685279187817259,0.2,0.5412186379928315,162.56,160.02,1985-08-10,0.0
Ricky Simon,17,10,7,0.5882352941176471,36.470588235294116,85.82352941176471,0.4249485949280329,3.235294117647059,8.529411764705882,0.3793103448275862,0.23529411764705882,0.11764705882352941,219.2941176470588,48.470588235294116,3.0588235294117645,-0.05769230769230771,0.3333333333333333,0.3825503355704698,0.4,0.40240963855421685,167.64,175.26,1992-08-31,0.0
Cheick Kongo,17,11,6,0.6470588235294118,30.352941176470587,51.64705882352941,0.5876993166287016,1.411764705882353,2.1176470588235294,0.6666666666666666,0.17647058823529413,0.17647058823529413,190.1764705882353,12.470588235294118,3.3529411764705883,0.5789473684210527,0.3333333333333333,0.6351351351351351,0.6,0.4675925925925926,193.04,208.28,1975-05-17,0.0
Iuri Alcantara,17,10,7,0.5882352941176471,26.58823529411765,58.705882352941174,0.4529058116232465,0.9411764705882353,1.5294117647058822,0.6153846153846154,0.5294117647058824,0.058823529411764705,93.88235294117646,28.58823529411765,3.8823529411764706,0.7575757575757576,0.3333333333333333,0.41830065359477125,0.4,0.38671875,175.26,180.34,1980-08-04,1.0
Ben Rothwell,17,9,8,0.5294117647058824,40.05882352941177,92.47058823529412,0.43320610687022904,0.5294117647058824,1.6470588235294117,0.32142857142857145,0.35294117647058826,0.0,113.94117647058823,52.294117647058826,1.588235294117647,0.6666666666666667,0.3333333333333333,0.3922077922077922,0.6,0.4446308724832215,193.04,198.12,1981-10-17,0.0
Dustin Jacoby,17,10,7,0.5882352941176471,50.05882352941177,111.47058823529412,0.44907651715039576,0.11764705882352941,0.7058823529411765,0.16666666666666666,0.0,0.0,41.588235294117645,39.88235294117647,1.6470588235294117,0.9285714285714286,0.6666666666666666,0.48186528497409326,0.6,0.4721311475409836,190.5,193.04,1988-04-04,0.0
Evan Tanner,17,11,6,0.6470588235294118,22.823529411764707,38.05882352941177,0.5996908809891809,1.2352941176470589,2.7058823529411766,0.45652173913043476,0.8823529411764706,0.0,181.23529411764707,17.705882352941178,0.5294117647058824,-1.3333333333333335,0.3333333333333333,0.5185185185185185,0.2,0.42290748898678415,182.88,187.96,1971-02-11,0.0
Louis Smolka,17,8,9,0.47058823529411764,43.94117647058823,92.6470588235294,0.4742857142857143,1.0588235294117647,3.0,0.35294117647058826,1.1176470588235294,0.7647058823529411,159.64705882352942,38.64705882352941,3.4705882352941178,0.6949152542372881,0.3333333333333333,0.5331010452961672,0.4,0.5168539325842697,175.26,172.72,1991-07-16,0.0
Song Yadong,17,13,4,0.7647058823529411,55.23529411764706,124.23529411764706,0.4446022727272727,0.7058823529411765,1.7058823529411764,0.41379310344827586,0.23529411764705882,0.058823529411764705,100.76470588235294,47.88235294117647,3.2941176470588234,0.7857142857142857,0.6666666666666666,0.42011834319526625,0.6,0.464354527938343,172.72,170.18,1997-12-02,0.0
Krzysztof Jotko,17,11,6,0.6470588235294118,37.64705882352941,88.52941176470588,0.42524916943521596,1.1176470588235294,2.823529411764706,0.3958333333333333,0.058823529411764705,0.23529411764705882,172.2941176470588,28.176470588235293,4.9411764705882355,0.7738095238095238,0.6666666666666666,0.48444444444444446,0.6,0.3947858472998138,185.42,195.58,1989-08-19,1.0
Martin Kampmann,17,11,6,0.6470588235294118,29.058823529411764,68.58823529411765,0.4236706689536878,1.1176470588235294,2.7058823529411766,0.41304347826086957,1.2352941176470589,0.17647058823529413,159.76470588235293,29.647058823529413,3.823529411764706,0.7076923076923076,0.3333333333333333,0.36363636363636365,0.6,0.3350125944584383,182.88,182.88,1982-04-17,0.0
Spencer Fisher,17,9,8,0.5294117647058824,37.470588235294116,86.11764705882354,0.43510928961748635,0.5294117647058824,1.7647058823529411,0.3,0.5882352941176471,0.11764705882352941,89.0,35.8235294117647,5.647058823529412,0.90625,0.0,0.33544303797468356,0.2,0.4101633393829401,170.18,172.72,1976-05-09,1.0
Gunnar Nelson,16,10,6,0.625,18.25,29.8125,0.6121593291404612,1.375,2.625,0.5238095238095238,0.6875,0.125,219.125,31.625,1.1875,-0.1578947368421053,0.6666666666666666,0.7666666666666667,0.4,0.6805555555555556,180.34,182.88,1988-07-28,0.0
Cody Durden,16,7,9,0.4375,32.25,72.3125,0.445980985306828,2.5625,4.75,0.5394736842105263,0.375,0.1875,208.375,37.0,1.375,-0.8636363636363635,0.3333333333333333,0.42168674698795183,0.2,0.4059701492537313,170.18,170.18,1991-03-29,1.0
Jussier Formiga,16,9,7,0.5625,16.0625,40.5625,0.39599383667180277,1.375,3.875,0.3548387096774194,0.4375,0.0625,197.4375,26.4375,1.9375,0.29032258064516125,0.0,0.39669421487603307,0.4,0.44019138755980863,165.1,170.18,1985-04-14,0.0
Joe Stevenson,16,8,8,0.5,19.1875,45.6875,0.41997264021887826,1.9375,4.1875,0.4626865671641791,1.5,0.3125,196.375,27.0,2.4375,0.20512820512820518,0.0,0.32142857142857145,0.2,0.35714285714285715,170.18,177.8,1982-06-15,0.0
Eddie Wineland,16,6,10,0.375,32.9375,111.5,0.2954035874439462,0.1875,0.8125,0.23076923076923078,0.0,0.0,18.0,41.1875,2.8125,0.9333333333333333,0.0,0.3,0.2,0.33640552995391704,170.18,175.26,1984-06-26,0.0
Carla Esparza,16,10,6,0.625,30.75,77.9375,0.3945469125902165,3.0625,8.4375,0.362962962962963,0.25,0.3125,238.0,40.25,2.25,-0.36111111111111116,0.3333333333333333,0.2604166666666667,0.6,0.3543307086614173,154.94,160.02,1987-10-10,0.0
Marc-Andre Barriault,16,6,10,0.375,57.5625,123.625,0.46562184024266934,0.1875,0.8125,0.23076923076923078,0.0625,0.0625,61.625,63.0625,4.25,0.9558823529411765,0.3333333333333333,0.4304635761589404,0.2,0.4308176100628931,185.42,187.96,1990-02-18,0.0
Ilir Latifi,16,9,7,0.5625,19.125,42.3125,0.4519940915805022,1.3125,3.6875,0.3559322033898305,0.1875,0.0,168.125,27.25,0.4375,-2.0,0.6666666666666666,0.5950920245398773,0.4,0.5106382978723404,177.8,185.42,1982-07-28,0.0
Henry Cejudo,16,10,6,0.625,52.375,110.5625,0.47371396269078575,1.625,5.4375,0.2988505747126437,0.125,0.0,167.375,52.4375,2.9375,0.44680851063829785,0.0,0.47706422018348627,0.2,0.5273972602739726,162.56,162.56,1987-02-09,0.0
Michel Pereira,16,10,6,0.625,47.0,91.4375,0.5140123034859877,0.8125,1.5625,0.52,0.4375,0.0625,58.875,47.4375,3.375,0.7592592592592593,0.3333333333333333,0.45871559633027525,0.2,0.44874715261959,185.42,185.42,1993-10-06,0.0
Serghei Spivac,16,9,7,0.5625,29.4375,62.8125,0.46865671641791046,2.0,3.5,0.5714285714285714,0.25,0.125,155.9375,37.1875,1.0625,-0.8823529411764706,0.3333333333333333,0.41194029850746267,0.4,0.42391304347826086,190.5,198.12,1995-01-24,0.0
Charles Johnson,16,9,7,0.5625,58.375,117.8125,0.4954907161803713,0.375,2.5625,0.14634146341463414,0.375,0.125,44.9375,49.8125,8.125,0.9538461538461538,0.6666666666666666,0.49283667621776506,0.6,0.49230769230769234,175.26,177.8,1991-01-10,0.0
Volkan Oezdemir,16,9,7,0.5625,46.9375,97.0625,0.48358016741790083,0.3125,1.0625,0.29411764705882354,0.0625,0.0,62.8125,39.4375,4.0625,0.9230769230769231,0.6666666666666666,0.512280701754386,0.6,0.5194174757281553,187.96,190.5,1989-09-19,0.0
Jacare Souza,16,9,7,0.5625,27.8125,53.0625,0.5241460541813898,1.0,3.5625,0.2807017543859649,0.5,0.125,174.8125,33.625,1.0,0.0,0.0,0.4782608695652174,0.2,0.523936170212766,185.42,182.88,1979-12-07,0.0
Travis Browne,16,9,7,0.5625,23.625,55.5625,0.4251968503937008,0.5625,0.8125,0.6923076923076923,0.125,0.0,71.1875,33.125,1.625,0.6538461538461539,0.0,0.3563218390804598,0.2,0.373134328358209,198.12,200.66,1982-07-17,0.0
John Lineker,16,12,4,0.75,63.125,157.125,0.4017501988862371,0.4375,0.75,0.5833333333333334,0.5,0.0625,41.3125,50.3125,3.6875,0.8813559322033898,0.6666666666666666,0.4318181818181818,0.6,0.3880597014925373,160.02,170.18,1990-06-12,0.0
Davey Grant,16,9,7,0.5625,66.4375,146.0625,0.4548566538296962,0.75,1.9375,0.3870967741935484,0.125,0.125,85.875,48.0625,2.875,0.7391304347826086,0.6666666666666666,0.5118790496760259,0.6,0.4690082644628099,172.72,175.26,1985-12-18,0.0
Loopy Godinez,16,10,6,0.625,56.75,114.125,0.49726177437020813,2.8125,6.1875,0.45454545454545453,1.0625,0.125,235.1875,49.5625,3.0,0.0625,0.6666666666666666,0.538659793814433,0.4,0.49920508744038156,157.48,154.94,1993-09-06,0.0
Justin Gaethje,16,11,5,0.6875,79.4375,138.0,0.5756340579710145,0.25,0.9375,0.26666666666666666,0.0,0.0,49.8125,86.3125,1.875,0.8666666666666667,1.0,0.5293103448275862,0.8,0.5337278106508876,180.34,177.8,1988-11-14,0.0
Thiago Moises,16,8,8,0.5,27.0625,63.75,0.4245098039215686,1.0625,3.5625,0.2982456140350877,0.8125,0.0625,148.625,50.4375,2.5,0.575,0.3333333333333333,0.5147058823529411,0.4,0.5082508250825083,175.26,177.8,1995-03-23,0.0
Warlley Alves,16,8,8,0.5,30.3125,63.0625,0.48067393458870167,0.8125,1.625,0.5,0.5625,0.0625,131.75,39.3125,1.6875,0.5185185185185186,0.0,0.47474747474747475,0.2,0.5338983050847458,180.34,182.88,1991-01-04,0.0
Raoni Barcelos,16,11,5,0.6875,65.3125,124.875,0.5230230230230231,2.625,7.875,0.3333333333333333,0.875,0.0,206.5625,59.375,2.75,0.045454545454545414,0.6666666666666666,0.5133928571428571,0.8,0.5323624595469255,170.18,170.18,1987-05-01,0.0
Edmen Shahbazyan,16,10,6,0.625,34.625,70.25,0.4928825622775801,0.8125,2.25,0.3611111111111111,0.1875,0.0625,82.8125,32.25,3.5625,0.7719298245614035,0.6666666666666666,0.5176470588235295,0.8,0.48065173116089616,187.96,190.5,1997-11-20,0.0
Rafael Natal,16,9,7,0.5625,40.1875,84.1875,0.4773570898292502,1.9375,6.0625,0.31958762886597936,0.4375,0.0625,178.5,29.4375,1.8125,-0.06896551724137923,0.0,0.4550561797752809,0.4,0.4891304347826087,182.88,195.58,1982-12-25,0.0
Nasrat Haqparast,16,10,6,0.625,74.4375,163.8125,0.454406714994277,0.25,1.375,0.18181818181818182,0.0,0.0,25.875,73.8125,3.3125,0.9245283018867925,0.3333333333333333,0.47577092511013214,0.6,0.47309136420525655,177.8,182.88,1995-08-22,1.0
Mark Hunt,16,8,8,0.5,22.6875,56.125,0.4042316258351893,0.3125,0.5,0.625,0.0625,0.0625,49.5625,32.4375,4.0,0.921875,0.0,0.3277310924369748,0.2,0.4033898305084746,177.8,182.88,1974-03-23,0.0
Petr Yan,16,12,4,0.75,91.0,165.75,0.5490196078431373,2.0,4.0625,0.49230769230769234,0.125,0.1875,158.6875,74.8125,10.5625,0.8106508875739645,1.0,0.5992970123022847,0.8,0.5754189944134078,170.18,170.18,1993-02-11,0.0
Matt Schnell,16,7,9,0.4375,28.0625,71.3125,0.39351446099912357,0.3125,0.6875,0.45454545454545453,0.625,0.1875,32.0,28.625,1.375,0.7727272727272727,0.3333333333333333,0.5053763440860215,0.2,0.42913385826771655,172.72,177.8,1990-01-15,0.0
Marcus Davis,15,9,6,0.6,23.733333333333334,59.733333333333334,0.39732142857142855,0.9333333333333333,1.9333333333333333,0.4827586206896552,0.8,0.0,119.13333333333334,24.4,1.5333333333333334,0.3913043478260869,0.3333333333333333,0.2702702702702703,0.2,0.296398891966759,177.8,177.8,1973-08-24,1.0
Mark Munoz,15,9,6,0.6,26.266666666666666,52.13333333333333,0.5038363171355499,1.8666666666666667,6.2,0.3010752688172043,0.3333333333333333,0.2,171.46666666666667,20.466666666666665,2.466666666666667,0.2432432432432432,0.3333333333333333,0.4691358024691358,0.4,0.5752688172043011,182.88,180.34,1978-02-09,0.0
Mike Perry,15,7,8,0.4666666666666667,48.13333333333333,101.46666666666667,0.4743758212877792,0.6,1.4666666666666666,0.4090909090909091,0.13333333333333333,0.0,105.13333333333334,57.4,1.8666666666666667,0.6785714285714286,0.3333333333333333,0.4740566037735849,0.2,0.48111658456486045,177.8,180.34,1991-09-15,0.0
Roman Dolidze,15,9,6,0.6,38.6,92.86666666666666,0.41564967695620963,0.9333333333333333,2.1333333333333333,0.4375,0.6,0.13333333333333333,188.93333333333334,49.666666666666664,1.6666666666666667,0.43999999999999995,0.0,0.32413793103448274,0.4,0.4011627906976744,187.96,193.04,1988-07-15,0.0
Alex Perez,15,8,7,0.5333333333333333,29.733333333333334,65.0,0.4574358974358974,1.2666666666666666,2.6,0.48717948717948717,0.26666666666666666,0.0,140.66666666666666,23.8,2.466666666666667,0.4864864864864865,0.3333333333333333,0.41203703703703703,0.4,0.4340659340659341,167.64,165.1,1992-03-21,0.0
Yair Rodriguez,15,11,4,0.7333333333333333,65.46666666666667,139.6,0.4689589302769819,0.6666666666666666,2.2666666666666666,0.29411764705882354,0.6,0.2,71.53333333333333,53.4,4.6,0.855072463768116,0.3333333333333333,0.5205047318611987,0.6,0.5319148936170213,180.34,180.34,1992-10-06,0.0
Sean O'Malley,15,12,3,0.8,73.73333333333333,121.86666666666666,0.6050328227571116,0.2,0.4666666666666667,0.42857142857142855,0.2,0.06666666666666667,8.2,40.46666666666667,4.133333333333334,0.9516129032258065,0.6666666666666666,0.5217391304347826,0.6,0.5881481481481482,180.34,182.88,1994-10-24,0.0
Walt Harris,15,6,9,0.4,19.533333333333335,47.733333333333334,0.4092178770949721,0.06666666666666667,0.26666666666666666,0.25,0.06666666666666667,0.0,21.333333333333332,20.133333333333333,1.2666666666666666,0.9473684210526316,0.0,0.4383561643835616,0.4,0.4696132596685083,195.58,195.58,1983-06-10,1.0
Ricardo Ramos,15,8,7,0.5333333333333333,26.666666666666668,73.2,0.36429872495446264,1.5333333333333334,2.6666666666666665,0.575,0.6,0.0,78.26666666666667,36.4,1.8666666666666667,0.1785714285714286,0.3333333333333333,0.3051643192488263,0.2,0.301255230125523,175.26,182.88,1995-08-01,0.0
Matt Hamill,15,10,5,0.6666666666666666,38.06666666666667,89.73333333333333,0.42421991084695393,2.066666666666667,6.066666666666666,0.34065934065934067,0.0,0.0,144.0,39.266666666666666,0.8,-1.5833333333333335,0.3333333333333333,0.49303621169916434,0.4,0.43252595155709345,185.42,193.04,1976-10-05,0.0
Anthony Rocco Martin,15,9,6,0.6,34.06666666666667,91.6,0.37190684133915575,0.6,2.2,0.2727272727272727,0.8666666666666667,0.26666666666666666,193.93333333333334,32.93333333333333,3.2,0.8125,0.3333333333333333,0.31545741324921134,0.6,0.3153153153153153,182.88,185.42,1989-12-11,0.0
Daniel Rodriguez,15,10,5,0.6666666666666666,78.06666666666666,158.8,0.4916036943744752,0.13333333333333333,0.4666666666666667,0.2857142857142857,0.06666666666666667,0.06666666666666667,32.2,58.266666666666666,3.3333333333333335,0.96,0.6666666666666666,0.4528301886792453,0.6,0.46904761904761905,185.42,187.96,1986-12-31,1.0
Lauren Murphy,15,8,7,0.5333333333333333,57.6,149.66666666666666,0.3848552338530067,1.0666666666666667,4.333333333333333,0.24615384615384617,0.2,0.06666666666666667,153.13333333333333,75.8,3.2666666666666666,0.6734693877551021,0.3333333333333333,0.3858520900321543,0.4,0.38443670150987225,165.1,170.18,1983-07-27,0.0
Erick Silva,15,7,8,0.4666666666666667,17.666666666666668,36.266666666666666,0.48713235294117646,0.4,1.1333333333333333,0.35294117647058826,0.6666666666666666,0.06666666666666667,66.66666666666667,29.533333333333335,3.4,0.8823529411764706,0.3333333333333333,0.4409090909090909,0.2,0.4405144694533762,182.88,187.96,1984-06-21,0.0
Mike Swick,15,10,5,0.6666666666666666,19.133333333333333,53.46666666666667,0.35785536159601,0.5333333333333333,1.1333333333333333,0.47058823529411764,0.3333333333333333,0.06666666666666667,110.46666666666667,19.4,2.8,0.8095238095238095,0.3333333333333333,0.2865853658536585,0.2,0.2848297213622291,185.42,195.58,1979-06-19,0.0
Josh Neer,15,6,9,0.4,31.533333333333335,70.6,0.4466477809254013,0.6666666666666666,1.6,0.4166666666666667,0.8666666666666667,0.13333333333333333,130.66666666666666,36.266666666666666,4.266666666666667,0.84375,0.0,0.4385026737967914,0.4,0.4918032786885246,180.34,182.88,1983-03-24,0.0
Corey Anderson,15,10,5,0.6666666666666666,48.06666666666667,103.86666666666666,0.46277278562259305,3.533333333333333,7.066666666666666,0.5,0.0,0.0,267.53333333333336,24.066666666666666,0.8,-3.416666666666667,0.6666666666666666,0.39037433155080214,0.8,0.45905707196029777,190.5,200.66,1989-09-22,0.0
Stephan Bonnar,15,8,7,0.5333333333333333,30.6,77.0,0.3974025974025974,1.1333333333333333,2.7333333333333334,0.4146341463414634,0.8666666666666667,0.2,237.93333333333334,33.4,3.533333333333333,0.679245283018868,0.6666666666666666,0.467005076142132,0.6,0.4131455399061033,193.04,200.66,1977-04-04,0.0
Forrest Griffin,15,10,5,0.6666666666666666,53.06666666666667,145.8,0.3639689071787837,0.6666666666666666,1.5333333333333334,0.43478260869565216,0.5333333333333333,0.2,94.8,33.0,3.066666666666667,0.782608695652174,0.6666666666666666,0.31724137931034485,0.6,0.3089311859443631,190.5,195.58,1979-03-16,0.0
Calvin Kattar,15,7,8,0.4666666666666667,65.13333333333334,171.53333333333333,0.37971239797901285,0.3333333333333333,1.1333333333333333,0.29411764705882354,0.06666666666666667,0.06666666666666667,25.466666666666665,96.86666666666666,2.933333333333333,0.8863636363636364,0.0,0.2517482517482518,0.0,0.3004172461752434,180.34,182.88,1988-03-26,0.0
Brandon Vera,15,8,7,0.5333333333333333,32.266666666666666,57.13333333333333,0.5647607934655776,0.5333333333333333,1.0,0.5333333333333333,0.13333333333333333,0.0,105.06666666666666,28.6,3.0,0.8222222222222222,0.3333333333333333,0.6025641025641025,0.2,0.590443686006826,190.5,198.12,1977-10-10,0.0
Magomed Ankalaev,15,13,2,0.8666666666666667,43.53333333333333,81.2,0.5361247947454844,0.6,2.533333333333333,0.23684210526315788,0.2,0.13333333333333333,190.73333333333332,30.6,1.6,0.625,0.6666666666666666,0.5033112582781457,0.8,0.5189873417721519,190.5,190.5,1992-06-02,0.0
Tyron Woodley,15,9,6,0.6,31.133333333333333,65.66666666666667,0.47411167512690355,0.3333333333333333,1.0666666666666667,0.3125,0.06666666666666667,0.0,82.86666666666666,39.6,4.2,0.9206349206349207,0.0,0.42780748663101603,0.2,0.5394321766561514,175.26,187.96,1982-04-07,0.0
Joanna Jedrzejczyk,15,10,5,0.6666666666666666,116.93333333333334,242.93333333333334,0.4813391877058178,0.3333333333333333,0.5333333333333333,0.625,0.06666666666666667,0.0,84.13333333333334,60.46666666666667,9.066666666666666,0.9632352941176471,0.3333333333333333,0.548993288590604,0.4,0.4728682170542636,167.64,165.1,1987-08-18,0.0
Muslim Salikhov,15,9,6,0.6,31.266666666666666,63.8,0.49007314524555906,0.8,2.4,0.3333333333333333,0.0,0.0,38.0,30.2,1.9333333333333333,0.5862068965517242,0.3333333333333333,0.42342342342342343,0.6,0.4346153846153846,180.34,177.8,1984-06-09,0.0
Jessica Eye,15,5,10,0.3333333333333333,55.333333333333336,145.26666666666668,0.3809086737035337,0.6,1.4666666666666666,0.4090909090909091,0.4666666666666667,0.0,120.86666666666666,58.93333333333333,2.8,0.7857142857142857,0.0,0.41487279843444225,0.2,0.3850050658561297,167.64,167.64,1986-07-27,0.0
Chase Sherman,15,4,11,0.26666666666666666,64.6,142.06666666666666,0.45471609572970434,0.06666666666666667,0.13333333333333333,0.5,0.0,0.0,24.533333333333335,71.06666666666666,2.066666666666667,0.967741935483871,0.3333333333333333,0.45087719298245615,0.2,0.454855195911414,193.04,198.12,1989-11-16,0.0
Dominick Reyes,15,10,5,0.6666666666666666,39.2,73.06666666666666,0.5364963503649635,0.13333333333333333,0.4666666666666667,0.2857142857142857,0.13333333333333333,0.0,33.0,26.733333333333334,2.7333333333333334,0.9512195121951219,0.6666666666666666,0.46534653465346537,0.8,0.6351351351351351,193.04,195.58,1989-12-26,1.0
Jorge Rivera,15,8,7,0.5333333333333333,25.2,50.733333333333334,0.4967148488830486,0.4666666666666667,0.9333333333333333,0.5,0.06666666666666667,0.26666666666666666,155.46666666666667,18.666666666666668,2.8,0.8333333333333334,0.3333333333333333,0.2785714285714286,0.6,0.39296187683284456,185.42,185.42,1972-02-28,0.0
Jairzinho Rozenstruik,15,9,6,0.6,32.86666666666667,67.73333333333333,0.48523622047244097,0.0,0.06666666666666667,0.0,0.0,0.06666666666666667,2.8666666666666667,24.866666666666667,3.1333333333333333,1.0,0.6666666666666666,0.5176211453744494,0.6,0.5178197064989518,187.96,198.12,1988-03-17,0.0
Holly Holm,15,8,7,0.5333333333333333,51.86666666666667,129.06666666666666,0.4018595041322314,1.0,3.2666666666666666,0.30612244897959184,0.06666666666666667,0.0,235.26666666666668,48.666666666666664,2.533333333333333,0.6052631578947368,0.3333333333333333,0.5603448275862069,0.6,0.5277310924369748,172.72,175.26,1981-10-17,1.0
Michelle Waterson-Gomez,15,6,9,0.4,52.0,113.53333333333333,0.4580152671755725,1.2666666666666666,4.2,0.30158730158730157,0.5333333333333333,0.06666666666666667,159.13333333333333,66.06666666666666,2.466666666666667,0.4864864864864865,0.0,0.3492647058823529,0.0,0.3977485928705441,160.02,157.48,1986-01-06,0.0
Christos Giagos,15,6,9,0.4,26.066666666666666,61.733333333333334,0.4222462203023758,1.4666666666666666,4.4,0.3333333333333333,0.2,0.13333333333333333,140.13333333333333,27.266666666666666,1.5333333333333334,0.04347826086956519,0.0,0.4449760765550239,0.2,0.45217391304347826,177.8,180.34,1990-01-23,0.0
Mario Bautista,15,12,3,0.8,57.6,114.46666666666667,0.5032032615026208,1.7333333333333334,4.466666666666667,0.3880597014925373,0.7333333333333333,0.06666666666666667,143.8,43.46666666666667,3.7333333333333334,0.5357142857142857,0.6666666666666666,0.5601503759398496,0.8,0.5225352112676056,175.26,175.26,1993-07-01,0.0
Cezar Ferreira,15,9,6,0.6,19.8,46.2,0.42857142857142855,1.8666666666666667,3.466666666666667,0.5384615384615384,0.3333333333333333,0.0,198.0,25.4,1.7333333333333334,-0.07692307692307687,0.3333333333333333,0.4697986577181208,0.4,0.47761194029850745,185.42,198.12,1985-02-15,1.0
Alexa Grasso,15,10,5,0.6666666666666666,61.13333333333333,148.86666666666667,0.4106583072100313,0.3333333333333333,1.0,0.3333333333333333,0.6,0.2,78.2,54.86666666666667,4.4,0.9242424242424242,0.6666666666666666,0.3672922252010724,0.6,0.327217125382263,165.1,167.64,1993-08-09,0.0
Kennedy Nzechukwu,15,8,7,0.5333333333333333,40.2,81.06666666666666,0.49588815789473684,0.3333333333333333,0.7333333333333333,0.45454545454545453,0.13333333333333333,0.0,81.6,38.53333333333333,4.333333333333333,0.9230769230769231,0.3333333333333333,0.4155844155844156,0.4,0.4713216957605985,195.58,210.82,1992-06-13,1.0
Marc Diakiese,15,8,7,0.5333333333333333,30.866666666666667,76.4,0.4040139616055846,2.6666666666666665,6.066666666666666,0.43956043956043955,0.0,0.2,234.46666666666667,32.0,2.2,-0.21212121212121215,0.3333333333333333,0.4292682926829268,0.6,0.4591439688715953,177.8,185.42,1993-03-16,0.0
Johnny Walker,15,8,7,0.5333333333333333,25.8,48.733333333333334,0.5294117647058824,0.13333333333333333,0.3333333333333333,0.4,0.2,0.2,33.0,20.2,1.1333333333333333,0.8823529411764706,0.3333333333333333,0.5944444444444444,0.4,0.5033860045146726,198.12,208.28,1992-03-30,0.0
Cain Velasquez,15,12,3,0.8,47.93333333333333,83.26666666666667,0.5756605284227382,2.2666666666666666,5.4,0.41975308641975306,0.2,0.0,268.1333333333333,17.733333333333334,0.8,-1.8333333333333335,0.3333333333333333,0.5537848605577689,0.6,0.5833333333333334,185.42,195.58,1982-07-28,0.0
Arnold Allen,15,12,3,0.8,51.0,115.93333333333334,0.4399079930994825,1.2,2.0,0.6,0.26666666666666666,0.0,128.2,45.6,5.2,0.7692307692307692,0.6666666666666666,0.5512820512820513,0.4,0.46357615894039733,172.72,177.8,1994-01-22,1.0
Ketlen Vieira,15,10,5,0.6666666666666666,41.4,103.06666666666666,0.4016817593790427,1.3333333333333333,3.1333333333333333,0.425531914893617,0.5333333333333333,0.0,290.06666666666666,57.0,2.6666666666666665,0.5,0.6666666666666666,0.3472803347280335,0.6,0.3663663663663664,172.72,172.72,1991-08-26,0.0
Jonathan Martinez,15,10,5,0.6666666666666666,59.13333333333333,119.26666666666667,0.4958077138065959,0.3333333333333333,0.9333333333333333,0.35714285714285715,0.06666666666666667,0.13333333333333333,112.33333333333333,54.46666666666667,2.533333333333333,0.868421052631579,0.3333333333333333,0.4788732394366197,0.6,0.5351473922902494,172.72,177.8,1994-04-20,1.0
Jalin Turner,15,9,6,0.6,34.666666666666664,71.4,0.48552754435107376,0.26666666666666666,0.5333333333333333,0.5,0.4666666666666667,0.06666666666666667,54.46666666666667,27.533333333333335,3.2,0.9166666666666666,0.6666666666666666,0.55,0.6,0.52,190.5,195.58,1995-05-18,1.0
Gabriel Benitez,15,7,8,0.4666666666666667,48.733333333333334,116.93333333333334,0.4167616875712657,0.13333333333333333,0.26666666666666666,0.5,0.5333333333333333,0.13333333333333333,22.333333333333332,41.666666666666664,3.466666666666667,0.9615384615384616,0.3333333333333333,0.44320297951582865,0.2,0.458950201884253,172.72,180.34,1988-06-15,1.0
Al Iaquinta,15,9,6,0.6,51.6,127.26666666666667,0.40544787847040337,0.5333333333333333,2.8666666666666667,0.18604651162790697,0.2,0.0,45.53333333333333,57.53333333333333,3.6,0.8518518518518519,0.0,0.3712737127371274,0.2,0.3915989159891599,177.8,177.8,1987-04-30,0.0
Conor McGregor,15,10,5,0.6666666666666666,39.93333333333333,80.66666666666667,0.49504132231404957,0.3333333333333333,0.6,0.5555555555555556,0.06666666666666667,0.06666666666666667,55.4,35.733333333333334,2.2,0.8484848484848485,0.0,0.509090909090909,0.2,0.5806451612903226,175.26,187.96,1988-07-14,1.0
Paul Felder,15,9,6,0.6,50.86666666666667,114.0,0.4461988304093567,0.26666666666666666,0.9333333333333333,0.2857142857142857,0.2,0.0,102.13333333333334,47.266666666666666,4.933333333333334,0.9459459459459459,0.3333333333333333,0.45993031358885017,0.4,0.4612546125461255,180.34,177.8,1984-04-25,0.0
Nathaniel Wood,15,11,4,0.7333333333333333,73.13333333333334,145.13333333333333,0.5039044556729444,1.1333333333333333,2.3333333333333335,0.4857142857142857,0.4,0.13333333333333333,113.46666666666667,57.06666666666667,4.266666666666667,0.734375,0.6666666666666666,0.4409090909090909,0.8,0.50920245398773,167.64,175.26,1993-05-08,0.0
Alan Belcher,15,9,6,0.6,24.8,59.266666666666666,0.4184476940382452,0.26666666666666666,1.0,0.26666666666666666,0.5333333333333333,0.13333333333333333,105.33333333333333,28.466666666666665,3.2666666666666666,0.9183673469387755,0.3333333333333333,0.2558139534883721,0.6,0.35081967213114756,187.96,190.5,1984-04-24,0.0
Cortney Casey,15,6,9,0.4,54.4,139.0,0.39136690647482014,0.3333333333333333,1.0666666666666667,0.3125,0.4,0.13333333333333333,44.06666666666667,50.733333333333334,3.2,0.8958333333333334,0.3333333333333333,0.4068965517241379,0.4,0.40836653386454186,170.18,170.18,1987-05-05,0.0
Molly McCann,14,7,7,0.5,53.92857142857143,108.14285714285714,0.4986789960369881,1.2142857142857142,3.2857142857142856,0.3695652173913043,0.35714285714285715,0.07142857142857142,75.5,47.42857142857143,2.4285714285714284,0.5,0.3333333333333333,0.49404761904761907,0.2,0.4873096446700508,162.56,157.48,1990-05-04,0.0
Manvel Gamburyan,14,6,8,0.42857142857142855,19.142857142857142,47.357142857142854,0.4042232277526395,1.9285714285714286,6.357142857142857,0.30337078651685395,0.5714285714285714,0.07142857142857142,146.21428571428572,28.357142857142858,2.4285714285714284,0.20588235294117652,0.3333333333333333,0.45454545454545453,0.4,0.4177777777777778,165.1,170.18,1981-05-08,0.0
Trevin Giles,14,7,7,0.5,34.785714285714285,63.92857142857143,0.5441340782122905,0.7857142857142857,1.5714285714285714,0.5,0.21428571428571427,0.2857142857142857,119.0,26.214285714285715,3.0714285714285716,0.7441860465116279,0.0,0.5567567567567567,0.4,0.5398230088495575,182.88,187.96,1992-08-06,0.0
John Howard,14,7,7,0.5,26.357142857142858,51.92857142857143,0.5075653370013755,2.2142857142857144,4.5,0.49206349206349204,0.35714285714285715,0.21428571428571427,193.78571428571428,37.785714285714285,3.857142857142857,0.42592592592592593,0.3333333333333333,0.4968152866242038,0.2,0.5615942028985508,170.18,182.88,1983-03-01,0.0
Grant Dawson,14,12,2,0.8571428571428571,36.0,71.5,0.5034965034965035,2.7142857142857144,6.714285714285714,0.40425531914893614,1.0,0.0,437.14285714285717,24.714285714285715,0.7142857142857143,-2.8,0.6666666666666666,0.4647887323943662,0.8,0.5067024128686327,177.8,182.88,1994-02-20,0.0
Yan Xiaonan,14,9,5,0.6428571428571429,66.78571428571429,149.21428571428572,0.4475825753949258,0.7857142857142857,1.0714285714285714,0.7333333333333333,0.0,0.14285714285714285,67.92857142857143,46.357142857142854,4.071428571428571,0.8070175438596492,0.3333333333333333,0.4318181818181818,0.4,0.4753246753246753,165.1,160.02,1989-06-16,0.0
Cody Stamann,14,7,7,0.5,52.5,113.5,0.46255506607929514,1.5,4.142857142857143,0.3620689655172414,0.0,0.07142857142857142,121.78571428571429,48.07142857142857,4.214285714285714,0.6440677966101696,0.0,0.4,0.4,0.47232472324723246,167.64,162.56,1989-11-09,0.0
Benson Henderson,14,11,3,0.7857142857142857,59.0,128.64285714285714,0.4586340921710161,2.2857142857142856,4.642857142857143,0.49230769230769234,0.7142857142857143,0.07142857142857142,278.42857142857144,34.642857142857146,5.785714285714286,0.6049382716049383,0.6666666666666666,0.5032967032967033,0.6,0.48007246376811596,175.26,177.8,1983-11-16,1.0
Francis Ngannou,14,12,2,0.8571428571428571,16.357142857142858,39.642857142857146,0.4126126126126126,0.35714285714285715,0.5714285714285714,0.625,0.14285714285714285,0.07142857142857142,50.214285714285715,15.142857142857142,2.7857142857142856,0.8717948717948718,1.0,0.4913294797687861,1.0,0.49504950495049505,193.04,210.82,1986-09-05,0.0
Ariane da Silva,14,6,8,0.42857142857142855,46.42857142857143,112.85714285714286,0.41139240506329117,0.35714285714285715,0.9285714285714286,0.38461538461538464,0.21428571428571427,0.07142857142857142,95.71428571428571,50.357142857142854,3.5714285714285716,0.9,0.0,0.42120343839541546,0.4,0.4432,,,,
Chris Gutierrez,14,10,4,0.7142857142857143,59.214285714285715,103.28571428571429,0.5733056708160442,0.21428571428571427,0.8571428571428571,0.25,0.0,0.14285714285714285,33.92857142857143,35.92857142857143,3.0714285714285716,0.9302325581395349,0.6666666666666666,0.5461847389558233,0.6,0.5634517766497462,175.26,170.18,1991-04-22,0.0
Matt Mitrione,14,9,5,0.6428571428571429,22.357142857142858,44.642857142857146,0.5008,0.0,0.14285714285714285,0.0,0.2857142857142857,0.0,27.571428571428573,17.571428571428573,2.0714285714285716,1.0,0.3333333333333333,0.47,0.6,0.4508670520231214,190.5,208.28,1978-07-15,0.0
Macy Chiasson,14,8,6,0.5714285714285714,35.0,76.0,0.4605263157894737,1.3571428571428572,3.7857142857142856,0.3584905660377358,0.2857142857142857,0.42857142857142855,223.5,30.071428571428573,2.2857142857142856,0.40625,0.0,0.45652173913043476,0.4,0.4946236559139785,180.34,182.88,1991-07-27,0.0
Brad Pickett,14,5,9,0.35714285714285715,33.214285714285715,102.5,0.3240418118466899,1.5,3.7142857142857144,0.40384615384615385,0.14285714285714285,0.14285714285714285,140.5,52.0,2.7142857142857144,0.4473684210526315,0.0,0.3867403314917127,0.2,0.34584450402144773,167.64,172.72,1978-09-24,0.0
Chad Mendes,14,9,5,0.6428571428571429,27.214285714285715,54.142857142857146,0.5026385224274407,1.9285714285714286,4.0,0.48214285714285715,0.14285714285714285,0.0,127.42857142857143,23.714285714285715,1.0,-0.9285714285714286,0.3333333333333333,0.5263157894736842,0.4,0.6171428571428571,167.64,167.64,1985-05-01,0.0
Tyson Griffin,14,8,6,0.5714285714285714,43.714285714285715,103.92857142857143,0.42061855670103093,1.4285714285714286,3.142857142857143,0.45454545454545453,0.7142857142857143,0.07142857142857142,151.07142857142858,27.571428571428573,6.0,0.7619047619047619,0.3333333333333333,0.5048543689320388,0.2,0.4586206896551724,167.64,172.72,1984-04-20,0.0
Jason MacDonald,14,6,8,0.42857142857142855,9.285714285714286,17.571428571428573,0.5284552845528455,0.5714285714285714,3.5,0.16326530612244897,0.7857142857142857,0.2857142857142857,133.42857142857142,16.142857142857142,1.2142857142857142,0.5294117647058824,0.3333333333333333,0.1875,0.2,0.375,190.5,203.2,1975-06-03,0.0
Drakkar Klose,14,10,4,0.7142857142857143,46.92857142857143,85.42857142857143,0.5493311036789298,1.0714285714285714,4.0,0.26785714285714285,0.0,0.14285714285714285,153.64285714285714,43.42857142857143,3.357142857142857,0.6808510638297872,0.3333333333333333,0.5172413793103449,0.6,0.5444444444444444,175.26,177.8,1988-03-09,0.0
Geoff Neal,14,8,6,0.5714285714285714,49.07142857142857,96.71428571428571,0.5073855243722304,0.35714285714285715,0.7857142857142857,0.45454545454545453,0.07142857142857142,0.0,85.35714285714286,54.57142857142857,2.0714285714285716,0.8275862068965517,0.3333333333333333,0.5168539325842697,0.2,0.4984520123839009,180.34,190.5,1990-08-28,1.0
Danny Castillo,14,7,7,0.5,33.642857142857146,77.5,0.43410138248847924,2.2142857142857144,6.357142857142857,0.34831460674157305,0.21428571428571427,0.21428571428571427,278.7857142857143,26.357142857142858,2.357142857142857,0.06060606060606055,0.0,0.4050179211469534,0.2,0.37530864197530867,175.26,180.34,1979-08-25,0.0
Priscila Cachoeira,14,5,9,0.35714285714285715,37.714285714285715,85.0,0.4436974789915966,0.21428571428571427,0.42857142857142855,0.5,0.0,0.14285714285714285,12.571428571428571,64.64285714285714,3.2857142857142856,0.9347826086956522,0.0,0.4397163120567376,0.2,0.4534313725490196,170.18,165.1,1988-08-19,0.0
Chael Sonnen,14,7,7,0.5,29.285714285714285,64.28571428571429,0.45555555555555555,2.642857142857143,4.928571428571429,0.5362318840579711,0.2857142857142857,0.07142857142857142,423.85714285714283,13.428571428571429,1.8571428571428572,-0.42307692307692313,0.3333333333333333,0.3684210526315789,0.4,0.4444444444444444,185.42,185.42,1977-04-03,1.0
Takeya Mizugaki,14,8,6,0.5714285714285714,43.785714285714285,109.35714285714286,0.40039190071848463,1.1428571428571428,2.2857142857142856,0.5,0.07142857142857142,0.0,184.07142857142858,36.92857142857143,4.071428571428571,0.7192982456140351,0.3333333333333333,0.41626794258373206,0.2,0.39080459770114945,170.18,175.26,1983-12-16,0.0
Irene Aldana,14,8,6,0.5714285714285714,76.07142857142857,190.5,0.39932508436445446,0.14285714285714285,0.2857142857142857,0.5,0.21428571428571427,0.21428571428571427,19.285714285714285,97.35714285714286,5.142857142857143,0.9722222222222222,0.3333333333333333,0.4022082018927445,0.6,0.4267185473411154,175.26,172.72,1988-03-26,0.0
Jake Collier,14,5,9,0.35714285714285715,61.57142857142857,139.07142857142858,0.44273240883410375,0.5,1.5,0.3333333333333333,0.42857142857142855,0.14285714285714285,97.21428571428571,53.857142857142854,2.4285714285714284,0.7941176470588236,0.0,0.47540983606557374,0.2,0.47586206896551725,190.5,198.12,1988-10-25,0.0
Montel Jackson,14,10,4,0.7142857142857143,31.714285714285715,58.857142857142854,0.5388349514563107,1.7857142857142858,3.0,0.5952380952380952,0.2857142857142857,0.14285714285714285,188.14285714285714,14.928571428571429,6.714285714285714,0.7340425531914894,0.3333333333333333,0.5,0.6,0.49242424242424243,177.8,190.5,1992-04-24,1.0
Danny Roberts,14,7,7,0.5,28.928571428571427,73.14285714285714,0.3955078125,0.14285714285714285,1.5,0.09523809523809523,0.14285714285714285,0.21428571428571427,82.14285714285714,33.857142857142854,2.857142857142857,0.95,0.0,0.2992957746478873,0.4,0.3553530751708428,185.42,187.96,1987-07-14,1.0
Mike Pierce,14,9,5,0.6428571428571429,31.571428571428573,74.5,0.42377756471716205,2.2142857142857144,5.357142857142857,0.41333333333333333,0.21428571428571427,0.0,337.2857142857143,29.285714285714285,1.8571428571428572,-0.1923076923076923,0.3333333333333333,0.35260115606936415,0.6,0.359504132231405,172.72,180.34,1980-09-01,0.0
John Moraga,14,8,6,0.5714285714285714,30.928571428571427,71.07142857142857,0.43517587939698493,0.5,2.142857142857143,0.23333333333333334,0.8571428571428571,0.21428571428571427,104.71428571428571,30.642857142857142,4.642857142857143,0.8923076923076922,0.6666666666666666,0.5190839694656488,0.6,0.46449704142011833,167.64,167.64,1984-03-20,0.0
Alessio Sakara,14,6,8,0.42857142857142855,18.071428571428573,39.0,0.4633699633699634,0.7857142857142857,1.0,0.7857142857142857,0.0,0.14285714285714285,69.78571428571429,15.0,2.5,0.6857142857142857,0.0,0.68,0.2,0.52,182.88,182.88,1981-09-02,0.0
Chase Hooper,14,9,5,0.6428571428571429,36.07142857142857,75.78571428571429,0.4759660697455231,1.5714285714285714,4.571428571428571,0.34375,1.1428571428571428,0.5714285714285714,178.57142857142858,25.5,1.2857142857142858,-0.22222222222222232,0.3333333333333333,0.2809917355371901,0.6,0.34444444444444444,185.42,187.96,1999-09-13,1.0
Andrea Lee,14,5,9,0.35714285714285715,66.0,145.14285714285714,0.4547244094488189,1.5714285714285714,3.0,0.5238095238095238,0.5714285714285714,0.2857142857142857,130.5,55.857142857142854,4.642857142857143,0.6615384615384615,0.0,0.3822843822843823,0.0,0.3744292237442922,167.64,175.26,1989-02-11,0.0
Makwan Amirkhani,14,7,7,0.5,12.214285714285714,27.642857142857142,0.4418604651162791,2.4285714285714284,5.642857142857143,0.43037974683544306,0.6428571428571429,0.2857142857142857,191.21428571428572,27.428571428571427,1.0,-1.4285714285714284,0.3333333333333333,0.44680851063829785,0.2,0.4411764705882353,177.8,182.88,1988-11-08,1.0
Modestas Bukauskas,14,9,5,0.6428571428571429,30.928571428571427,71.5,0.4325674325674326,0.14285714285714285,0.21428571428571427,0.6666666666666666,0.07142857142857142,0.0,68.28571428571429,38.857142857142854,2.5714285714285716,0.9444444444444444,0.6666666666666666,0.4188034188034188,0.8,0.4530386740331492,190.5,198.12,1994-02-10,0.0
Terrance McKinney,14,8,6,0.5714285714285714,19.571428571428573,35.07142857142857,0.5580448065173116,0.5,1.0714285714285714,0.4666666666666667,0.35714285714285715,0.07142857142857142,66.64285714285714,11.714285714285714,0.7857142857142857,0.36363636363636365,0.3333333333333333,0.5426829268292683,0.6,0.6127659574468085,177.8,185.42,1994-09-15,0.0
Michel Prazeres,14,10,4,0.7142857142857143,29.071428571428573,61.642857142857146,0.4716106604866744,3.2142857142857144,8.928571428571429,0.36,0.5,0.14285714285714285,239.78571428571428,30.714285714285715,1.6428571428571428,-0.9565217391304348,0.3333333333333333,0.5416666666666666,0.6,0.4772727272727273,167.64,170.18,1981-07-25,0.0
Omari Akhmedov,14,9,5,0.6428571428571429,34.57142857142857,98.71428571428571,0.35021707670043417,2.2142857142857144,4.714285714285714,0.4696969696969697,0.21428571428571427,0.0,159.78571428571428,31.857142857142858,3.0714285714285716,0.2790697674418605,0.3333333333333333,0.3593220338983051,0.6,0.3475836431226766,182.88,185.42,1987-10-12,0.0
Miesha Tate,14,7,7,0.5,44.142857142857146,95.92857142857143,0.46016381236038717,1.3571428571428572,5.357142857142857,0.25333333333333335,0.8571428571428571,0.14285714285714285,273.92857142857144,46.42857142857143,3.2857142857142856,0.5869565217391304,0.3333333333333333,0.49683544303797467,0.4,0.48314606741573035,167.64,165.1,1986-08-18,0.0
Matt Serra,14,7,7,0.5,23.785714285714285,59.785714285714285,0.3978494623655914,1.6428571428571428,7.857142857142857,0.20909090909090908,0.7142857142857143,0.35714285714285715,246.71428571428572,31.714285714285715,2.2142857142857144,0.25806451612903225,0.3333333333333333,0.4,0.4,0.3995381062355658,167.64,172.72,1974-06-02,0.0
Sergio Pettis,14,9,5,0.6428571428571429,58.5,156.28571428571428,0.3743144424131627,0.8571428571428571,2.142857142857143,0.4,0.35714285714285715,0.14285714285714285,77.92857142857143,43.92857142857143,5.285714285714286,0.8378378378378378,0.3333333333333333,0.36822429906542054,0.4,0.36953807740324596,167.64,175.26,1993-08-18,0.0
Daniel Cormier,14,11,3,0.7857142857142857,60.92857142857143,108.85714285714286,0.5597112860892388,1.6428571428571428,3.357142857142857,0.48936170212765956,0.5714285714285714,0.0,269.42857142857144,45.214285714285715,2.2142857142857144,0.25806451612903225,0.3333333333333333,0.6475583864118896,0.6,0.6362038664323374,180.34,182.88,1979-03-20,0.0
James Vick,14,9,5,0.6428571428571429,33.714285714285715,84.64285714285714,0.3983122362869198,0.14285714285714285,0.42857142857142855,0.3333333333333333,0.35714285714285715,0.14285714285714285,32.07142857142857,27.0,2.7142857142857144,0.9473684210526316,0.0,0.47530864197530864,0.2,0.45588235294117646,190.5,193.04,1987-02-23,0.0
Cody Brundage,14,6,8,0.42857142857142855,18.785714285714285,37.214285714285715,0.5047984644913628,1.0,2.2857142857142856,0.4375,0.2857142857142857,0.07142857142857142,94.5,21.857142857142858,2.357142857142857,0.5757575757575757,0.3333333333333333,0.4951923076923077,0.4,0.5056818181818182,182.88,182.88,1994-05-16,0.0
Douglas Silva de Andrade,14,7,7,0.5,42.357142857142854,109.71428571428571,0.3860677083333333,0.42857142857142855,1.0,0.42857142857142855,0.14285714285714285,0.07142857142857142,41.214285714285715,48.92857142857143,3.7857142857142856,0.8867924528301887,0.3333333333333333,0.35185185185185186,0.4,0.3874458874458874,170.18,172.72,1985-06-22,0.0
Dustin Ortiz,14,8,6,0.5714285714285714,36.642857142857146,82.07142857142857,0.4464751958224543,2.5,6.928571428571429,0.36082474226804123,0.07142857142857142,0.7857142857142857,261.92857142857144,27.0,5.428571428571429,0.5394736842105263,0.6666666666666666,0.44285714285714284,0.6,0.41785714285714287,165.1,165.1,1988-12-25,0.0
Yancy Medeiros,14,6,8,0.42857142857142855,37.57142857142857,101.07142857142857,0.37173144876325087,0.21428571428571427,0.42857142857142855,0.5,0.42857142857142855,0.21428571428571427,44.642857142857146,52.785714285714285,2.7142857142857144,0.9210526315789473,0.0,0.4056603773584906,0.2,0.41590214067278286,177.8,190.5,1987-09-07,0.0
Zak Cummings,14,10,4,0.7142857142857143,35.285714285714285,98.21428571428571,0.3592727272727273,0.5,1.5714285714285714,0.3181818181818182,0.5,0.07142857142857142,100.92857142857143,32.0,2.0714285714285716,0.7586206896551724,0.6666666666666666,0.4464751958224543,0.8,0.41961414790996787,182.88,190.5,1984-08-02,1.0
Pedro Rizzo,14,9,5,0.6428571428571429,20.428571428571427,55.357142857142854,0.3690322580645161,0.14285714285714285,0.5,0.2857142857142857,0.0,0.0,65.21428571428571,26.071428571428573,5.071428571428571,0.971830985915493,0.6666666666666666,0.37104072398190047,0.6,0.3738601823708207,185.42,,1974-05-03,0.0
Alexis Davis,14,8,6,0.5714285714285714,53.857142857142854,113.64285714285714,0.4739157762413576,0.8571428571428571,1.8571428571428572,0.46153846153846156,0.6428571428571429,0.35714285714285715,247.71428571428572,53.285714285714285,1.5714285714285714,0.4545454545454546,0.6666666666666666,0.5859030837004405,0.4,0.5694249649368864,167.64,172.72,1984-10-04,0.0
Mateusz Gamrot,14,9,5,0.6428571428571429,35.785714285714285,69.71428571428571,0.5133196721311475,3.857142857142857,10.071428571428571,0.3829787234042553,0.2857142857142857,0.0,216.42857142857142,31.785714285714285,0.9285714285714286,-3.153846153846154,0.3333333333333333,0.45348837209302323,0.4,0.5169230769230769,177.8,177.8,1990-12-11,1.0
Waldo Cortes Acosta,14,10,4,0.7142857142857143,56.214285714285715,118.28571428571429,0.4752415458937198,0.2857142857142857,0.5714285714285714,0.5,0.07142857142857142,0.0,59.357142857142854,39.5,2.357142857142857,0.8787878787878788,0.3333333333333333,0.43902439024390244,0.6,0.4553846153846154,,,,
Gregory Rodrigues,14,11,3,0.7857142857142857,58.285714285714285,109.28571428571429,0.5333333333333333,1.0714285714285714,3.0,0.35714285714285715,0.21428571428571427,0.07142857142857142,104.57142857142857,45.642857142857146,2.9285714285714284,0.6341463414634146,1.0,0.5757575757575758,0.8,0.5053619302949062,190.5,190.5,1992-02-17,0.0
Nick Diaz,14,7,7,0.5,56.785714285714285,133.57142857142858,0.42513368983957217,1.0,2.857142857142857,0.35,0.9285714285714286,0.2857142857142857,126.28571428571429,49.142857142857146,5.571428571428571,0.8205128205128205,0.0,0.4105409153952843,0.4,0.44385026737967914,185.42,193.04,1983-08-02,1.0
Jamie Mullarkey,13,6,7,0.46153846153846156,38.46153846153846,82.46153846153847,0.4664179104477612,1.5384615384615385,5.0,0.3076923076923077,0.07692307692307693,0.07692307692307693,125.15384615384616,40.07692307692308,1.3076923076923077,-0.17647058823529416,0.3333333333333333,0.44274809160305345,0.4,0.4624624624624625,182.88,187.96,1994-08-17,0.0
Benoit Saint Denis,13,9,4,0.6923076923076923,37.23076923076923,63.69230769230769,0.5845410628019324,1.8461538461538463,5.230769230769231,0.35294117647058826,0.7692307692307693,0.07692307692307693,189.07692307692307,27.307692307692307,1.3846153846153846,-0.33333333333333326,0.6666666666666666,0.7481481481481481,0.8,0.7078189300411523,180.34,185.42,1995-12-18,1.0
Alex Pereira,13,10,3,0.7692307692307693,53.61538461538461,87.38461538461539,0.613556338028169,0.07692307692307693,0.15384615384615385,0.5,0.15384615384615385,0.0,12.153846153846153,39.84615384615385,3.4615384615384617,0.9777777777777777,0.3333333333333333,0.5395348837209303,0.6,0.5928270042194093,193.04,200.66,1987-07-07,0.0
Marina Rodriguez,13,7,6,0.5384615384615384,64.53846153846153,138.6153846153846,0.4655937846836848,0.23076923076923078,0.5384615384615384,0.42857142857142855,0.3076923076923077,0.07692307692307693,50.15384615384615,40.61538461538461,4.461538461538462,0.9482758620689655,0.0,0.34593023255813954,0.2,0.43700787401574803,167.64,165.1,1987-04-29,0.0
Misha Cirkunov,13,6,7,0.46153846153846156,18.23076923076923,35.15384615384615,0.5185995623632386,1.3076923076923077,3.3076923076923075,0.3953488372093023,0.5384615384615384,0.23076923076923078,80.46153846153847,14.461538461538462,1.0,-0.3076923076923077,0.0,0.5314685314685315,0.2,0.5087719298245614,190.5,195.58,1987-02-27,0.0
Sergio Moraes,13,8,5,0.6153846153846154,30.384615384615383,72.23076923076923,0.4206602768903088,1.0769230769230769,2.4615384615384617,0.4375,0.3076923076923077,0.0,117.07692307692308,46.61538461538461,0.23076923076923078,-3.666666666666667,0.0,0.32786885245901637,0.4,0.38496583143507973,182.88,182.88,1982-07-23,0.0
Dan Severn,13,9,4,0.6923076923076923,9.076923076923077,19.923076923076923,0.4555984555984556,0.6923076923076923,1.5384615384615385,0.45,0.46153846153846156,0.07692307692307693,0.0,3.8461538461538463,0.23076923076923078,-2.0,0.3333333333333333,0.21951219512195122,0.6,0.2608695652173913,187.96,,1958-06-08,1.0
Anthony Hernandez,13,9,4,0.6923076923076923,54.61538461538461,90.84615384615384,0.6011854360711262,4.384615384615385,10.846153846153847,0.40425531914893614,1.1538461538461537,0.23076923076923078,380.38461538461536,46.07692307692308,1.6923076923076923,-1.5909090909090908,0.3333333333333333,0.5450346420323325,0.6,0.6084425036390102,182.88,190.5,1993-10-18,0.0
Kendall Grove,13,7,6,0.5384615384615384,20.23076923076923,45.07692307692308,0.44880546075085326,0.38461538461538464,0.6153846153846154,0.625,1.3076923076923077,0.3076923076923077,84.76923076923077,20.615384615384617,6.615384615384615,0.9418604651162791,0.3333333333333333,0.32673267326732675,0.4,0.3305084745762712,198.12,200.66,1982-11-12,0.0
Mark Bocek,13,8,5,0.6153846153846154,26.692307692307693,61.15384615384615,0.43647798742138366,2.769230769230769,7.538461538461538,0.3673469387755102,1.0,0.23076923076923078,372.7692307692308,26.46153846153846,1.2307692307692308,-1.25,0.6666666666666666,0.4836795252225519,0.6,0.4824561403508772,172.72,190.5,1981-10-24,0.0
Kyung Ho Kang,13,8,5,0.6153846153846154,41.0,85.23076923076923,0.48104693140794225,1.3846153846153846,2.8461538461538463,0.4864864864864865,0.6923076923076923,0.23076923076923078,241.46153846153845,42.38461538461539,3.1538461538461537,0.5609756097560976,0.3333333333333333,0.44525547445255476,0.4,0.5185909980430529,175.26,185.42,1987-09-09,0.0
Rogerio Nogueira,13,6,7,0.46153846153846156,26.23076923076923,71.6923076923077,0.36587982832618027,0.07692307692307693,0.07692307692307693,1.0,0.15384615384615385,0.23076923076923078,29.846153846153847,30.46153846153846,4.923076923076923,0.984375,0.3333333333333333,0.4431818181818182,0.4,0.45121951219512196,187.96,190.5,1976-06-02,1.0
Joaquim Silva,13,8,5,0.6153846153846154,36.46153846153846,85.23076923076923,0.427797833935018,0.23076923076923078,0.46153846153846156,0.5,0.6153846153846154,0.0,40.0,43.61538461538461,6.461538461538462,0.9642857142857143,0.6666666666666666,0.48444444444444446,0.6,0.49859943977591037,172.72,175.26,1989-02-05,1.0
Giga Chikadze,13,8,5,0.6153846153846154,45.84615384615385,108.3076923076923,0.42329545454545453,0.15384615384615385,0.38461538461538464,0.4,0.15384615384615385,0.23076923076923078,14.615384615384615,42.38461538461539,2.4615384615384617,0.9375,0.0,0.496,0.2,0.4376657824933687,182.88,187.96,1988-08-25,0.0
Tim Sylvia,13,9,4,0.6923076923076923,45.0,107.76923076923077,0.41755888650963596,0.07692307692307693,0.07692307692307693,1.0,0.07692307692307693,0.07692307692307693,102.53846153846153,26.53846153846154,3.3846153846153846,0.9772727272727273,0.3333333333333333,0.40782122905027934,0.6,0.36683417085427134,203.2,203.2,1976-03-05,0.0
Ciryl Gane,13,11,2,0.8461538461538461,73.3076923076923,119.46153846153847,0.613650998068255,0.6153846153846154,2.6153846153846154,0.23529411764705882,0.5384615384615384,0.0,75.0,30.23076923076923,1.2307692307692308,0.5,1.0,0.6798679867986799,0.8,0.6722338204592901,193.04,205.74,1990-04-12,0.0
Charles Rosa,13,5,8,0.38461538461538464,42.53846153846154,117.23076923076923,0.36286089238845143,1.5384615384615385,4.384615384615385,0.3508771929824561,0.9230769230769231,0.46153846153846156,117.84615384615384,53.23076923076923,3.8461538461538463,0.6,0.0,0.3628808864265928,0.2,0.34683098591549294,175.26,175.26,1986-08-24,0.0
Alan Jouban,13,8,5,0.6153846153846154,51.0,101.38461538461539,0.5030349013657056,0.3076923076923077,0.6923076923076923,0.4444444444444444,0.15384615384615385,0.07692307692307693,36.92307692307692,33.92307692307692,1.3076923076923077,0.7647058823529411,0.6666666666666666,0.47202797202797203,0.4,0.4755700325732899,182.88,185.42,1981-11-25,1.0
Jasmine Jasudavicius,13,9,4,0.6923076923076923,44.76923076923077,103.15384615384616,0.43400447427293065,2.076923076923077,5.076923076923077,0.4090909090909091,0.46153846153846156,0.07692307692307693,352.0,47.07692307692308,1.3076923076923077,-0.588235294117647,0.6666666666666666,0.28703703703703703,0.8,0.41414141414141414,170.18,172.72,1989-03-01,0.0
Viviane Araujo,13,7,6,0.5384615384615384,59.38461538461539,125.07692307692308,0.4747847478474785,1.7692307692307692,4.076923076923077,0.4339622641509434,0.6153846153846154,0.07692307692307693,192.46153846153845,74.61538461538461,3.076923076923077,0.42500000000000004,0.3333333333333333,0.4729064039408867,0.4,0.45604395604395603,162.56,172.72,1986-11-21,0.0
JunYong Park,13,9,4,0.6923076923076923,57.07692307692308,110.6923076923077,0.5156358582348853,1.3846153846153846,3.230769230769231,0.42857142857142855,0.6923076923076923,0.23076923076923078,220.30769230769232,47.0,5.076923076923077,0.7272727272727273,0.6666666666666666,0.5311004784688995,0.6,0.5209059233449478,177.8,185.42,1991-02-27,0.0
James Krause,13,9,4,0.6923076923076923,60.15384615384615,119.76923076923077,0.5022479126525369,0.6153846153846154,4.0,0.15384615384615385,0.7692307692307693,0.3076923076923077,149.07692307692307,50.53846153846154,2.8461538461538463,0.7837837837837838,0.6666666666666666,0.5811138014527845,0.8,0.5699658703071673,187.96,185.42,1986-06-04,0.0
Quinton Jackson,13,8,5,0.6153846153846154,39.53846153846154,91.23076923076923,0.433389544688027,0.46153846153846156,1.5384615384615385,0.3,0.0,0.0,106.15384615384616,44.92307692307692,5.076923076923077,0.9090909090909091,0.3333333333333333,0.4009546539379475,0.4,0.40439932318104904,185.42,185.42,1978-06-20,0.0
Jeremy Horn,13,6,7,0.46153846153846156,11.923076923076923,27.53846153846154,0.4329608938547486,0.8461538461538461,2.6153846153846154,0.3235294117647059,0.9230769230769231,0.07692307692307693,67.15384615384616,15.384615384615385,2.4615384615384617,0.65625,0.0,0.18666666666666668,0.4,0.36423841059602646,185.42,187.96,1975-08-25,0.0
Daniel Pineda,13,5,8,0.38461538461538464,26.615384615384617,53.38461538461539,0.49855907780979825,0.9230769230769231,3.3076923076923075,0.27906976744186046,1.0,0.6153846153846154,143.53846153846155,29.076923076923077,4.0,0.7692307692307692,0.0,0.5056179775280899,0.2,0.503731343283582,170.18,175.26,1985-08-06,0.0
Karol Rosa,13,8,5,0.6153846153846154,82.0,147.46153846153845,0.5560772039645279,1.0769230769230769,2.230769230769231,0.4827586206896552,0.15384615384615385,0.07692307692307693,241.53846153846155,64.23076923076923,2.8461538461538463,0.6216216216216216,0.3333333333333333,0.4744897959183674,0.4,0.5594594594594594,165.1,170.18,1994-12-30,0.0
Virna Jandiroba,13,9,4,0.6923076923076923,30.23076923076923,73.15384615384616,0.41324921135646686,2.769230769230769,7.076923076923077,0.391304347826087,1.2307692307692308,0.46153846153846156,345.53846153846155,38.0,2.5384615384615383,-0.09090909090909083,0.6666666666666666,0.4750830564784053,0.8,0.4196642685851319,160.02,162.56,1988-05-30,0.0
Roman Kopylov,13,8,5,0.6153846153846154,55.15384615384615,108.92307692307692,0.5063559322033898,0.8461538461538461,1.6923076923076923,0.5,0.0,0.0,61.84615384615385,60.38461538461539,3.8461538461538463,0.78,0.3333333333333333,0.48348348348348347,0.6,0.4669479606188467,182.88,190.5,1991-05-04,1.0
Rafael Fiziev,13,8,5,0.6153846153846154,54.30769230769231,102.61538461538461,0.5292353823088456,0.7692307692307693,1.0769230769230769,0.7142857142857143,0.0,0.0,49.92307692307692,55.53846153846154,4.0,0.8076923076923077,0.6666666666666666,0.5642201834862385,0.4,0.5663956639566395,172.72,180.34,1993-03-05,0.0
Paulo Thiago,13,5,8,0.38461538461538464,19.53846153846154,49.92307692307692,0.3913713405238829,1.0769230769230769,3.3846153846153846,0.3181818181818182,0.9230769230769231,0.23076923076923078,104.46153846153847,22.692307692307693,3.6153846153846154,0.7021276595744681,0.0,0.3547008547008547,0.2,0.3898809523809524,180.34,187.96,1981-01-25,0.0
Arman Tsarukyan,13,11,2,0.8461538461538461,44.23076923076923,88.61538461538461,0.4991319444444444,2.5384615384615383,7.3076923076923075,0.3473684210526316,0.07692307692307693,0.07692307692307693,301.46153846153845,20.692307692307693,3.076923076923077,0.17500000000000004,1.0,0.6111111111111112,1.0,0.6404109589041096,170.18,182.88,1996-10-11,0.0
Khabib Nurmagomedov,13,13,0,1.0,54.23076923076923,111.07692307692308,0.48822714681440443,4.6923076923076925,9.76923076923077,0.48031496062992124,0.6923076923076923,0.0,437.0,23.153846153846153,1.0,-3.6923076923076925,1.0,0.49166666666666664,1.0,0.47295423023578365,177.8,177.8,1988-09-20,0.0
Amanda Ribas,13,7,6,0.5384615384615384,52.76923076923077,132.07692307692307,0.3995340710541642,1.6923076923076923,3.230769230769231,0.5238095238095238,0.46153846153846156,0.07692307692307693,198.46153846153845,40.76923076923077,2.6153846153846154,0.3529411764705882,0.0,0.32663316582914576,0.2,0.3620689655172414,160.02,167.64,1993-08-26,0.0
Mickey Gall,13,6,7,0.46153846153846156,28.153846153846153,56.76923076923077,0.4959349593495935,0.6153846153846154,1.9230769230769231,0.32,0.8461538461538461,0.23076923076923078,82.76923076923077,38.0,1.2307692307692308,0.5,0.0,0.5794392523364486,0.2,0.5291005291005291,187.96,187.96,1992-01-22,0.0
Mac Danzig,13,5,8,0.38461538461538464,37.84615384615385,75.84615384615384,0.49898580121703856,0.9230769230769231,2.4615384615384617,0.375,0.46153846153846156,0.23076923076923078,141.0,36.69230769230769,3.6923076923076925,0.75,0.0,0.5148148148148148,0.2,0.5483870967741935,172.72,177.8,1980-01-02,0.0
Keith Jardine,13,6,7,0.46153846153846156,41.38461538461539,111.46153846153847,0.3712905452035887,0.23076923076923078,0.6923076923076923,0.3333333333333333,0.0,0.0,25.0,31.307692307692307,3.3076923076923075,0.9302325581395349,0.0,0.2610062893081761,0.2,0.31121642969984203,187.96,193.04,1975-10-31,0.0
Bryce Mitchell,13,10,3,0.7692307692307693,25.923076923076923,43.92307692307692,0.5901926444833625,2.4615384615384617,6.769230769230769,0.36363636363636365,1.0,0.23076923076923078,390.53846153846155,17.846153846153847,1.0,-1.4615384615384617,0.6666666666666666,0.568,0.6,0.5914634146341463,177.8,177.8,1994-10-04,1.0
Patrick Cummins,13,6,7,0.46153846153846156,38.30769230769231,75.46153846153847,0.5076452599388379,2.6923076923076925,6.538461538461538,0.4117647058823529,0.07692307692307693,0.0,217.3846153846154,30.076923076923077,1.6153846153846154,-0.6666666666666667,0.0,0.40875912408759124,0.4,0.48863636363636365,187.96,193.04,1980-11-16,0.0
Nicolas Dalby,13,8,5,0.6153846153846154,51.38461538461539,119.53846153846153,0.42985842985842987,0.7692307692307693,3.1538461538461537,0.24390243902439024,0.07692307692307693,0.23076923076923078,191.3846153846154,47.69230769230769,4.846153846153846,0.8412698412698413,0.3333333333333333,0.4354243542435424,0.6,0.4904580152671756,180.34,187.96,1984-11-16,0.0
Takanori Gomi,13,4,9,0.3076923076923077,28.23076923076923,72.53846153846153,0.38918345705196183,0.07692307692307693,0.3076923076923077,0.25,0.0,0.07692307692307693,46.38461538461539,32.53846153846154,2.3076923076923075,0.9666666666666667,0.0,0.23076923076923078,0.0,0.2682926829268293,170.18,177.8,1978-09-22,1.0
Dan Miller,13,6,7,0.46153846153846156,22.923076923076923,63.61538461538461,0.3603385731559855,1.1538461538461537,2.230769230769231,0.5172413793103449,1.2307692307692308,0.15384615384615385,136.0,35.23076923076923,2.6153846153846154,0.5588235294117647,0.3333333333333333,0.4946808510638298,0.2,0.44891640866873067,185.42,187.96,1981-06-30,0.0
Brian Ortega,13,8,5,0.6153846153846154,56.84615384615385,152.3846153846154,0.37304391721352853,0.8461538461538461,3.4615384615384617,0.24444444444444444,0.7692307692307693,0.15384615384615385,71.15384615384616,94.38461538461539,2.4615384615384617,0.65625,0.3333333333333333,0.33031674208144796,0.2,0.360056258790436,172.72,175.26,1991-02-21,0.0
Andre Petroski,13,8,5,0.6153846153846154,28.46153846153846,57.84615384615385,0.4920212765957447,2.1538461538461537,4.076923076923077,0.5283018867924528,0.8461538461538461,0.07692307692307693,242.46153846153845,30.923076923076923,1.6923076923076923,-0.2727272727272727,0.0,0.4298245614035088,0.4,0.46863468634686345,182.88,185.42,1991-06-12,0.0
Maycee Barber,13,10,3,0.7692307692307693,48.84615384615385,95.38461538461539,0.5120967741935484,1.1538461538461537,2.4615384615384617,0.46875,0.07692307692307693,0.46153846153846156,156.76923076923077,31.076923076923077,2.076923076923077,0.4444444444444444,0.6666666666666666,0.5538461538461539,0.8,0.5342465753424658,165.1,165.1,1998-05-18,0.0
Chris Cariaso,13,7,6,0.5384615384615384,45.46153846153846,105.23076923076923,0.43201754385964913,0.7692307692307693,2.0,0.38461538461538464,0.5384615384615384,0.15384615384615385,110.84615384615384,33.15384615384615,5.6923076923076925,0.8648648648648649,0.0,0.3672316384180791,0.4,0.4007936507936508,160.02,162.56,1981-05-27,1.0
Abdul Razak Alhassan,13,6,7,0.46153846153846156,22.46153846153846,46.30769230769231,0.4850498338870432,0.38461538461538464,1.1538461538461537,0.3333333333333333,0.07692307692307693,0.07692307692307693,57.23076923076923,27.076923076923077,4.153846153846154,0.9074074074074074,0.3333333333333333,0.5056179775280899,0.4,0.5,177.8,185.42,1985-08-11,0.0
Ode Osbourne,13,5,8,0.38461538461538464,23.615384615384617,58.46153846153846,0.4039473684210526,0.46153846153846156,1.7692307692307692,0.2608695652173913,0.15384615384615385,0.23076923076923078,33.38461538461539,26.53846153846154,3.3846153846153846,0.8636363636363636,0.3333333333333333,0.4106280193236715,0.2,0.4357142857142857,170.18,185.42,1992-01-09,1.0
Kai Kara-France,13,8,5,0.6153846153846154,54.76923076923077,136.07692307692307,0.4024872809496891,0.46153846153846156,1.5384615384615385,0.3,0.0,0.07692307692307693,63.61538461538461,39.76923076923077,4.3076923076923075,0.8928571428571429,0.3333333333333333,0.3865336658354115,0.4,0.4040561622464899,162.56,175.26,1993-03-26,0.0
Rafa Garcia,13,8,5,0.6153846153846154,61.61538461538461,137.69230769230768,0.4474860335195531,2.6923076923076925,6.3076923076923075,0.4268292682926829,0.46153846153846156,0.15384615384615385,165.15384615384616,64.0,2.923076923076923,0.07894736842105265,0.6666666666666666,0.4288461538461538,0.8,0.4713216957605985,170.18,177.8,1994-08-05,0.0
Zhang Weili,13,10,3,0.7692307692307693,71.46153846153847,135.6153846153846,0.526942711287578,2.0,4.461538461538462,0.4482758620689655,0.46153846153846156,0.15384615384615385,266.46153846153845,40.23076923076923,2.5384615384615383,0.21212121212121215,0.6666666666666666,0.5584795321637427,0.8,0.6138147566718996,162.56,160.02,1989-08-13,0.0
Yoel Romero,13,9,4,0.6923076923076923,51.30769230769231,104.0,0.4933431952662722,1.6153846153846154,4.846153846153846,0.3333333333333333,0.0,0.0,113.07692307692308,45.84615384615385,2.769230769230769,0.41666666666666663,0.0,0.45024469820554647,0.2,0.4544334975369458,182.88,185.42,1977-04-30,1.0
Joselyne Edwards,13,9,4,0.6923076923076923,57.53846153846154,108.38461538461539,0.5308729595457772,1.0769230769230769,2.923076923076923,0.3684210526315789,0.46153846153846156,0.6153846153846154,149.07692307692307,40.61538461538461,3.8461538461538463,0.72,1.0,0.5088495575221239,1.0,0.5621890547263682,172.72,177.8,1995-09-29,0.0
Rustam Khabilov,13,10,3,0.7692307692307693,26.076923076923077,76.0,0.3431174089068826,3.4615384615384617,8.307692307692308,0.4166666666666667,0.07692307692307693,0.07692307692307693,210.15384615384616,28.384615384615383,1.3846153846153846,-1.5,0.6666666666666666,0.2938775510204082,0.8,0.3252747252747253,172.72,185.42,1986-11-04,0.0
Norma Dumont,13,9,4,0.6923076923076923,56.38461538461539,111.84615384615384,0.5041265474552957,1.3846153846153846,2.4615384615384617,0.5625,0.0,0.07692307692307693,200.92307692307693,34.84615384615385,3.0,0.5384615384615384,0.3333333333333333,0.5179153094462541,0.6,0.5100775193798449,170.18,170.18,1990-10-01,0.0
Wilson Reis,13,7,6,0.5384615384615384,20.846153846153847,70.53846153846153,0.2955288985823337,3.923076923076923,9.153846153846153,0.42857142857142855,0.46153846153846156,0.15384615384615385,262.61538461538464,34.76923076923077,1.4615384615384615,-1.6842105263157894,0.3333333333333333,0.24725274725274726,0.2,0.176,162.56,165.1,1985-01-06,1.0
Scott Holtzman,13,7,6,0.5384615384615384,55.61538461538461,116.23076923076923,0.4784910655195235,1.6153846153846154,2.8461538461538463,0.5675675675675675,0.15384615384615385,0.23076923076923078,234.30769230769232,47.07692307692308,7.076923076923077,0.7717391304347826,0.0,0.3620689655172414,0.4,0.4145873320537428,175.26,175.26,1983-09-30,0.0
Rory MacDonald,13,9,4,0.6923076923076923,51.30769230769231,120.76923076923077,0.4248407643312102,1.6153846153846154,3.3846153846153846,0.4772727272727273,0.38461538461538464,0.07692307692307693,133.23076923076923,38.38461538461539,3.4615384615384617,0.5333333333333333,0.3333333333333333,0.4,0.6,0.375,182.88,193.04,1989-07-22,0.0
George Roop,13,5,8,0.38461538461538464,36.23076923076923,93.61538461538461,0.38701725554642563,0.6153846153846154,1.2307692307692308,0.5,0.07692307692307693,0.07692307692307693,164.30769230769232,25.46153846153846,4.384615384615385,0.8596491228070176,0.3333333333333333,0.4263565891472868,0.4,0.4224343675417661,185.42,182.88,1981-11-10,0.0
Sara McMann,13,7,6,0.5384615384615384,19.923076923076923,44.84615384615385,0.444253859348199,2.076923076923077,3.6923076923076925,0.5625,0.3076923076923077,0.0,324.6923076923077,19.615384615384617,0.3076923076923077,-5.75,0.6666666666666666,0.5724137931034483,0.4,0.4801587301587302,167.64,167.64,1980-09-24,0.0
Brandon Royval,13,8,5,0.6153846153846154,65.53846153846153,153.92307692307693,0.4257871064467766,0.6923076923076923,1.0769230769230769,0.6428571428571429,0.9230769230769231,0.46153846153846156,66.46153846153847,49.61538461538461,4.923076923076923,0.859375,0.3333333333333333,0.48992248062015503,0.6,0.42177361211247294,175.26,172.72,1992-08-16,1.0
Tabatha Ricci,12,7,5,0.5833333333333334,49.75,136.33333333333334,0.36491442542787283,2.0833333333333335,6.0,0.3472222222222222,0.08333333333333333,0.08333333333333333,198.5,63.166666666666664,2.9166666666666665,0.2857142857142857,0.3333333333333333,0.36538461538461536,0.4,0.3504983388704319,154.94,154.94,1995-02-21,0.0
Alejandro Perez,12,8,4,0.6666666666666666,34.833333333333336,98.08333333333333,0.35514018691588783,0.3333333333333333,1.5833333333333333,0.21052631578947367,0.25,0.0,39.25,30.25,2.5,0.8666666666666667,0.3333333333333333,0.35348837209302325,0.4,0.3090909090909091,167.64,170.18,1989-09-02,0.0
Jennifer Maia,12,6,6,0.5,65.08333333333333,168.5,0.38625123639960435,0.4166666666666667,1.5,0.2777777777777778,0.08333333333333333,0.0,119.91666666666667,67.58333333333333,3.4166666666666665,0.8780487804878049,0.6666666666666666,0.41963015647226176,0.4,0.385929648241206,162.56,162.56,1988-10-06,0.0
Sam Sicilia,12,5,7,0.4166666666666667,21.25,63.416666666666664,0.33508541392904073,0.8333333333333334,1.9166666666666667,0.43478260869565216,0.5,0.08333333333333333,122.41666666666667,30.666666666666668,1.6666666666666667,0.5,0.0,0.21022727272727273,0.4,0.24279835390946503,172.72,170.18,1986-02-01,0.0
Austin Hubbard,12,4,8,0.3333333333333333,51.833333333333336,123.33333333333333,0.42027027027027025,1.4166666666666667,4.916666666666667,0.288135593220339,0.08333333333333333,0.16666666666666666,136.58333333333334,53.416666666666664,3.6666666666666665,0.6136363636363636,0.0,0.34024896265560167,0.2,0.3723270440251572,177.8,180.34,1991-12-22,0.0
Miranda Maverick,12,8,4,0.6666666666666666,42.833333333333336,96.25,0.44502164502164504,1.9166666666666667,4.75,0.40350877192982454,0.3333333333333333,0.16666666666666666,241.16666666666666,29.833333333333332,2.5833333333333335,0.25806451612903225,0.6666666666666666,0.34347826086956523,0.8,0.434052757793765,160.02,165.1,1997-07-01,1.0
Rousimar Palhares,12,8,4,0.6666666666666666,10.916666666666666,21.333333333333332,0.51171875,1.1666666666666667,3.0,0.3888888888888889,1.3333333333333333,0.3333333333333333,127.0,13.75,0.4166666666666667,-1.7999999999999998,0.3333333333333333,0.4,0.6,0.5746268656716418,172.72,180.34,1980-02-26,0.0
Chan Sung Jung,12,7,5,0.5833333333333334,47.333333333333336,115.5,0.4098124098124098,0.6666666666666666,1.5,0.4444444444444444,0.5833333333333334,0.0,98.66666666666667,55.916666666666664,3.5,0.8095238095238095,0.3333333333333333,0.41927710843373495,0.4,0.44200626959247646,170.18,182.88,1987-03-17,0.0
Vince Morales,12,3,9,0.25,45.166666666666664,123.08333333333333,0.36696005416384564,0.6666666666666666,1.4166666666666667,0.47058823529411764,0.4166666666666667,0.3333333333333333,67.5,52.083333333333336,3.75,0.8222222222222222,0.0,0.4411764705882353,0.0,0.3588235294117647,175.26,177.8,1990-11-12,0.0
Sergei Pavlovich,12,9,3,0.75,23.75,53.166666666666664,0.44670846394984326,0.16666666666666666,0.6666666666666666,0.25,0.0,0.0,38.166666666666664,18.916666666666668,0.3333333333333333,0.5,1.0,0.4603960396039604,0.6,0.40816326530612246,190.5,213.36,1992-05-13,1.0
Myles Jury,12,8,4,0.6666666666666666,27.25,63.916666666666664,0.42633637548891784,1.3333333333333333,2.4166666666666665,0.5517241379310345,0.16666666666666666,0.25,170.58333333333334,20.0,0.6666666666666666,-1.0,0.3333333333333333,0.5042016806722689,0.4,0.5261437908496732,177.8,185.42,1988-10-31,0.0
Daron Cruickshank,12,6,6,0.5,29.833333333333332,78.5,0.38004246284501064,1.3333333333333333,3.3333333333333335,0.4,0.16666666666666666,0.16666666666666666,83.58333333333333,31.416666666666668,1.6666666666666667,0.19999999999999996,0.0,0.4583333333333333,0.2,0.3790849673202614,172.72,182.88,1985-06-11,0.0
Kyle Nelson,12,6,6,0.5,39.583333333333336,85.66666666666667,0.46206225680933855,0.3333333333333333,2.6666666666666665,0.125,0.3333333333333333,0.0,89.75,45.583333333333336,1.5833333333333333,0.7894736842105263,0.3333333333333333,0.4642857142857143,0.6,0.46736292428198434,180.34,180.34,1991-04-20,0.0
Pat Barry,12,5,7,0.4166666666666667,15.666666666666666,30.083333333333332,0.5207756232686981,0.0,0.16666666666666666,0.0,0.08333333333333333,0.0,32.416666666666664,20.416666666666668,1.75,1.0,0.3333333333333333,0.6666666666666666,0.4,0.7321428571428571,180.34,187.96,1979-07-07,0.0
Sean Sherk,12,8,4,0.6666666666666666,34.583333333333336,99.66666666666667,0.34698996655518394,4.166666666666667,9.416666666666666,0.4424778761061947,0.3333333333333333,0.25,436.4166666666667,45.416666666666664,1.9166666666666667,-1.1739130434782608,0.6666666666666666,0.2744755244755245,0.6,0.30164765525982257,167.64,170.18,1973-08-05,0.0
Maryna Moroz,12,6,6,0.5,55.166666666666664,164.16666666666666,0.33604060913705586,0.5833333333333334,2.4166666666666665,0.2413793103448276,0.5,0.08333333333333333,155.75,61.083333333333336,1.75,0.6666666666666667,0.0,0.3793103448275862,0.4,0.45006165228113443,170.18,170.18,1991-09-08,0.0
Matt Lindland,12,9,3,0.75,24.0,46.166666666666664,0.51985559566787,2.25,4.5,0.5,0.75,0.4166666666666667,387.0833333333333,12.75,1.4166666666666667,-0.588235294117647,0.6666666666666666,0.43478260869565216,0.6,0.4785714285714286,182.88,187.96,1970-05-17,1.0
Damon Jackson,12,6,6,0.5,29.75,66.91666666666667,0.44458281444582815,1.5,4.5,0.3333333333333333,0.9166666666666666,0.5,238.33333333333334,33.833333333333336,2.0,0.25,0.3333333333333333,0.5454545454545454,0.2,0.4406392694063927,180.34,180.34,1988-08-08,0.0
Yana Santos,12,7,5,0.5833333333333334,56.416666666666664,97.5,0.5786324786324787,0.6666666666666666,1.4166666666666667,0.47058823529411764,0.08333333333333333,0.08333333333333333,226.5,39.916666666666664,2.5833333333333335,0.7419354838709677,1.0,0.598404255319149,0.6,0.5899653979238755,167.64,172.72,1989-11-11,0.0
Joel Alvarez,12,8,4,0.6666666666666666,38.166666666666664,72.33333333333333,0.5276497695852534,0.08333333333333333,0.25,0.3333333333333333,0.5,0.08333333333333333,48.0,34.333333333333336,2.4166666666666665,0.9655172413793104,0.3333333333333333,0.5119760479041916,0.6,0.5731462925851704,190.5,195.58,1993-03-02,0.0
Efrain Escudero,12,5,7,0.4166666666666667,36.25,80.83333333333333,0.4484536082474227,1.0833333333333333,2.6666666666666665,0.40625,0.6666666666666666,0.08333333333333333,167.41666666666666,28.583333333333332,3.75,0.7111111111111111,0.3333333333333333,0.5337078651685393,0.4,0.5686274509803921,175.26,180.34,1986-01-15,0.0
Polyana Viana,12,4,8,0.3333333333333333,21.0,51.416666666666664,0.40842787682333875,0.3333333333333333,1.0,0.3333333333333333,0.75,0.08333333333333333,33.25,20.416666666666668,1.75,0.8095238095238095,0.0,0.3770491803278688,0.2,0.40606060606060607,165.1,170.18,1992-06-14,0.0
Vladimir Matyushenko,12,7,5,0.5833333333333334,16.083333333333332,35.0,0.4595238095238095,1.5833333333333333,3.9166666666666665,0.40425531914893614,0.08333333333333333,0.08333333333333333,175.08333333333334,13.083333333333334,1.9166666666666667,0.17391304347826086,0.3333333333333333,0.6190476190476191,0.4,0.5423728813559322,182.88,187.96,1971-01-04,0.0
Sam Hughes,12,6,6,0.5,59.166666666666664,124.5,0.47523427041499333,1.0,3.4166666666666665,0.2926829268292683,0.16666666666666666,0.08333333333333333,217.0,62.833333333333336,4.333333333333333,0.7692307692307692,0.6666666666666666,0.5087719298245614,0.6,0.48360655737704916,165.1,162.56,1992-06-28,0.0
Ray Borg,12,7,5,0.5833333333333334,21.916666666666668,42.0,0.5218253968253969,3.75,7.5,0.5,1.0,0.4166666666666667,393.3333333333333,27.833333333333332,3.75,0.0,0.6666666666666666,0.610062893081761,0.4,0.5695067264573991,162.56,160.02,1993-08-04,0.0
Vinc Pichel,12,7,5,0.5833333333333334,47.25,102.5,0.4609756097560976,2.0833333333333335,4.083333333333333,0.5102040816326531,0.16666666666666666,0.08333333333333333,183.33333333333334,39.583333333333336,3.1666666666666665,0.3421052631578947,0.0,0.465324384787472,0.4,0.46715328467153283,177.8,182.88,1982-11-23,0.0
Antonio Carlos Junior,12,7,5,0.5833333333333334,24.083333333333332,56.416666666666664,0.42688330871491875,2.8333333333333335,7.25,0.39080459770114945,0.6666666666666666,0.16666666666666666,351.1666666666667,26.583333333333332,1.25,-1.2666666666666666,0.0,0.3463414634146341,0.4,0.4035714285714286,187.96,200.66,1990-03-16,0.0
Ian Machado Garry,12,10,2,0.8333333333333334,67.0,124.83333333333333,0.5367156208277704,0.8333333333333334,2.6666666666666665,0.3125,0.3333333333333333,0.0,97.0,40.5,3.75,0.7777777777777778,0.6666666666666666,0.5066964285714286,0.6,0.5043782837127846,,,,
Dustin Stoltzfus,12,4,8,0.3333333333333333,37.25,81.91666666666667,0.4547304170905392,1.4166666666666667,4.333333333333333,0.3269230769230769,0.6666666666666666,0.3333333333333333,168.66666666666666,35.666666666666664,1.25,-0.1333333333333333,0.3333333333333333,0.4723756906077348,0.4,0.4892601431980907,182.88,190.5,1991-11-15,0.0
Mark Coleman,12,7,5,0.5833333333333334,20.25,36.5,0.5547945205479452,2.0833333333333335,4.166666666666667,0.5,0.6666666666666666,0.0,80.0,19.5,0.6666666666666666,-2.125,0.3333333333333333,0.48412698412698413,0.2,0.49122807017543857,185.42,190.5,1964-12-20,0.0
Mayra Bueno Silva,12,5,7,0.4166666666666667,41.333333333333336,73.5,0.562358276643991,0.4166666666666667,1.75,0.23809523809523808,0.9166666666666666,0.08333333333333333,100.83333333333333,58.666666666666664,3.0,0.8611111111111112,0.0,0.4766355140186916,0.0,0.6011080332409973,167.64,167.64,1991-08-22,0.0
Karo Parisyan,12,8,4,0.6666666666666666,29.25,71.41666666666667,0.40956826137689617,4.25,6.416666666666667,0.6623376623376623,0.75,0.16666666666666666,269.5833333333333,25.916666666666668,3.0,-0.41666666666666674,0.3333333333333333,0.37888198757763975,0.6,0.39400921658986177,177.8,182.88,1982-08-28,0.0
Nordine Taleb,12,7,5,0.5833333333333334,37.75,73.83333333333333,0.5112866817155757,1.3333333333333333,1.75,0.7619047619047619,0.0,0.08333333333333333,145.58333333333334,27.083333333333332,1.9166666666666667,0.30434782608695654,0.3333333333333333,0.4472049689440994,0.4,0.45722713864306785,185.42,187.96,1981-06-10,0.0
Phil Davis,12,9,3,0.75,40.083333333333336,116.16666666666667,0.3450502152080344,2.5833333333333335,7.25,0.3563218390804598,0.5,0.0,284.1666666666667,18.5,1.5,-0.7222222222222223,0.3333333333333333,0.26184538653366585,0.6,0.27009222661396576,187.96,200.66,1984-09-25,0.0
Ludovit Klein,12,8,4,0.6666666666666666,47.916666666666664,88.75,0.539906103286385,1.0,2.0833333333333335,0.48,0.0,0.0,181.41666666666666,44.75,3.6666666666666665,0.7272727272727273,0.3333333333333333,0.5049833887043189,0.6,0.506,170.18,182.88,1995-02-22,1.0
Joe Riggs,12,5,7,0.4166666666666667,13.75,27.083333333333332,0.5076923076923077,1.0833333333333333,1.75,0.6190476190476191,0.16666666666666666,0.16666666666666666,110.66666666666667,10.666666666666666,2.0833333333333335,0.48,0.3333333333333333,0.5833333333333334,0.2,0.580952380952381,182.88,177.8,1982-09-23,1.0
Fares Ziam,12,8,4,0.6666666666666666,33.0,62.916666666666664,0.5245033112582781,1.5,3.5,0.42857142857142855,0.4166666666666667,0.75,197.5,19.916666666666668,6.0,0.75,0.3333333333333333,0.574468085106383,0.6,0.6024590163934426,185.42,190.5,1997-03-21,0.0
Gegard Mousasi,12,9,3,0.75,38.75,77.0,0.5032467532467533,0.75,1.4166666666666667,0.5294117647058824,0.25,0.08333333333333333,140.08333333333334,13.916666666666666,3.1666666666666665,0.7631578947368421,1.0,0.5101214574898786,1.0,0.504424778761062,187.96,193.04,1985-08-01,0.0
Youssef Zalal,12,8,4,0.6666666666666666,32.583333333333336,61.833333333333336,0.5269541778975741,1.5833333333333333,5.166666666666667,0.3064516129032258,1.0833333333333333,0.4166666666666667,212.75,22.083333333333332,3.1666666666666665,0.5,0.6666666666666666,0.5477386934673367,0.8,0.5546218487394958,177.8,182.88,1996-09-04,0.0
Punahele Soriano,12,7,5,0.5833333333333334,42.083333333333336,79.91666666666667,0.5265901981230449,1.4166666666666667,3.1666666666666665,0.4473684210526316,0.16666666666666666,0.08333333333333333,180.75,37.416666666666664,3.5,0.5952380952380952,0.6666666666666666,0.40869565217391307,0.8,0.5947867298578199,180.34,182.88,1992-11-22,1.0
Miles Johns,12,7,5,0.5833333333333334,39.416666666666664,91.5,0.4307832422586521,0.75,3.5833333333333335,0.20930232558139536,0.0,0.25,105.33333333333333,35.75,2.75,0.7272727272727273,0.3333333333333333,0.462406015037594,0.4,0.4088176352705411,170.18,167.64,1994-03-30,0.0
Jimi Manuwa,12,6,6,0.5,24.083333333333332,44.416666666666664,0.5422138836772983,0.25,1.3333333333333333,0.1875,0.16666666666666666,0.0,73.0,27.916666666666668,2.5833333333333335,0.9032258064516129,0.0,0.4258064516129032,0.2,0.43023255813953487,185.42,200.66,1980-02-18,0.0
Scott Jorgensen,12,4,8,0.3333333333333333,32.75,83.25,0.3933933933933934,1.75,4.333333333333333,0.40384615384615385,0.16666666666666666,0.25,149.16666666666666,41.5,4.0,0.5625,0.0,0.4076923076923077,0.2,0.3944223107569721,165.1,167.64,1982-09-17,0.0
Lando Vannata,12,4,8,0.3333333333333333,45.0,95.83333333333333,0.46956521739130436,0.6666666666666666,2.1666666666666665,0.3076923076923077,0.08333333333333333,0.08333333333333333,50.916666666666664,48.5,3.75,0.8222222222222222,0.0,0.6099290780141844,0.2,0.5045871559633027,175.26,180.34,1992-03-14,0.0
Roxanne Modafferi,12,4,8,0.3333333333333333,51.833333333333336,171.25,0.30267639902676396,1.3333333333333333,4.833333333333333,0.27586206896551724,0.08333333333333333,0.3333333333333333,247.91666666666666,87.41666666666667,2.5,0.4666666666666667,0.0,0.2902208201892745,0.2,0.2947799385875128,170.18,175.26,1982-09-24,0.0
Anthony Perosh,12,5,7,0.4166666666666667,12.583333333333334,29.166666666666668,0.43142857142857144,0.75,3.3333333333333335,0.225,0.4166666666666667,0.0,77.66666666666667,20.916666666666668,0.5,-0.5,0.3333333333333333,0.37037037037037035,0.4,0.3557692307692308,190.5,190.5,1972-10-05,0.0
Marion Reneau,12,5,7,0.4166666666666667,39.25,98.25,0.3994910941475827,0.5833333333333334,0.9166666666666666,0.6363636363636364,0.75,0.08333333333333333,80.16666666666667,46.333333333333336,3.5,0.8333333333333334,0.0,0.4139344262295082,0.0,0.40705882352941175,167.64,172.72,1977-06-20,0.0
Igor Pokrajac,12,4,8,0.3333333333333333,18.666666666666668,41.5,0.4497991967871486,0.5833333333333334,1.8333333333333333,0.3181818181818182,0.16666666666666666,0.25,100.25,37.5,2.8333333333333335,0.7941176470588236,0.0,0.49473684210526314,0.0,0.4527027027027027,182.88,187.96,1979-01-02,0.0
Dusko Todorovic,12,5,7,0.4166666666666667,26.25,48.0,0.546875,1.1666666666666667,3.1666666666666665,0.3684210526315789,0.25,0.08333333333333333,115.83333333333333,22.75,1.25,0.06666666666666665,0.6666666666666666,0.673469387755102,0.4,0.5966386554621849,185.42,187.96,1994-05-19,0.0
Kurt Pellegrino,12,7,5,0.5833333333333334,25.333333333333332,58.25,0.43490701001430615,2.0,3.6666666666666665,0.5454545454545454,0.5833333333333334,0.3333333333333333,290.8333333333333,20.0,3.25,0.3846153846153846,0.3333333333333333,0.3968871595330739,0.6,0.38292011019283745,172.72,177.8,1979-05-07,0.0
Cynthia Calvillo,12,6,6,0.5,54.833333333333336,148.83333333333334,0.3684210526315789,1.4166666666666667,3.4166666666666665,0.4146341463414634,0.75,0.0,136.08333333333334,52.583333333333336,1.5,0.05555555555555558,0.0,0.31789137380191695,0.0,0.3184855233853007,162.56,162.56,1987-07-13,0.0
Aleksandar Rakic,12,7,5,0.5833333333333334,46.333333333333336,91.66666666666667,0.5054545454545455,0.4166666666666667,1.9166666666666667,0.21739130434782608,0.08333333333333333,0.0,202.25,30.75,1.9166666666666667,0.782608695652174,0.3333333333333333,0.49812734082397003,0.2,0.47288503253796094,193.04,198.12,1992-02-06,0.0
Darren Stewart,12,5,7,0.4166666666666667,30.833333333333332,67.33333333333333,0.45792079207920794,1.1666666666666667,2.5833333333333335,0.45161290322580644,0.08333333333333333,0.0,97.5,31.583333333333332,6.083333333333333,0.8082191780821918,0.0,0.5373134328358209,0.4,0.4972067039106145,182.88,187.96,1990-12-30,0.0
Kyle Noke,12,6,6,0.5,29.75,58.25,0.5107296137339056,0.9166666666666666,1.6666666666666667,0.55,0.3333333333333333,0.08333333333333333,86.33333333333333,19.333333333333332,2.5,0.6333333333333333,0.0,0.4541984732824427,0.4,0.4470284237726098,185.42,193.04,1980-03-18,1.0
Olivier Aubin-Mercier,12,7,5,0.5833333333333334,30.25,58.75,0.5148936170212766,1.9166666666666667,5.666666666666667,0.3382352941176471,0.4166666666666667,0.08333333333333333,217.58333333333334,36.166666666666664,2.8333333333333335,0.32352941176470584,0.0,0.4659090909090909,0.4,0.4791666666666667,175.26,177.8,1989-02-23,1.0
Wanderlei Silva,12,5,7,0.4166666666666667,27.083333333333332,80.5,0.3364389233954451,0.16666666666666666,0.4166666666666667,0.4,0.08333333333333333,0.0,21.583333333333332,32.583333333333336,2.0833333333333335,0.92,0.6666666666666666,0.3850267379679144,0.6,0.34552102376599636,180.34,187.96,1976-07-03,0.0
Rodolfo Vieira,12,7,5,0.5833333333333334,34.833333333333336,64.08333333333333,0.5435630689206762,2.0,9.5,0.21052631578947367,0.5833333333333334,0.0,230.33333333333334,44.0,0.8333333333333334,-1.4,0.3333333333333333,0.4971751412429379,0.4,0.5402298850574713,182.88,185.42,1989-09-25,0.0
Billy Quarantillo,12,6,6,0.5,78.0,155.08333333333334,0.5029554003224073,1.1666666666666667,4.5,0.25925925925925924,0.75,0.08333333333333333,174.66666666666666,69.66666666666667,4.416666666666667,0.7358490566037736,0.0,0.36363636363636365,0.2,0.4124137931034483,177.8,177.8,1988-12-08,0.0
Julianna Pena,12,8,4,0.6666666666666666,41.083333333333336,92.41666666666667,0.44454463480613166,1.5,2.75,0.5454545454545454,0.6666666666666666,0.08333333333333333,225.58333333333334,33.916666666666664,2.4166666666666665,0.3793103448275862,0.3333333333333333,0.36261261261261263,0.6,0.42442748091603055,167.64,175.26,1989-08-19,0.0
Paulo Costa,12,8,4,0.6666666666666666,77.83333333333333,131.33333333333334,0.5926395939086294,0.25,0.5833333333333334,0.42857142857142855,0.0,0.08333333333333333,42.0,75.33333333333333,2.25,0.8888888888888888,0.6666666666666666,0.6178217821782178,0.6,0.5955204216073782,185.42,182.88,1991-04-21,0.0
Trevor Smith,12,5,7,0.4166666666666667,43.166666666666664,77.5,0.556989247311828,1.3333333333333333,4.0,0.3333333333333333,0.5,0.25,287.0833333333333,40.916666666666664,1.5833333333333333,0.1578947368421053,0.0,0.4785714285714286,0.2,0.4864864864864865,190.5,190.5,1981-01-05,0.0
Joshua Van,12,11,1,0.9166666666666666,117.58333333333333,204.08333333333334,0.5761535320538995,0.6666666666666666,1.0833333333333333,0.6153846153846154,0.25,0.08333333333333333,64.41666666666667,83.0,7.666666666666667,0.9130434782608696,1.0,0.6061776061776062,1.0,0.6182692307692308,165.1,165.1,2001-10-10,0.0
Claudia Gadelha,12,7,5,0.5833333333333334,49.166666666666664,118.33333333333333,0.4154929577464789,3.0,7.0,0.42857142857142855,0.6666666666666666,0.0,267.5,67.75,1.4166666666666667,-1.1176470588235294,0.6666666666666666,0.387409200968523,0.6,0.398981324278438,162.56,160.02,1988-12-07,0.0
Jimmie Rivera,11,7,4,0.6363636363636364,50.18181818181818,124.36363636363636,0.40350877192982454,0.7272727272727273,2.6363636363636362,0.27586206896551724,0.09090909090909091,0.0,53.09090909090909,48.63636363636363,2.4545454545454546,0.7037037037037037,0.3333333333333333,0.3924050632911392,0.4,0.39824304538799415,162.56,172.72,1989-06-29,0.0
Vanessa Demopoulos,11,5,6,0.45454545454545453,41.63636363636363,104.54545454545455,0.3982608695652174,0.2727272727272727,2.6363636363636362,0.10344827586206896,0.18181818181818182,0.09090909090909091,87.0,67.81818181818181,1.7272727272727273,0.8421052631578947,0.0,0.3081395348837209,0.2,0.3481953290870488,157.48,149.86,1988-09-22,0.0
Aiemann Zahabi,11,8,3,0.7272727272727273,52.90909090909091,110.0,0.4809917355371901,0.09090909090909091,0.6363636363636364,0.14285714285714285,0.0,0.09090909090909091,30.272727272727273,48.63636363636363,2.8181818181818183,0.967741935483871,0.6666666666666666,0.5208845208845209,0.8,0.5031766200762389,172.72,172.72,1987-11-19,0.0
George Sotiropoulos,11,7,4,0.6363636363636364,25.545454545454547,95.45454545454545,0.26761904761904765,1.5454545454545454,4.909090909090909,0.3148148148148148,1.0909090909090908,0.18181818181818182,174.0,25.09090909090909,1.0909090909090908,-0.41666666666666674,0.0,0.25595238095238093,0.2,0.23442622950819672,177.8,180.34,1977-07-09,0.0
Tom Lawlor,11,6,5,0.5454545454545454,22.181818181818183,52.27272727272727,0.42434782608695654,1.4545454545454546,4.545454545454546,0.32,0.8181818181818182,0.0,203.0909090909091,21.363636363636363,1.7272727272727273,0.1578947368421053,0.6666666666666666,0.36585365853658536,0.6,0.34,182.88,187.96,1983-05-15,1.0
Chas Skelly,11,8,3,0.7272727272727273,17.818181818181817,45.0,0.39595959595959596,1.0909090909090908,3.272727272727273,0.3333333333333333,1.5454545454545454,0.45454545454545453,217.63636363636363,30.90909090909091,2.0,0.4545454545454546,0.6666666666666666,0.42105263157894735,0.8,0.4195121951219512,180.34,182.88,1985-05-11,0.0
Dhiego Lima,11,4,7,0.36363636363636365,27.0,69.18181818181819,0.3902759526938239,0.7272727272727273,2.090909090909091,0.34782608695652173,0.36363636363636365,0.0,76.72727272727273,33.63636363636363,3.090909090909091,0.7647058823529411,0.3333333333333333,0.3425414364640884,0.6,0.3553113553113553,187.96,190.5,1989-01-31,0.0
Luke Rockhold,11,6,5,0.5454545454545454,34.18181818181818,60.09090909090909,0.5688350983358548,0.5454545454545454,1.8181818181818181,0.3,0.5454545454545454,0.09090909090909091,102.0,25.90909090909091,1.1818181818181819,0.5384615384615384,0.0,0.4888888888888889,0.2,0.5331412103746398,190.5,195.58,1984-10-17,1.0
Nate Landwehr,11,5,6,0.45454545454545453,51.90909090909091,113.45454545454545,0.45753205128205127,0.45454545454545453,1.0909090909090908,0.4166666666666667,0.45454545454545453,0.18181818181818182,64.72727272727273,55.72727272727273,2.909090909090909,0.84375,0.0,0.4087301587301587,0.2,0.4091778202676864,175.26,182.88,1988-06-06,0.0
Brendan Schaub,11,6,5,0.5454545454545454,20.636363636363637,54.72727272727273,0.3770764119601329,1.0909090909090908,2.3636363636363638,0.46153846153846156,0.18181818181818182,0.09090909090909091,134.0909090909091,15.636363636363637,1.0,-0.09090909090909083,0.3333333333333333,0.37404580152671757,0.4,0.4245810055865922,193.04,198.12,1983-03-18,0.0
Pannie Kianzad,11,5,6,0.45454545454545453,64.81818181818181,131.63636363636363,0.4924033149171271,0.36363636363636365,1.0909090909090908,0.3333333333333333,0.09090909090909091,0.09090909090909091,105.18181818181819,54.36363636363637,2.909090909090909,0.875,0.0,0.48535564853556484,0.2,0.4909456740442656,170.18,167.64,1991-12-08,0.0
Chidi Njokuani,11,6,5,0.5454545454545454,57.54545454545455,93.27272727272727,0.6169590643274854,0.0,0.6363636363636364,0.0,0.09090909090909091,0.0,72.72727272727273,36.63636363636363,3.6363636363636362,1.0,0.3333333333333333,0.6306306306306306,0.6,0.6347569955817378,190.5,203.2,1988-12-31,0.0
Felipe Arantes,11,5,6,0.45454545454545453,27.636363636363637,62.72727272727273,0.4405797101449275,0.6363636363636364,1.5454545454545454,0.4117647058823529,0.6363636363636364,0.6363636363636364,128.45454545454547,32.18181818181818,3.4545454545454546,0.8157894736842105,0.0,0.3648068669527897,0.4,0.3709677419354839,172.72,185.42,1988-02-09,0.0
Lucie Pudilova,11,3,8,0.2727272727272727,49.18181818181818,130.45454545454547,0.37700348432055747,0.6363636363636364,2.0,0.3181818181818182,0.5454545454545454,0.18181818181818182,184.36363636363637,55.63636363636363,2.5454545454545454,0.75,0.0,0.4015748031496063,0.2,0.35564853556485354,172.72,170.18,1994-06-13,0.0
Darren Till,11,6,5,0.5454545454545454,29.636363636363637,64.81818181818181,0.45722300140252453,0.5454545454545454,0.9090909090909091,0.6,0.0,0.09090909090909091,54.72727272727273,41.45454545454545,4.454545454545454,0.8775510204081632,0.0,0.4657534246575342,0.2,0.48328267477203646,182.88,187.96,1992-12-24,1.0
Steve Garcia,11,8,3,0.7272727272727273,30.818181818181817,65.45454545454545,0.4708333333333333,0.36363636363636365,0.6363636363636364,0.5714285714285714,0.18181818181818182,0.09090909090909091,56.45454545454545,12.454545454545455,1.3636363636363635,0.7333333333333334,0.6666666666666666,0.39663461538461536,0.8,0.42083333333333334,182.88,190.5,1992-05-22,1.0
Pat Sabatini,11,9,2,0.8181818181818182,16.181818181818183,29.636363636363637,0.5460122699386503,2.727272727272727,6.636363636363637,0.410958904109589,0.8181818181818182,0.09090909090909091,408.27272727272725,11.090909090909092,0.7272727272727273,-2.75,1.0,0.46923076923076923,0.8,0.48299319727891155,172.72,177.8,1990-11-09,0.0
Marlon Moraes,11,5,6,0.45454545454545453,26.363636363636363,64.9090909090909,0.4061624649859944,0.45454545454545453,1.0909090909090908,0.4166666666666667,0.18181818181818182,0.0,33.0,35.45454545454545,1.1818181818181819,0.6153846153846154,0.0,0.5802469135802469,0.2,0.44776119402985076,167.64,170.18,1988-04-26,0.0
Amir Sadollah,11,6,5,0.5454545454545454,56.45454545454545,121.45454545454545,0.4648203592814371,0.45454545454545453,1.6363636363636365,0.2777777777777778,0.2727272727272727,0.0,100.18181818181819,42.63636363636363,4.636363636363637,0.9019607843137255,0.3333333333333333,0.4371069182389937,0.4,0.4283646888567294,177.8,190.5,1980-08-27,0.0
Ignacio Bahamondes,11,7,4,0.6363636363636364,66.0,144.0,0.4583333333333333,0.0,0.8181818181818182,0.0,0.45454545454545453,0.09090909090909091,42.09090909090909,46.09090909090909,3.6363636363636362,1.0,0.3333333333333333,0.43360433604336046,0.6,0.45372460496614,190.5,190.5,1997-08-27,0.0
Uros Medic,11,8,3,0.7272727272727273,20.363636363636363,35.0,0.5818181818181818,0.09090909090909091,0.18181818181818182,0.5,0.0,0.0,8.727272727272727,13.545454545454545,1.6363636363636365,0.9444444444444444,1.0,0.6304347826086957,0.8,0.6206896551724138,185.42,180.34,1993-04-25,1.0
Fabio Maldonado,11,5,6,0.45454545454545453,65.18181818181819,110.72727272727273,0.5886699507389163,0.36363636363636365,0.6363636363636364,0.5714285714285714,0.45454545454545453,0.09090909090909091,90.63636363636364,53.09090909090909,5.7272727272727275,0.9365079365079365,0.3333333333333333,0.5170940170940171,0.4,0.5555555555555556,185.42,190.5,1980-03-17,0.0
Carlos Ulberg,11,10,1,0.9090909090909091,50.27272727272727,89.72727272727273,0.5602836879432624,0.2727272727272727,0.45454545454545453,0.6,0.09090909090909091,0.0,19.545454545454547,30.727272727272727,0.6363636363636364,0.5714285714285714,1.0,0.5231481481481481,1.0,0.505800464037123,193.04,195.58,1990-11-07,0.0
Tatiana Suarez,11,10,1,0.9090909090909091,31.181818181818183,52.36363636363637,0.5954861111111112,3.3636363636363638,7.818181818181818,0.43023255813953487,0.45454545454545453,0.0,418.90909090909093,18.818181818181817,0.6363636363636364,-4.285714285714286,1.0,0.5,0.8,0.4603174603174603,165.1,167.64,1990-12-19,1.0
Seth Baczynski,11,5,6,0.45454545454545453,28.181818181818183,89.27272727272727,0.31568228105906315,0.5454545454545454,3.272727272727273,0.16666666666666666,0.45454545454545453,0.0,115.72727272727273,28.727272727272727,2.8181818181818183,0.8064516129032258,0.0,0.28465346534653463,0.2,0.29545454545454547,190.5,190.5,1981-10-26,0.0
Elise Reed,11,4,7,0.36363636363636365,35.0,67.54545454545455,0.5181695827725438,0.2727272727272727,0.5454545454545454,0.5,0.0,0.09090909090909091,48.81818181818182,43.18181818181818,5.0,0.9454545454545454,0.3333333333333333,0.5654952076677316,0.2,0.5398230088495575,160.02,160.02,1992-12-05,0.0
Cody Gibson,11,3,8,0.2727272727272727,36.63636363636363,78.0909090909091,0.4691501746216531,1.3636363636363635,3.6363636363636362,0.375,0.6363636363636364,0.0,148.0909090909091,34.90909090909091,2.272727272727273,0.4,0.0,0.5935483870967742,0.4,0.568075117370892,177.8,180.34,1987-09-11,0.0
Said Nurmagomedov,11,7,4,0.6363636363636364,29.181818181818183,60.09090909090909,0.4856278366111952,0.5454545454545454,3.5454545454545454,0.15384615384615385,0.7272727272727273,0.18181818181818182,64.27272727272727,19.454545454545453,3.4545454545454546,0.8421052631578947,0.3333333333333333,0.5163934426229508,0.4,0.536697247706422,172.72,177.8,1992-04-05,0.0
Sumudaerji,11,7,4,0.6363636363636364,48.54545454545455,95.9090909090909,0.5061611374407583,0.45454545454545453,1.4545454545454546,0.3125,0.36363636363636365,0.36363636363636365,55.81818181818182,24.636363636363637,5.2727272727272725,0.9137931034482758,1.0,0.49299719887955185,0.8,0.4813008130081301,172.72,182.88,1996-01-20,1.0
Manel Kape,11,8,3,0.7272727272727273,52.72727272727273,95.72727272727273,0.5508072174738842,0.2727272727272727,0.9090909090909091,0.3,0.18181818181818182,0.09090909090909091,19.818181818181817,43.72727272727273,3.8181818181818183,0.9285714285714286,1.0,0.5,0.8,0.5560975609756098,165.1,172.72,1993-11-14,1.0
Don'Tale Mayes,11,4,7,0.36363636363636365,34.0,82.45454545454545,0.412348401323043,0.6363636363636364,1.3636363636363635,0.4666666666666667,0.0,0.0,107.0,43.36363636363637,2.5454545454545454,0.75,0.0,0.43661971830985913,0.2,0.42857142857142855,198.12,205.74,1992-01-16,0.0
Khaos Williams,11,7,4,0.6363636363636364,46.09090909090909,117.45454545454545,0.39241486068111453,0.0,0.18181818181818182,0.0,0.0,0.0,67.18181818181819,49.45454545454545,2.6363636363636362,1.0,0.3333333333333333,0.36363636363636365,0.6,0.42447418738049714,182.88,195.58,1994-03-30,0.0
Kyoji Horiguchi,11,9,2,0.8181818181818182,50.45454545454545,106.0,0.47598627787307035,1.5454545454545454,3.8181818181818183,0.40476190476190477,0.09090909090909091,0.0,180.9090909090909,28.818181818181817,4.454545454545454,0.653061224489796,0.6666666666666666,0.5601503759398496,0.8,0.5487077534791253,165.1,167.64,1990-10-12,0.0
Alessio Di Chirico,11,4,7,0.36363636363636365,34.09090909090909,85.81818181818181,0.3972457627118644,1.0,2.5454545454545454,0.39285714285714285,0.0,0.0,64.27272727272727,35.36363636363637,2.1818181818181817,0.5416666666666667,0.3333333333333333,0.3443708609271523,0.2,0.334916864608076,182.88,187.96,1989-12-12,0.0
Charlie Brenneman,11,4,7,0.36363636363636365,11.727272727272727,20.727272727272727,0.5657894736842105,2.1818181818181817,5.181818181818182,0.42105263157894735,0.0,0.09090909090909091,286.90909090909093,12.0,1.0,-1.1818181818181817,0.0,0.5641025641025641,0.0,0.4716981132075472,177.8,177.8,1981-02-09,0.0
Loma Lookboonmee,11,7,4,0.6363636363636364,47.18181818181818,84.63636363636364,0.5574650912996778,1.5454545454545454,3.090909090909091,0.5,0.09090909090909091,0.09090909090909091,115.36363636363636,32.27272727272727,4.2727272727272725,0.6382978723404256,0.3333333333333333,0.4513888888888889,0.6,0.49469964664310956,154.94,154.94,1996-01-18,0.0
Stevie Ray,11,7,4,0.6363636363636364,40.81818181818182,90.81818181818181,0.4494494494494494,0.5454545454545454,1.1818181818181819,0.46153846153846156,0.45454545454545453,0.0,85.45454545454545,32.09090909090909,2.4545454545454546,0.7777777777777778,0.6666666666666666,0.4343163538873995,0.4,0.43018018018018017,177.8,177.8,1990-03-25,1.0
Brunno Ferreira,11,6,5,0.5454545454545454,23.727272727272727,52.90909090909091,0.4484536082474227,0.45454545454545453,2.0,0.22727272727272727,0.2727272727272727,0.09090909090909091,24.727272727272727,30.181818181818183,2.3636363636363638,0.8076923076923077,0.0,0.31547619047619047,0.4,0.42024539877300615,177.8,182.88,1992-11-04,0.0
Brian Stann,11,6,5,0.5454545454545454,30.272727272727273,69.9090909090909,0.43302990897269183,0.0,0.5454545454545454,0.0,0.2727272727272727,0.09090909090909091,94.18181818181819,24.454545454545453,5.090909090909091,1.0,0.3333333333333333,0.472,0.4,0.4677871148459384,185.42,187.96,1980-09-24,0.0
Chris Curtis,11,6,5,0.5454545454545454,74.72727272727273,150.8181818181818,0.49547920433996384,0.0,0.09090909090909091,0.0,0.0,0.18181818181818182,16.90909090909091,77.54545454545455,7.090909090909091,1.0,0.3333333333333333,0.48769574944071586,0.4,0.5095137420718816,177.8,190.5,1987-07-15,0.0
Joanderson Brito,11,8,3,0.7272727272727273,18.90909090909091,37.36363636363637,0.5060827250608273,1.6363636363636365,2.4545454545454546,0.6666666666666666,0.7272727272727273,0.09090909090909091,176.0,19.09090909090909,2.3636363636363638,0.3076923076923077,1.0,0.5979381443298969,0.6,0.5202312138728323,172.72,182.88,1995-02-11,0.0
Shane Burgos,11,8,3,0.7272727272727273,94.54545454545455,180.36363636363637,0.5241935483870968,0.36363636363636365,0.8181818181818182,0.4444444444444444,0.36363636363636365,0.0,81.72727272727273,86.54545454545455,6.454545454545454,0.9436619718309859,0.6666666666666666,0.5748175182481752,0.6,0.5750262329485835,180.34,190.5,1991-03-19,0.0
Aaron Simpson,11,7,4,0.6363636363636364,41.27272727272727,78.18181818181819,0.5279069767441861,2.909090909090909,8.363636363636363,0.34782608695652173,0.36363636363636365,0.0,291.45454545454544,29.09090909090909,2.727272727272727,-0.06666666666666665,0.3333333333333333,0.6616161616161617,0.6,0.5742574257425742,182.88,185.42,1974-07-20,0.0
SeungWoo Choi,11,4,7,0.36363636363636365,34.90909090909091,89.72727272727273,0.3890577507598784,0.5454545454545454,1.0,0.5454545454545454,0.0,0.0,107.36363636363636,31.0,4.0,0.8636363636363636,0.3333333333333333,0.46551724137931033,0.2,0.37317073170731707,182.88,187.96,1992-11-03,0.0
Shamil Abdurakhimov,11,5,6,0.45454545454545453,22.818181818181817,51.54545454545455,0.4426807760141093,0.6363636363636364,2.727272727272727,0.23333333333333334,0.09090909090909091,0.0,66.72727272727273,28.545454545454547,2.0,0.6818181818181819,0.0,0.41836734693877553,0.2,0.41450777202072536,190.5,193.04,1981-09-02,0.0
Montana De La Rosa,11,6,5,0.5454545454545454,35.81818181818182,97.0909090909091,0.36891385767790263,1.3636363636363635,3.8181818181818183,0.35714285714285715,0.7272727272727273,0.09090909090909091,216.0909090909091,40.36363636363637,1.7272727272727273,0.21052631578947367,0.3333333333333333,0.3594936708860759,0.4,0.38702928870292885,170.18,172.72,1995-02-14,0.0
Mirko Filipovic,11,5,6,0.45454545454545453,21.454545454545453,48.63636363636363,0.4411214953271028,0.18181818181818182,0.5454545454545454,0.3333333333333333,0.2727272727272727,0.0,81.54545454545455,28.545454545454547,3.3636363636363638,0.9459459459459459,0.3333333333333333,0.5,0.4,0.4249201277955272,187.96,185.42,1974-09-10,1.0
Ashley Yoder,11,3,8,0.2727272727272727,51.27272727272727,130.9090909090909,0.39166666666666666,1.0909090909090908,3.909090909090909,0.27906976744186046,0.5454545454545454,0.45454545454545453,237.54545454545453,61.90909090909091,2.1818181818181817,0.5,0.0,0.36553945249597425,0.2,0.3667953667953668,170.18,175.26,1987-10-20,1.0
TJ Grant,11,8,3,0.7272727272727273,46.36363636363637,85.81818181818181,0.5402542372881356,1.2727272727272727,2.909090909090909,0.4375,0.45454545454545453,0.45454545454545453,175.1818181818182,37.72727272727273,3.4545454545454546,0.631578947368421,1.0,0.5483146067415731,1.0,0.5401929260450161,177.8,182.88,1984-02-26,0.0
Tyson Pedro,11,6,5,0.5454545454545454,20.818181818181817,35.0,0.5948051948051948,0.36363636363636365,1.1818181818181819,0.3076923076923077,0.36363636363636365,0.0,61.18181818181818,17.181818181818183,2.1818181818181817,0.8333333333333334,0.3333333333333333,0.5352941176470588,0.6,0.5666666666666667,190.5,200.66,1991-09-17,0.0
Jack Della Maddalena,11,9,2,0.8181818181818182,64.0909090909091,120.63636363636364,0.5312735493594575,0.2727272727272727,1.0909090909090908,0.25,0.09090909090909091,0.0,23.727272727272727,57.0,4.636363636363637,0.9411764705882353,0.3333333333333333,0.49478079331941544,0.6,0.5164141414141414,180.34,185.42,1996-09-10,0.0
Nassourdine Imavov,11,9,2,0.8181818181818182,66.0909090909091,122.0,0.5417287630402384,0.5454545454545454,2.1818181818181817,0.25,1.0,0.0,143.1818181818182,50.45454545454545,3.909090909090909,0.8604651162790697,1.0,0.5483870967741935,1.0,0.5764119601328903,190.5,190.5,1995-03-01,0.0
Elias Theodorou,11,8,3,0.7272727272727273,58.54545454545455,138.54545454545453,0.4225721784776903,1.1818181818181819,4.181818181818182,0.2826086956521739,0.0,0.2727272727272727,185.0,33.36363636363637,4.454545454545454,0.7346938775510203,0.6666666666666666,0.4508670520231214,0.6,0.4535840188014101,185.42,190.5,1988-05-31,0.0
Keita Nakamura,11,4,7,0.36363636363636365,30.636363636363637,85.81818181818181,0.3569915254237288,1.6363636363636365,3.1818181818181817,0.5142857142857142,0.36363636363636365,0.18181818181818182,129.45454545454547,47.63636363636363,3.272727272727273,0.5,0.3333333333333333,0.36015325670498083,0.4,0.35802469135802467,180.34,185.42,1984-05-22,1.0
Jailton Almeida,11,8,3,0.7272727272727273,19.727272727272727,31.09090909090909,0.6345029239766082,3.090909090909091,5.636363636363637,0.5483870967741935,0.9090909090909091,0.18181818181818182,349.3636363636364,11.0,0.2727272727272727,-10.333333333333334,0.3333333333333333,0.5833333333333334,0.4,0.5752212389380531,190.5,200.66,1991-06-26,0.0
Matt Frevola,11,5,6,0.45454545454545453,24.90909090909091,61.90909090909091,0.4023494860499266,1.1818181818181819,2.8181818181818183,0.41935483870967744,0.2727272727272727,0.36363636363636365,78.54545454545455,29.545454545454547,2.1818181818181817,0.45833333333333337,0.0,0.3137254901960784,0.4,0.35947712418300654,175.26,180.34,1990-06-11,0.0
Dricus Du Plessis,11,10,1,0.9090909090909091,82.36363636363636,168.27272727272728,0.48946515397082657,2.0,4.090909090909091,0.4888888888888889,0.6363636363636364,0.09090909090909091,96.36363636363636,66.9090909090909,2.727272727272727,0.2666666666666667,0.6666666666666666,0.4805194805194805,0.8,0.4481576692373608,185.42,193.04,1994-01-14,0.0
Ken Shamrock,11,6,5,0.5454545454545454,7.090909090909091,18.636363636363637,0.3804878048780488,0.45454545454545453,0.8181818181818182,0.5555555555555556,0.7272727272727273,0.0,3.5454545454545454,14.272727272727273,1.0909090909090908,0.5833333333333333,0.0,0.0,0.2,0.36363636363636365,185.42,182.88,1964-02-11,0.0
Matheus Nicolau,11,7,4,0.6363636363636364,37.09090909090909,71.45454545454545,0.5190839694656488,0.9090909090909091,2.090909090909091,0.43478260869565216,0.6363636363636364,0.0,97.54545454545455,33.45454545454545,1.9090909090909092,0.5238095238095238,0.0,0.39215686274509803,0.4,0.48,167.64,167.64,1993-01-06,0.0
Terry Etim,11,6,5,0.5454545454545454,20.818181818181817,58.09090909090909,0.35837245696400627,0.2727272727272727,0.9090909090909091,0.3,0.9090909090909091,0.09090909090909091,32.18181818181818,24.363636363636363,3.0,0.9090909090909091,0.3333333333333333,0.2543352601156069,0.4,0.272,185.42,185.42,1986-01-11,0.0
Bethe Correia,11,5,6,0.45454545454545453,56.45454545454545,129.0909090909091,0.4373239436619718,0.18181818181818182,1.6363636363636365,0.1111111111111111,0.0,0.18181818181818182,88.72727272727273,61.36363636363637,1.9090909090909092,0.9047619047619048,0.3333333333333333,0.4244604316546763,0.2,0.4026548672566372,165.1,162.56,1983-06-22,0.0
Godofredo Pepey,11,5,6,0.45454545454545453,17.181818181818183,45.0,0.38181818181818183,0.18181818181818182,2.4545454545454546,0.07407407407407407,0.7272727272727273,0.36363636363636365,60.63636363636363,23.90909090909091,1.8181818181818181,0.9,0.3333333333333333,0.34334763948497854,0.4,0.36727272727272725,170.18,185.42,1987-07-02,0.0
Lina Lansberg,11,4,7,0.36363636363636365,35.45454545454545,63.90909090909091,0.5547652916073968,0.45454545454545453,1.6363636363636365,0.2777777777777778,0.09090909090909091,0.18181818181818182,207.9090909090909,50.90909090909091,3.4545454545454546,0.868421052631579,0.0,0.5050505050505051,0.2,0.5041322314049587,170.18,165.1,1982-03-13,0.0
Hector Lombard,11,3,8,0.2727272727272727,34.72727272727273,69.0909090909091,0.5026315789473684,1.1818181818181819,2.5454545454545454,0.4642857142857143,0.18181818181818182,0.0,144.54545454545453,38.09090909090909,2.4545454545454546,0.5185185185185186,0.0,0.5263157894736842,0.0,0.4859335038363171,175.26,180.34,1978-02-02,1.0
Tanner Boser,11,5,6,0.45454545454545453,52.36363636363637,97.81818181818181,0.5353159851301115,0.0,0.09090909090909091,0.0,0.0,0.09090909090909091,49.09090909090909,32.63636363636363,2.090909090909091,1.0,0.3333333333333333,0.5640243902439024,0.4,0.5436893203883495,187.96,190.5,1991-08-02,0.0
Antonio Rodrigo Nogueira,11,5,6,0.45454545454545453,24.0,58.81818181818182,0.4080370942812983,0.7272727272727273,3.3636363636363638,0.21621621621621623,0.9090909090909091,0.36363636363636365,127.72727272727273,32.72727272727273,0.7272727272727273,0.0,0.0,0.4473684210526316,0.2,0.47368421052631576,190.5,195.58,1976-06-02,0.0
Song Kenan,11,6,5,0.5454545454545454,44.0,93.63636363636364,0.46990291262135925,0.2727272727272727,0.9090909090909091,0.3,0.0,0.09090909090909091,18.727272727272727,57.09090909090909,3.090909090909091,0.9117647058823529,0.3333333333333333,0.4553314121037464,0.4,0.4752475247524752,182.88,180.34,1990-03-10,0.0
Sean Brady,11,9,2,0.8181818181818182,54.45454545454545,102.27272727272727,0.5324444444444445,3.1818181818181817,6.181818181818182,0.5147058823529411,0.7272727272727273,0.09090909090909091,379.90909090909093,37.0,1.3636363636363635,-1.3333333333333335,0.6666666666666666,0.48135593220338985,0.8,0.5335820895522388,177.8,182.88,1992-11-23,0.0
Ricardo Almeida,11,6,5,0.5454545454545454,23.181818181818183,43.45454545454545,0.5334728033472803,2.909090909090909,7.636363636363637,0.38095238095238093,1.0,0.0,290.90909090909093,14.0,1.1818181818181819,-1.4615384615384617,0.3333333333333333,0.5380710659898477,0.6,0.5559440559440559,182.88,187.96,1976-11-29,0.0
Marcin Prachnio,11,4,7,0.36363636363636365,53.90909090909091,98.81818181818181,0.5455381784728611,0.09090909090909091,0.45454545454545453,0.2,0.0,0.0,21.636363636363637,30.727272727272727,2.909090909090909,0.96875,0.3333333333333333,0.5274725274725275,0.4,0.5469798657718121,190.5,187.96,1988-07-14,0.0
Diego Lopes,11,8,3,0.7272727272727273,48.72727272727273,101.54545454545455,0.4798567591763653,0.9090909090909091,1.7272727272727273,0.5263157894736842,0.7272727272727273,0.09090909090909091,84.36363636363636,53.72727272727273,2.8181818181818183,0.6774193548387097,0.6666666666666666,0.467966573816156,0.6,0.4433139534883721,180.34,182.88,1994-12-30,0.0
Matthew Semelsberger,11,5,6,0.45454545454545453,40.81818181818182,95.0,0.4296650717703349,0.7272727272727273,1.2727272727272727,0.5714285714285714,0.2727272727272727,0.0,111.81818181818181,45.81818181818182,3.1818181818181817,0.7714285714285715,0.0,0.41624365482233505,0.2,0.42,185.42,190.5,1992-11-23,0.0
Hermes Franca,11,6,5,0.5454545454545454,23.454545454545453,59.90909090909091,0.3915022761760243,1.4545454545454546,3.8181818181818183,0.38095238095238093,2.090909090909091,0.45454545454545453,100.0,35.90909090909091,6.181818181818182,0.7647058823529411,0.3333333333333333,0.3852813852813853,0.4,0.3592814371257485,167.64,180.34,1974-08-26,0.0
Germaine de Randamie,10,7,3,0.7,31.7,66.0,0.4803030303030303,0.0,0.1,0.0,0.3,0.0,66.4,27.4,5.9,1.0,0.3333333333333333,0.4720812182741117,0.6,0.44983818770226536,175.26,180.34,1984-04-24,0.0
Claudio Puelles,10,5,5,0.5,18.2,40.8,0.44607843137254904,2.7,8.4,0.32142857142857145,0.7,0.0,325.0,30.0,1.0,-1.7000000000000002,0.0,0.34074074074074073,0.2,0.3333333333333333,177.8,182.88,1996-04-21,1.0
Anthony Hamilton,10,3,7,0.3,24.6,37.5,0.656,1.1,2.6,0.4230769230769231,0.0,0.0,161.5,19.0,1.4,0.2142857142857143,0.0,0.4842105263157895,0.2,0.4824561403508772,195.58,193.04,1980-04-14,0.0
Hakeem Dawodu,10,6,4,0.6,73.4,144.3,0.5086625086625086,0.0,0.2,0.0,0.0,0.4,79.1,45.4,4.9,1.0,0.3333333333333333,0.5772811918063314,0.4,0.5464052287581699,172.72,185.42,1991-07-02,0.0
DaMarques Johnson,10,4,6,0.4,13.4,35.5,0.37746478873239436,0.5,0.9,0.5555555555555556,0.3,0.2,81.4,23.8,2.1,0.7619047619047619,0.0,0.4024390243902439,0.2,0.41509433962264153,185.42,190.5,1982-06-28,0.0
Dan Hardy,10,6,4,0.6,30.4,86.0,0.35348837209302325,0.6,1.7,0.35294117647058826,0.3,0.0,117.2,42.5,3.1,0.8064516129032258,0.6666666666666666,0.35294117647058826,0.4,0.3354978354978355,182.88,187.96,1982-05-17,0.0
Frankie Saenz,10,5,5,0.5,50.9,107.3,0.4743709226467847,1.5,4.7,0.3191489361702128,0.1,0.2,161.8,45.2,6.0,0.75,0.3333333333333333,0.5396039603960396,0.4,0.5,167.64,167.64,1980-08-12,0.0
Alex Garcia,10,5,5,0.5,21.2,67.6,0.3136094674556213,2.9,5.5,0.5272727272727272,0.1,0.1,195.3,35.5,2.1,-0.38095238095238093,0.3333333333333333,0.3188405797101449,0.4,0.2830188679245283,175.26,182.88,1987-07-14,0.0
Peter Sobotta,10,4,6,0.4,25.1,62.5,0.4016,1.2,3.7,0.32432432432432434,0.4,0.1,218.7,34.1,0.9,-0.33333333333333326,0.3333333333333333,0.4396135265700483,0.4,0.4532871972318339,182.88,190.5,1987-01-11,1.0
Shawn Jordan,10,6,4,0.6,23.5,47.2,0.4978813559322034,0.9,2.6,0.34615384615384615,0.0,0.0,141.8,23.3,0.9,0.0,0.6666666666666666,0.4435483870967742,0.6,0.45535714285714285,182.88,190.5,1984-10-21,1.0
Karl Roberson,10,4,6,0.4,20.8,40.4,0.5148514851485149,0.4,1.0,0.4,0.3,0.3,86.6,20.0,2.7,0.8518518518518519,0.0,0.5245901639344263,0.2,0.4072164948453608,185.42,187.96,1990-10-04,1.0
Ji Yeon Kim,10,3,7,0.3,76.2,207.8,0.3666987487969201,0.0,0.4,0.0,0.1,0.1,89.7,76.7,2.0,1.0,0.0,0.4271523178807947,0.0,0.388551604509974,170.18,182.88,1989-10-18,0.0
Sijara Eubanks,10,5,5,0.5,57.8,133.7,0.4323111443530292,1.7,3.8,0.4473684210526316,0.3,0.2,282.2,46.1,2.1,0.19047619047619047,0.3333333333333333,0.4497354497354497,0.4,0.4651685393258427,162.56,170.18,1985-04-27,0.0
Bryan Caraway,10,6,4,0.6,30.9,89.5,0.3452513966480447,1.9,8.9,0.21348314606741572,0.6,0.1,223.0,46.1,2.1,0.09523809523809523,0.3333333333333333,0.3562753036437247,0.4,0.3327433628318584,172.72,172.72,1984-08-04,0.0
Christian Rodriguez,10,6,4,0.6,43.9,83.9,0.5232419547079857,1.6,4.0,0.4,1.0,0.6,170.7,34.3,7.7,0.7922077922077921,0.3333333333333333,0.5387096774193548,0.4,0.5224839400428265,170.18,180.34,1997-12-17,0.0
James Te Huna,10,5,5,0.5,24.2,47.1,0.5138004246284501,1.1,2.9,0.3793103448275862,0.1,0.0,141.2,17.9,1.7,0.3529411764705882,0.0,0.3333333333333333,0.2,0.5241935483870968,187.96,190.5,1981-09-29,0.0
Diego Brandao,10,6,4,0.6,23.3,48.6,0.4794238683127572,1.7,2.5,0.68,0.3,0.0,118.3,26.8,2.6,0.34615384615384615,0.6666666666666666,0.5503355704697986,0.4,0.4885844748858447,170.18,162.56,1987-05-27,0.0
Leonardo Santos,10,7,3,0.7,31.0,64.4,0.4813664596273292,0.7,2.2,0.3181818181818182,0.2,0.0,90.3,36.8,3.8,0.8157894736842105,0.0,0.5144230769230769,0.4,0.5393586005830904,182.88,190.5,1980-02-05,0.0
Don Frye,10,9,1,0.9,12.7,19.1,0.6649214659685864,0.4,0.6,0.6666666666666666,0.3,0.2,0.0,7.9,1.5,0.7333333333333334,1.0,0.4583333333333333,0.8,0.6097560975609756,185.42,,1965-11-23,0.0
Pat Miletich,10,8,2,0.8,14.7,32.8,0.4481707317073171,1.0,1.8,0.5555555555555556,0.5,0.1,94.6,12.0,2.4,0.5833333333333333,0.3333333333333333,0.4148936170212766,0.6,0.45714285714285713,177.8,,1968-03-09,0.0
Tatsuro Taira,10,8,2,0.8,33.7,62.0,0.5435483870967742,2.8,6.4,0.4375,1.0,0.4,380.1,36.5,1.3,-1.1538461538461537,0.6666666666666666,0.42857142857142855,0.6,0.43466666666666665,170.18,177.8,2000-01-27,0.0
Jacob Volkmann,10,6,4,0.6,13.4,38.9,0.3444730077120823,2.4,4.9,0.4897959183673469,1.5,0.2,336.7,20.1,1.7,-0.41176470588235303,0.3333333333333333,0.19753086419753085,0.6,0.29545454545454547,175.26,180.34,1980-09-05,1.0
Melquizael Costa,10,7,3,0.7,46.2,98.3,0.46998982706002035,1.1,3.1,0.3548387096774194,0.6,0.4,108.2,34.3,5.3,0.7924528301886793,0.6666666666666666,0.40594059405940597,0.8,0.4738562091503268,177.8,180.34,1996-09-14,1.0
Julio Arce,10,6,4,0.6,50.3,144.3,0.3485793485793486,0.4,1.4,0.2857142857142857,0.3,0.0,49.9,37.5,2.6,0.8461538461538461,0.6666666666666666,0.3872340425531915,0.6,0.3585476550680787,170.18,177.8,1989-10-27,1.0
Nate Quarry,10,7,3,0.7,29.8,66.9,0.445440956651719,0.1,0.3,0.3333333333333333,0.0,0.0,65.5,16.8,1.0,0.9,0.6666666666666666,0.3728813559322034,0.6,0.43,182.88,182.88,1972-03-18,0.0
Dooho Choi,10,6,4,0.6,38.6,71.6,0.5391061452513967,0.7,1.3,0.5384615384615384,0.3,0.0,69.1,38.6,1.7,0.5882352941176471,0.6666666666666666,0.5666666666666667,0.6,0.5431235431235432,177.8,177.8,1991-04-10,0.0
Andre Muniz,10,6,4,0.6,17.0,37.3,0.45576407506702415,2.5,4.8,0.5208333333333334,0.7,0.1,185.8,23.2,0.9,-1.7777777777777777,0.3333333333333333,0.4326923076923077,0.2,0.4375,185.42,198.12,1990-02-17,1.0
Ramiz Brahimaj,10,5,5,0.5,17.9,36.2,0.494475138121547,1.1,3.2,0.34375,0.8,0.1,124.7,27.0,3.0,0.6333333333333333,0.3333333333333333,0.5945945945945946,0.6,0.5833333333333334,177.8,182.88,1992-11-17,0.0
Sean Woodson,10,8,2,0.8,70.6,151.9,0.4647794601711652,0.5,1.1,0.45454545454545453,0.2,0.0,62.7,48.8,5.1,0.9019607843137255,0.6666666666666666,0.4666666666666667,0.8,0.46262341325811,187.96,198.12,1992-06-07,0.0
Ricky Glenn,10,4,6,0.4,44.5,106.4,0.4182330827067669,0.6,4.5,0.13333333333333333,0.2,0.0,114.8,51.3,3.8,0.8421052631578947,0.0,0.3560606060606061,0.2,0.3898809523809524,182.88,177.8,1989-04-12,1.0
Daniel Kelly,10,6,4,0.6,35.0,90.2,0.38802660753880264,1.2,3.5,0.34285714285714286,0.2,0.0,107.2,44.9,1.9,0.368421052631579,0.0,0.3223684210526316,0.4,0.3624161073825503,182.88,177.8,1977-10-31,1.0
Thiago Silva,10,7,3,0.7,29.9,65.4,0.45718654434250766,0.2,0.9,0.2222222222222222,0.2,0.0,37.7,26.2,3.9,0.9487179487179487,0.6666666666666666,0.44072164948453607,0.6,0.43125,187.96,187.96,1982-11-12,0.0
Jordan Leavitt,10,6,4,0.6,16.1,27.6,0.5833333333333334,1.4,4.8,0.2916666666666667,0.5,0.3,171.1,11.7,1.0,-0.3999999999999999,0.6666666666666666,0.45454545454545453,0.6,0.4787234042553192,175.26,180.34,1995-06-02,1.0
Alex White,10,4,6,0.4,43.1,102.6,0.42007797270955166,0.7,2.5,0.28,0.4,0.2,52.9,35.2,3.8,0.8157894736842105,0.3333333333333333,0.4759825327510917,0.4,0.4713375796178344,182.88,180.34,1988-10-22,1.0
Khamzat Chimaev,10,9,1,0.9,39.6,73.0,0.5424657534246575,3.5,6.0,0.5833333333333334,0.9,0.0,334.7,29.4,0.8,-3.375,0.6666666666666666,0.4742268041237113,0.8,0.4861878453038674,187.96,190.5,1994-05-01,0.0
Erik Koch,10,5,5,0.5,23.5,58.2,0.40378006872852235,0.7,1.6,0.4375,0.6,0.1,123.3,33.0,5.8,0.8793103448275862,0.3333333333333333,0.4274193548387097,0.4,0.4077669902912621,177.8,180.34,1988-10-04,1.0
Constantinos Philippou,10,6,4,0.6,24.4,69.5,0.3510791366906475,0.3,0.7,0.42857142857142855,0.2,0.1,63.5,30.5,4.4,0.9318181818181819,0.3333333333333333,0.25688073394495414,0.4,0.30288461538461536,180.34,185.42,1979-11-29,0.0
Phil Baroni,10,3,7,0.3,25.3,51.2,0.494140625,0.8,1.8,0.4444444444444444,0.3,0.2,147.0,39.6,4.7,0.8297872340425532,0.0,0.4030612244897959,0.0,0.4033898305084746,175.26,182.88,1976-04-16,0.0
Tracy Cortez,10,7,3,0.7,64.8,134.5,0.4817843866171004,1.7,4.6,0.3695652173913043,0.3,0.2,265.2,59.6,4.1,0.5853658536585367,0.3333333333333333,0.5041322314049587,0.4,0.445019404915912,165.1,165.1,1993-12-10,0.0
Mirsad Bektic,10,6,4,0.6,24.7,59.1,0.4179357021996616,2.7,5.1,0.5294117647058824,0.3,0.1,363.7,18.3,1.3,-1.076923076923077,0.0,0.273972602739726,0.4,0.30970149253731344,172.72,177.8,1991-02-16,0.0
Lerone Murphy,10,9,1,0.9,67.9,130.6,0.5199081163859112,1.3,2.4,0.5416666666666666,0.3,0.0,126.2,41.0,5.1,0.7450980392156863,0.6666666666666666,0.4393203883495146,0.8,0.5171232876712328,175.26,185.42,1991-07-22,0.0
Movsar Evloev,10,10,0,1.0,62.5,131.2,0.4763719512195122,5.1,9.7,0.5257731958762887,0.2,0.1,342.6,44.8,3.6,-0.41666666666666674,1.0,0.43543543543543545,1.0,0.5093062605752962,170.18,182.88,1994-02-11,0.0
Adrian Yanez,10,7,3,0.7,43.3,103.8,0.41714836223506746,0.0,0.1,0.0,0.0,0.0,11.8,40.1,1.1,1.0,0.6666666666666666,0.48698884758364314,0.4,0.44556962025316454,170.18,177.8,1993-11-29,0.0
Wilson Gouveia,10,6,4,0.6,20.1,50.3,0.3996023856858847,0.4,0.6,0.6666666666666666,1.0,0.0,47.1,27.0,1.9,0.7894736842105263,0.3333333333333333,0.328125,0.4,0.36619718309859156,185.42,193.04,1978-10-03,0.0
Ryan LaFlare,10,7,3,0.7,42.7,106.4,0.40131578947368424,2.1,4.7,0.44680851063829785,0.2,0.5,253.0,27.5,3.9,0.46153846153846156,0.3333333333333333,0.49230769230769234,0.6,0.3853658536585366,185.42,187.96,1983-10-01,1.0
Damir Hadzovic,10,4,6,0.4,32.9,68.8,0.47819767441860467,0.6,1.1,0.5454545454545454,0.1,0.1,46.2,36.9,4.6,0.8695652173913043,0.3333333333333333,0.5,0.2,0.4754601226993865,175.26,177.8,1986-08-08,0.0
Thomas Almeida,10,5,5,0.5,43.5,100.0,0.435,0.1,0.7,0.14285714285714285,0.0,0.0,6.0,44.3,2.9,0.9655172413793104,0.0,0.34036144578313254,0.2,0.39100346020761245,170.18,177.8,1991-07-31,1.0
Abel Trujillo,10,6,4,0.6,22.3,53.9,0.4137291280148423,1.4,3.2,0.4375,0.3,0.0,103.9,19.5,5.2,0.7307692307692308,0.3333333333333333,0.36764705882352944,0.6,0.3674418604651163,172.72,177.8,1983-09-18,0.0
Luana Carolina,10,6,4,0.6,60.4,119.1,0.5071368597816961,0.3,0.7,0.42857142857142855,0.5,0.2,132.0,46.7,4.9,0.9387755102040817,0.6666666666666666,0.5402597402597402,0.6,0.5201192250372578,167.64,175.26,1993-06-11,0.0
Francisco Rivera,10,4,6,0.4,36.9,93.9,0.3929712460063898,0.7,1.1,0.6363636363636364,0.4,0.0,25.8,30.5,3.7,0.8108108108108107,0.0,0.38997214484679665,0.2,0.37735849056603776,172.72,177.8,1981-10-08,0.0
Yves Jabouin,10,5,5,0.5,30.0,71.9,0.4172461752433936,1.3,2.4,0.5416666666666666,0.0,0.4,164.6,28.4,2.1,0.38095238095238093,0.3333333333333333,0.4292929292929293,0.4,0.4107142857142857,170.18,172.72,1979-05-30,0.0
Ilia Topuria,10,9,1,0.9,50.2,100.2,0.500998003992016,1.2,2.1,0.5714285714285714,0.6,0.0,128.0,41.4,2.1,0.4285714285714286,0.6666666666666666,0.5761194029850746,0.8,0.5026455026455027,170.18,175.26,1997-01-21,0.0
Ramsey Nijem,10,5,5,0.5,25.8,58.1,0.4440619621342513,3.0,4.8,0.625,0.6,0.1,246.1,13.7,0.9,-2.3333333333333335,0.3333333333333333,0.47093023255813954,0.4,0.4425087108013937,180.34,190.5,1988-04-01,0.0
Dustin Hazelett,10,5,5,0.5,12.2,30.2,0.40397350993377484,0.2,0.4,0.5,1.5,0.1,34.6,19.1,1.6,0.875,0.0,0.3548387096774194,0.4,0.35789473684210527,185.42,193.04,1986-04-29,0.0
Bill Algeo,10,5,5,0.5,62.4,121.8,0.5123152709359606,0.9,1.6,0.5625,0.1,0.4,130.9,46.3,5.2,0.8269230769230769,0.3333333333333333,0.4472934472934473,0.4,0.4786053882725832,182.88,185.42,1989-06-09,0.0
Veronica Hardy,10,5,5,0.5,39.0,84.8,0.45990566037735847,0.7,1.7,0.4117647058823529,0.3,0.3,104.3,41.3,3.1,0.7741935483870968,0.6666666666666666,0.47265625,0.8,0.5207373271889401,162.56,162.56,1995-10-30,1.0
Rich Clementi,10,5,5,0.5,17.1,45.9,0.37254901960784315,1.4,3.3,0.42424242424242425,0.8,0.3,149.8,25.6,2.3,0.3913043478260869,0.3333333333333333,0.2857142857142857,0.6,0.35406698564593303,175.26,182.88,1976-03-31,1.0
Alexandr Romanov,10,7,3,0.7,32.8,63.5,0.5165354330708661,2.6,4.7,0.5531914893617021,0.5,0.1,254.2,18.5,0.7,-2.7142857142857144,0.6666666666666666,0.5303643724696356,0.4,0.5089285714285714,187.96,190.5,1990-12-11,1.0
Jamahal Hill,10,6,4,0.6,66.3,132.3,0.5011337868480725,0.0,0.0,0.0,0.0,0.1,36.6,45.9,4.8,1.0,0.0,0.4366576819407008,0.4,0.5221621621621622,193.04,200.66,1991-05-19,1.0
Guido Cannetti,10,4,6,0.4,25.0,45.2,0.5530973451327433,1.1,2.0,0.55,0.2,0.2,98.2,20.6,3.1,0.6451612903225806,0.6666666666666666,0.6129032258064516,0.4,0.5927835051546392,167.64,172.72,1979-12-19,1.0
James Irvin,10,4,6,0.4,5.9,12.1,0.48760330578512395,0.0,0.2,0.0,0.1,0.1,10.2,11.1,1.9,1.0,0.0,0.4146341463414634,0.4,0.390625,187.96,190.5,1978-09-12,0.0
Andrew Sanchez,10,5,5,0.5,55.7,127.5,0.43686274509803924,2.2,6.0,0.36666666666666664,0.0,0.0,243.6,66.1,0.9,-1.4444444444444446,0.3333333333333333,0.43775100401606426,0.4,0.37800687285223367,185.42,187.96,1988-04-08,0.0
Liz Carmouche,10,5,5,0.5,31.4,59.2,0.5304054054054054,2.5,4.1,0.6097560975609756,0.4,0.0,256.1,30.2,2.4,-0.04166666666666674,0.6666666666666666,0.4644808743169399,0.6,0.5062893081761006,167.64,167.64,1984-02-19,0.0
Felice Herrig,10,5,5,0.5,42.5,113.1,0.3757736516357206,0.8,2.8,0.2857142857142857,0.6,0.3,167.8,57.5,2.0,0.6,0.0,0.4798206278026906,0.2,0.38373751783166904,162.56,165.1,1984-09-18,0.0
Manon Fiorot,10,8,2,0.8,79.8,195.3,0.40860215053763443,0.9,3.1,0.2903225806451613,0.0,0.0,105.3,53.9,2.4,0.625,0.3333333333333333,0.38498789346246975,0.6,0.3901705115346038,170.18,165.1,1990-02-17,0.0
Christian Leroy Duncan,10,8,2,0.8,46.9,80.9,0.5797280593325093,0.3,1.5,0.2,0.0,0.1,128.7,24.9,3.8,0.9210526315789473,1.0,0.5534351145038168,1.0,0.5426008968609866,187.96,200.66,1995-07-24,0.0
Lorenz Larkin,10,5,5,0.5,39.1,87.6,0.4463470319634703,0.1,0.4,0.25,0.0,0.2,35.4,32.3,4.4,0.9772727272727273,0.6666666666666666,0.4461538461538462,0.8,0.4857142857142857,180.34,182.88,1986-09-03,0.0
Renato Sobral,10,6,4,0.6,16.2,31.0,0.5225806451612903,1.6,2.4,0.6666666666666666,1.7,0.1,248.6,10.1,1.0,-0.6000000000000001,0.3333333333333333,0.5238095238095238,0.6,0.5548387096774193,185.42,190.5,1975-09-07,0.0
Kyler Phillips,10,6,4,0.6,64.3,149.9,0.42895263509006004,2.6,5.5,0.4727272727272727,0.3,0.1,170.1,52.8,4.0,0.35,0.0,0.34844192634560905,0.4,0.3791411042944785,172.72,182.88,1995-06-12,0.0
Chad Laprise,10,6,4,0.6,41.0,95.8,0.4279749478079332,0.6,1.1,0.5454545454545454,0.0,0.0,73.7,30.8,1.4,0.5714285714285714,0.3333333333333333,0.4880952380952381,0.6,0.44966442953020136,177.8,180.34,1986-07-23,0.0
Antonio Silva,10,3,7,0.3,9.7,19.6,0.49489795918367346,0.0,0.6,0.0,0.0,0.0,16.5,20.8,0.8,1.0,0.0,0.45569620253164556,0.2,0.4818181818181818,193.04,208.28,1979-09-14,0.0
Josh Barnett,10,7,3,0.7,39.2,63.7,0.6153846153846154,0.5,0.8,0.625,0.5,0.1,173.9,22.0,2.2,0.7727272727272727,0.6666666666666666,0.6591549295774648,0.6,0.6625,190.5,198.12,1977-11-10,0.0
Umar Nurmagomedov,10,8,2,0.8,50.2,88.7,0.5659526493799324,3.5,7.6,0.4605263157894737,0.2,0.0,306.3,24.7,3.4,-0.02941176470588225,0.6666666666666666,0.5374149659863946,0.6,0.4921190893169877,172.72,175.26,1996-01-03,0.0
Aoriqileng,10,4,6,0.4,38.6,76.8,0.5026041666666666,0.7,1.5,0.4666666666666667,0.1,0.0,63.6,48.3,4.3,0.8372093023255813,0.3333333333333333,0.5319148936170213,0.4,0.5449101796407185,170.18,175.26,1993-06-25,0.0
Jimmy Crute,10,6,4,0.6,13.8,27.1,0.5092250922509225,1.8,3.1,0.5806451612903226,0.8,0.4,115.9,11.3,1.0,-0.8,0.6666666666666666,0.4942528735632184,0.4,0.5,187.96,187.96,1996-03-04,0.0
Matthew Riddle,10,7,3,0.7,45.2,108.3,0.41735918744228995,2.9,5.5,0.5272727272727272,0.5,0.1,394.1,39.2,2.7,-0.07407407407407418,0.6666666666666666,0.3897849462365591,0.6,0.31136044880785413,185.42,193.04,1986-01-14,1.0
Sodiq Yusuff,10,6,4,0.6,53.9,111.2,0.4847122302158273,0.3,1.2,0.25,0.3,0.1,114.8,45.2,2.0,0.85,0.0,0.48868778280542985,0.4,0.5034843205574913,175.26,180.34,1993-05-19,0.0
Vitor Petrino,10,8,2,0.8,35.8,70.2,0.50997150997151,2.2,4.5,0.4888888888888889,0.5,0.4,221.9,28.6,2.8,0.2142857142857143,1.0,0.5955414012738853,0.8,0.5528846153846154,187.96,195.58,1997-08-28,0.0
Jamall Emmers,10,6,4,0.6,43.9,91.8,0.4782135076252723,1.6,3.0,0.5333333333333333,0.2,0.3,163.2,32.3,1.5,-0.06666666666666665,1.0,0.5434782608695652,0.8,0.5425531914893617,177.8,187.96,1989-07-24,0.0
Dominick Cruz,10,7,3,0.7,78.0,205.3,0.37993180711154406,2.8,8.8,0.3181818181818182,0.1,0.2,135.8,58.8,3.7,0.2432432432432432,0.6666666666666666,0.3917241379310345,0.4,0.3691886964448496,172.72,172.72,1985-03-09,0.0
Alessandro Costa,9,5,4,0.5555555555555556,32.111111111111114,68.66666666666667,0.46763754045307443,0.5555555555555556,2.111111111111111,0.2631578947368421,0.6666666666666666,0.0,53.22222222222222,34.44444444444444,3.2222222222222223,0.8275862068965517,1.0,0.515527950310559,0.6,0.39194139194139194,162.56,170.18,1996-01-28,0.0
Tom Aspinall,9,8,1,0.8888888888888888,16.444444444444443,24.444444444444443,0.6727272727272727,0.4444444444444444,0.4444444444444444,1.0,0.2222222222222222,0.0,34.0,5.888888888888889,0.2222222222222222,-1.0,1.0,0.7254901960784313,0.8,0.696969696969697,195.58,198.12,1993-04-11,0.0
Kyle Daukaus,9,4,5,0.4444444444444444,20.88888888888889,42.77777777777778,0.4883116883116883,0.8888888888888888,3.6666666666666665,0.24242424242424243,0.4444444444444444,0.2222222222222222,173.0,24.333333333333332,1.5555555555555556,0.4285714285714286,0.6666666666666666,0.5769230769230769,0.4,0.49122807017543857,190.5,193.04,1993-02-27,1.0
Ivan Menjivar,9,4,5,0.4444444444444444,23.0,63.111111111111114,0.3644366197183099,0.2222222222222222,0.7777777777777778,0.2857142857142857,0.6666666666666666,0.0,28.11111111111111,23.333333333333332,2.888888888888889,0.9230769230769231,0.0,0.38311688311688313,0.2,0.33653846153846156,167.64,162.56,1982-05-30,0.0
Justin Tafa,9,4,5,0.4444444444444444,24.555555555555557,44.77777777777778,0.5483870967741935,0.0,0.2222222222222222,0.0,0.0,0.0,29.444444444444443,30.666666666666668,1.6666666666666667,1.0,0.3333333333333333,0.5517241379310345,0.6,0.5357142857142857,182.88,187.96,1993-12-13,1.0
David Branch,9,4,5,0.4444444444444444,15.222222222222221,38.22222222222222,0.39825581395348836,1.5555555555555556,4.777777777777778,0.32558139534883723,0.0,0.0,228.66666666666666,17.444444444444443,1.7777777777777777,0.125,0.3333333333333333,0.34782608695652173,0.4,0.35714285714285715,185.42,198.12,1981-09-26,0.0
Jon Tuck,9,4,5,0.4444444444444444,36.0,89.88888888888889,0.4004944375772559,0.3333333333333333,1.0,0.3333333333333333,0.7777777777777778,0.1111111111111111,124.88888888888889,44.888888888888886,2.2222222222222223,0.85,0.3333333333333333,0.4514285714285714,0.4,0.3756476683937824,180.34,185.42,1984-08-28,0.0
Royce Gracie,9,8,1,0.8888888888888888,3.6666666666666665,7.0,0.5238095238095238,0.4444444444444444,1.1111111111111112,0.4,1.3333333333333333,0.2222222222222222,0.0,5.555555555555555,0.4444444444444444,0.0,0.6666666666666666,0.5555555555555556,0.8,0.4909090909090909,185.42,,1966-12-12,1.0
Jessica Penne,9,3,6,0.3333333333333333,36.22222222222222,106.11111111111111,0.3413612565445026,0.8888888888888888,6.333333333333333,0.14035087719298245,0.1111111111111111,0.1111111111111111,138.33333333333334,76.33333333333333,1.8888888888888888,0.5294117647058824,0.0,0.31218274111675126,0.4,0.332,165.1,170.18,1983-01-30,0.0
Raul Rosas Jr.,9,8,1,0.8888888888888888,25.11111111111111,56.888888888888886,0.44140625,3.6666666666666665,6.888888888888889,0.532258064516129,0.4444444444444444,0.3333333333333333,277.1111111111111,25.333333333333332,2.7777777777777777,-0.32000000000000006,1.0,0.43653250773993807,1.0,0.43427230046948356,175.26,170.18,2004-10-08,0.0
Jack Shore,9,6,3,0.6666666666666666,39.111111111111114,67.11111111111111,0.5827814569536424,2.3333333333333335,5.888888888888889,0.39622641509433965,0.4444444444444444,0.1111111111111111,209.88888888888889,25.11111111111111,3.0,0.2222222222222222,0.3333333333333333,0.5769230769230769,0.4,0.5843137254901961,172.72,180.34,1995-02-06,0.0
David Loiseau,9,4,5,0.4444444444444444,18.444444444444443,41.333333333333336,0.44623655913978494,0.3333333333333333,0.7777777777777778,0.42857142857142855,0.1111111111111111,0.2222222222222222,96.33333333333333,42.22222222222222,3.6666666666666665,0.9090909090909091,0.0,0.46808510638297873,0.2,0.39,182.88,193.04,1979-12-17,0.0
Eric Schafer,9,3,6,0.3333333333333333,15.666666666666666,45.44444444444444,0.34474327628361856,1.0,2.7777777777777777,0.36,1.0,0.3333333333333333,126.0,28.0,1.3333333333333333,0.25,0.0,0.24479166666666666,0.2,0.2781065088757396,190.5,193.04,1977-09-20,0.0
Duane Ludwig,9,4,5,0.4444444444444444,34.111111111111114,82.55555555555556,0.41318977119784656,0.1111111111111111,0.6666666666666666,0.16666666666666666,0.0,0.0,49.0,24.0,3.111111111111111,0.9642857142857143,0.0,0.4574468085106383,0.4,0.4058192955589586,177.8,177.8,1978-08-04,0.0
Jessica-Rose Clark,9,4,5,0.4444444444444444,44.77777777777778,86.77777777777777,0.5160051216389244,1.3333333333333333,3.111111111111111,0.42857142857142855,0.2222222222222222,0.2222222222222222,272.55555555555554,42.111111111111114,2.6666666666666665,0.5,0.0,0.4625,0.4,0.6150234741784038,165.1,162.56,1987-11-28,0.0
Denise Gomes,9,7,2,0.7777777777777778,41.55555555555556,82.22222222222223,0.5054054054054054,1.1111111111111112,3.2222222222222223,0.3448275862068966,0.5555555555555556,0.6666666666666666,178.77777777777777,32.333333333333336,4.888888888888889,0.7727272727272727,1.0,0.4342105263157895,1.0,0.4826086956521739,157.48,160.02,1999-12-30,0.0
Jonathan Pearce,9,5,4,0.5555555555555556,40.22222222222222,75.44444444444444,0.5331369661266568,3.2222222222222223,6.444444444444445,0.5,0.5555555555555556,0.3333333333333333,264.3333333333333,27.444444444444443,2.6666666666666665,-0.20833333333333326,0.0,0.4965986394557823,0.4,0.5675675675675675,182.88,180.34,1992-05-01,0.0
Paige VanZant,9,5,4,0.5555555555555556,35.0,67.22222222222223,0.5206611570247934,0.8888888888888888,2.6666666666666665,0.3333333333333333,0.6666666666666666,0.4444444444444444,224.22222222222223,27.444444444444443,3.5555555555555554,0.75,0.3333333333333333,0.49333333333333335,0.4,0.4622222222222222,162.56,165.1,1994-03-26,0.0
Jordan Mein,9,5,4,0.5555555555555556,31.22222222222222,65.88888888888889,0.47386172006745364,1.5555555555555556,2.5555555555555554,0.6086956521739131,0.2222222222222222,0.2222222222222222,160.88888888888889,25.0,2.4444444444444446,0.36363636363636365,0.6666666666666666,0.4469026548672566,0.4,0.4490861618798956,182.88,185.42,1989-10-10,0.0
Sarah Moras,9,3,6,0.3333333333333333,28.555555555555557,83.22222222222223,0.3431241655540721,0.5555555555555556,2.5555555555555554,0.21739130434782608,0.6666666666666666,0.2222222222222222,133.66666666666666,44.77777777777778,2.0,0.7222222222222222,0.3333333333333333,0.30985915492957744,0.2,0.33458646616541354,170.18,170.18,1988-04-30,0.0
Joe Solecki,9,5,4,0.5555555555555556,22.444444444444443,42.111111111111114,0.5329815303430079,1.5555555555555556,3.3333333333333335,0.4666666666666667,1.0,0.0,306.3333333333333,22.22222222222222,0.7777777777777778,-1.0,0.0,0.4659090909090909,0.4,0.42696629213483145,175.26,177.8,1993-08-27,0.0
Jai Herbert,9,4,5,0.4444444444444444,33.111111111111114,81.11111111111111,0.40821917808219177,0.2222222222222222,1.2222222222222223,0.18181818181818182,0.0,0.0,98.88888888888889,34.55555555555556,3.3333333333333335,0.9333333333333333,0.6666666666666666,0.42378048780487804,0.6,0.42585551330798477,185.42,195.58,1988-05-13,0.0
Joey Beltran,9,3,6,0.3333333333333333,57.55555555555556,159.22222222222223,0.3614794138171668,0.5555555555555556,2.6666666666666665,0.20833333333333334,0.0,0.1111111111111111,169.0,68.0,3.7777777777777777,0.8529411764705882,0.0,0.2768670309653916,0.2,0.32845894263217096,185.42,190.5,1981-12-08,0.0
Jamie Varner,9,3,6,0.3333333333333333,27.0,71.11111111111111,0.3796875,2.5555555555555554,4.222222222222222,0.6052631578947368,0.6666666666666666,0.2222222222222222,134.77777777777777,22.77777777777778,1.6666666666666667,-0.5333333333333334,0.0,0.34558823529411764,0.2,0.37540453074433655,172.72,180.34,1984-10-12,0.0
Jiri Prochazka,9,6,3,0.6666666666666666,57.55555555555556,103.66666666666667,0.5551982851018221,0.3333333333333333,0.5555555555555556,0.6,0.1111111111111111,0.4444444444444444,74.88888888888889,58.111111111111114,2.111111111111111,0.8421052631578947,0.6666666666666666,0.5634674922600619,0.6,0.5536480686695279,190.5,203.2,1992-10-14,0.0
Alan Patrick,9,5,4,0.5555555555555556,22.11111111111111,53.44444444444444,0.41372141372141374,2.5555555555555554,7.222222222222222,0.35384615384615387,0.2222222222222222,0.0,281.0,32.44444444444444,1.4444444444444444,-0.7692307692307692,0.0,0.3707865168539326,0.4,0.4297872340425532,180.34,187.96,1983-07-19,1.0
Jean Silva,9,7,2,0.7777777777777778,39.55555555555556,76.11111111111111,0.5197080291970803,0.6666666666666666,1.0,0.6666666666666666,0.4444444444444444,0.2222222222222222,19.666666666666668,42.22222222222222,4.111111111111111,0.8378378378378378,0.6666666666666666,0.5131578947368421,0.6,0.49344978165938863,,,,
Jason Knight,9,4,5,0.4444444444444444,37.55555555555556,111.33333333333333,0.3373253493013972,1.1111111111111112,3.5555555555555554,0.3125,1.4444444444444444,0.3333333333333333,126.44444444444444,38.44444444444444,3.7777777777777777,0.7058823529411764,0.0,0.24758842443729903,0.2,0.31648351648351647,177.8,180.34,1992-07-14,0.0
Mateusz Rebecki,9,5,4,0.5555555555555556,63.333333333333336,128.11111111111111,0.4943625325238508,2.2222222222222223,4.444444444444445,0.5,0.2222222222222222,0.1111111111111111,202.22222222222223,50.0,1.6666666666666667,-0.33333333333333326,0.3333333333333333,0.5607476635514018,0.4,0.49727520435967304,170.18,167.64,1992-11-03,1.0
Daniel Omielanczuk,9,4,5,0.4444444444444444,36.888888888888886,64.33333333333333,0.5734024179620034,0.4444444444444444,1.6666666666666667,0.26666666666666666,0.1111111111111111,0.2222222222222222,82.66666666666667,39.22222222222222,4.555555555555555,0.9024390243902439,0.0,0.4666666666666667,0.4,0.5199063231850117,182.88,187.96,1982-08-31,1.0
Steven Siler,9,5,4,0.5555555555555556,33.888888888888886,81.55555555555556,0.41553133514986373,0.3333333333333333,1.5555555555555556,0.21428571428571427,1.1111111111111112,0.1111111111111111,96.11111111111111,31.22222222222222,5.444444444444445,0.9387755102040817,0.0,0.3612565445026178,0.4,0.39556962025316456,180.34,177.8,1987-02-15,0.0
Ashlee Evans-Smith,9,3,6,0.3333333333333333,49.55555555555556,145.44444444444446,0.3407181054239878,0.7777777777777778,3.4444444444444446,0.22580645161290322,0.0,0.0,90.0,56.44444444444444,3.3333333333333335,0.7666666666666666,0.0,0.27522935779816515,0.2,0.3079896907216495,172.72,170.18,1987-07-09,0.0
Ryan Benoit,9,3,6,0.3333333333333333,34.0,86.88888888888889,0.391304347826087,0.2222222222222222,1.0,0.2222222222222222,0.3333333333333333,0.2222222222222222,40.77777777777778,43.111111111111114,7.222222222222222,0.9692307692307692,0.0,0.42216358839050133,0.2,0.40353982300884955,165.1,172.72,1989-08-25,0.0
Luigi Fioravanti,9,4,5,0.4444444444444444,23.77777777777778,55.44444444444444,0.4288577154308617,2.6666666666666665,4.222222222222222,0.631578947368421,0.6666666666666666,0.1111111111111111,169.33333333333334,23.555555555555557,3.111111111111111,0.1428571428571429,0.3333333333333333,0.43670886075949367,0.4,0.4124293785310734,172.72,177.8,1981-01-22,0.0
Joe Doerksen,9,2,7,0.2222222222222222,13.222222222222221,30.555555555555557,0.43272727272727274,1.3333333333333333,3.888888888888889,0.34285714285714286,1.5555555555555556,0.3333333333333333,122.66666666666667,28.666666666666668,2.6666666666666665,0.5,0.3333333333333333,0.4596774193548387,0.2,0.4697986577181208,182.88,190.5,1977-10-09,0.0
John Castaneda,9,4,5,0.4444444444444444,57.666666666666664,112.0,0.5148809523809523,1.2222222222222223,3.111111111111111,0.39285714285714285,0.3333333333333333,0.1111111111111111,120.55555555555556,63.55555555555556,2.7777777777777777,0.56,0.0,0.5182724252491694,0.4,0.5404929577464789,167.64,180.34,1991-12-18,0.0
Caio Borralho,9,8,1,0.8888888888888888,51.0,92.55555555555556,0.5510204081632653,1.1111111111111112,2.4444444444444446,0.45454545454545453,0.4444444444444444,0.4444444444444444,248.66666666666666,40.666666666666664,2.111111111111111,0.4736842105263158,0.6666666666666666,0.5317919075144508,0.8,0.5401785714285714,177.8,190.5,1993-01-16,1.0
Jonathan Goulet,9,4,5,0.4444444444444444,9.0,21.444444444444443,0.41968911917098445,1.5555555555555556,2.2222222222222223,0.7,0.2222222222222222,0.4444444444444444,135.33333333333334,11.222222222222221,2.2222222222222223,0.30000000000000004,0.3333333333333333,0.38144329896907214,0.4,0.42105263157894735,182.88,185.42,1979-07-13,0.0
Kurt Holobaugh,9,2,7,0.2222222222222222,50.666666666666664,112.66666666666667,0.44970414201183434,0.5555555555555556,1.6666666666666667,0.3333333333333333,0.5555555555555556,0.1111111111111111,108.44444444444444,49.22222222222222,4.0,0.8611111111111112,0.3333333333333333,0.4752186588921283,0.4,0.47735849056603774,180.34,177.8,1986-09-08,0.0
Erik Perez,9,7,2,0.7777777777777778,31.666666666666668,78.0,0.405982905982906,2.111111111111111,3.7777777777777777,0.5588235294117647,0.1111111111111111,0.3333333333333333,218.55555555555554,21.0,1.4444444444444444,-0.46153846153846145,1.0,0.35174418604651164,0.8,0.36639676113360325,172.72,172.72,1989-11-19,0.0
Steve Erceg,9,5,4,0.5555555555555556,62.77777777777778,134.0,0.4684908789386401,1.0,3.6666666666666665,0.2727272727272727,0.3333333333333333,0.2222222222222222,93.22222222222223,57.0,5.111111111111111,0.8043478260869565,0.6666666666666666,0.4785100286532951,0.4,0.4444444444444444,172.72,172.72,1995-07-27,0.0
Roosevelt Roberts,9,4,5,0.4444444444444444,27.77777777777778,67.0,0.41459369817578773,0.5555555555555556,2.7777777777777777,0.2,0.4444444444444444,0.1111111111111111,132.66666666666666,32.888888888888886,2.3333333333333335,0.7619047619047619,0.0,0.3446808510638298,0.2,0.40939597315436244,187.96,185.42,1994-02-11,0.0
Din Thomas,9,5,4,0.5555555555555556,20.22222222222222,53.666666666666664,0.37681159420289856,1.0,1.8888888888888888,0.5294117647058824,0.8888888888888888,0.0,149.66666666666666,28.333333333333332,6.666666666666667,0.85,0.3333333333333333,0.2426470588235294,0.6,0.3055555555555556,175.26,,1976-09-28,0.0
Jamie Pickett,9,2,7,0.2222222222222222,26.77777777777778,59.22222222222222,0.4521575984990619,0.7777777777777778,2.111111111111111,0.3684210526315789,0.0,0.0,70.22222222222223,39.55555555555556,4.444444444444445,0.825,0.0,0.3211009174311927,0.0,0.4366812227074236,187.96,203.2,1988-08-29,0.0
John Hathaway,9,7,2,0.7777777777777778,45.55555555555556,112.55555555555556,0.40473840078973344,2.3333333333333335,5.333333333333333,0.4375,0.7777777777777778,0.1111111111111111,308.77777777777777,24.11111111111111,4.555555555555555,0.4878048780487805,0.6666666666666666,0.35233160621761656,0.6,0.3456140350877193,185.42,190.5,1987-07-23,0.0
Greg Hardy,9,4,5,0.4444444444444444,32.111111111111114,64.77777777777777,0.4957118353344768,0.1111111111111111,0.3333333333333333,0.3333333333333333,0.0,0.0,36.111111111111114,24.333333333333332,1.5555555555555556,0.9285714285714286,0.0,0.5338983050847458,0.4,0.5189873417721519,195.58,203.2,1988-07-28,0.0
Alatengheili,9,6,3,0.6666666666666666,36.888888888888886,115.11111111111111,0.3204633204633205,1.8888888888888888,4.333333333333333,0.4358974358974359,0.0,0.0,140.22222222222223,70.0,0.4444444444444444,-3.25,0.6666666666666666,0.29395604395604397,0.6,0.3089171974522293,165.1,167.64,1991-12-14,0.0
Dennis Hallman,9,4,5,0.4444444444444444,10.444444444444445,23.22222222222222,0.44976076555023925,1.1111111111111112,3.6666666666666665,0.30303030303030304,1.3333333333333333,0.2222222222222222,205.33333333333334,18.22222222222222,0.4444444444444444,-1.5,0.6666666666666666,0.6382978723404256,0.6,0.5238095238095238,175.26,182.88,1975-12-02,0.0
Erin Blanchfield,9,8,1,0.8888888888888888,71.44444444444444,160.88888888888889,0.444060773480663,1.7777777777777777,5.222222222222222,0.3404255319148936,0.7777777777777778,0.1111111111111111,313.6666666666667,57.888888888888886,2.5555555555555554,0.30434782608695654,0.6666666666666666,0.37292464878671777,0.8,0.3918525703200776,162.56,167.64,1999-05-04,0.0
Paddy Pimblett,9,8,1,0.8888888888888888,53.77777777777778,102.0,0.5272331154684096,0.4444444444444444,2.111111111111111,0.21052631578947367,0.8888888888888888,0.1111111111111111,122.33333333333333,37.888888888888886,3.111111111111111,0.8571428571428572,0.6666666666666666,0.5228758169934641,0.8,0.5557299843014128,177.8,185.42,1995-01-03,0.0
Francis Carmont,9,6,3,0.6666666666666666,24.88888888888889,60.333333333333336,0.4125230202578269,1.4444444444444444,3.6666666666666665,0.3939393939393939,0.5555555555555556,0.2222222222222222,222.55555555555554,19.22222222222222,3.3333333333333335,0.5666666666666667,0.0,0.3173076923076923,0.4,0.30835734870317005,190.5,198.12,1981-10-11,0.0
Krzysztof Soszynski,9,6,3,0.6666666666666666,32.0,77.66666666666667,0.41201716738197425,0.3333333333333333,1.2222222222222223,0.2727272727272727,0.6666666666666666,0.0,142.11111111111111,26.555555555555557,4.222222222222222,0.9210526315789473,0.6666666666666666,0.5120967741935484,0.6,0.4490238611713666,185.42,195.58,1977-08-02,0.0
Alexander Yakovlev,9,3,6,0.3333333333333333,19.22222222222222,40.55555555555556,0.473972602739726,1.2222222222222223,3.4444444444444446,0.3548387096774194,0.1111111111111111,0.1111111111111111,99.66666666666667,26.555555555555557,4.0,0.6944444444444444,0.3333333333333333,0.5072463768115942,0.2,0.488,190.5,187.96,1984-07-18,1.0
Brad Katona,9,4,5,0.4444444444444444,64.66666666666667,123.22222222222223,0.5247971145175834,1.6666666666666667,4.888888888888889,0.3409090909090909,0.0,0.0,230.0,63.888888888888886,2.888888888888889,0.42307692307692313,0.3333333333333333,0.6124031007751938,0.4,0.5276243093922652,167.64,162.56,1991-12-19,0.0
Tamdan McCrory,9,4,5,0.4444444444444444,17.77777777777778,36.44444444444444,0.4878048780487805,1.2222222222222223,2.5555555555555554,0.4782608695652174,1.2222222222222223,0.4444444444444444,187.22222222222223,13.777777777777779,1.7777777777777777,0.3125,0.3333333333333333,0.5135135135135135,0.4,0.4444444444444444,193.04,193.04,1986-11-05,0.0
Da'Mon Blackshear,9,5,4,0.5555555555555556,45.77777777777778,98.55555555555556,0.4644870349492672,1.0,2.7777777777777777,0.36,1.0,0.3333333333333333,130.22222222222223,40.22222222222222,3.0,0.6666666666666667,0.6666666666666666,0.4430051813471503,0.6,0.44547563805104406,177.8,182.88,1994-08-12,0.0
Luiz Cane,9,4,5,0.4444444444444444,28.666666666666668,69.0,0.41545893719806765,0.2222222222222222,0.7777777777777778,0.2857142857142857,0.1111111111111111,0.0,32.111111111111114,29.88888888888889,0.8888888888888888,0.75,0.3333333333333333,0.4090909090909091,0.2,0.3897058823529412,187.96,195.58,1981-04-24,1.0
Mairbek Taisumov,9,7,2,0.7777777777777778,25.88888888888889,66.11111111111111,0.3915966386554622,0.7777777777777778,1.2222222222222223,0.6363636363636364,0.0,0.0,44.22222222222222,26.333333333333332,2.888888888888889,0.7307692307692308,0.6666666666666666,0.3252032520325203,0.8,0.367816091954023,175.26,185.42,1988-08-08,0.0
Paul Kelly,9,5,4,0.5555555555555556,36.111111111111114,95.11111111111111,0.3796728971962617,1.0,1.6666666666666667,0.6,1.1111111111111112,1.0,266.44444444444446,29.22222222222222,2.888888888888889,0.6538461538461539,0.3333333333333333,0.375,0.4,0.37531486146095716,175.26,177.8,1984-09-12,0.0
Julija Stoliarenko,9,2,7,0.2222222222222222,29.22222222222222,75.11111111111111,0.3890532544378698,0.5555555555555556,2.6666666666666665,0.20833333333333334,1.0,0.1111111111111111,65.66666666666667,47.44444444444444,1.2222222222222223,0.5454545454545454,0.3333333333333333,0.3453815261044177,0.4,0.3649122807017544,170.18,167.64,1993-04-08,
Kenny Robertson,9,4,5,0.4444444444444444,36.333333333333336,77.22222222222223,0.47050359712230216,0.8888888888888888,3.3333333333333335,0.26666666666666666,0.5555555555555556,0.3333333333333333,203.88888888888889,29.444444444444443,3.111111111111111,0.7142857142857143,0.3333333333333333,0.37677053824362605,0.6,0.4444444444444444,177.8,187.96,1984-02-14,0.0
Sedriques Dumas,9,3,6,0.3333333333333333,14.666666666666666,33.111111111111114,0.4429530201342282,0.5555555555555556,2.0,0.2777777777777778,0.0,0.3333333333333333,156.66666666666666,20.333333333333332,2.111111111111111,0.736842105263158,0.0,0.34782608695652173,0.2,0.43795620437956206,187.96,200.66,1995-08-06,0.0
Phil Rowe,9,4,5,0.4444444444444444,41.111111111111114,87.44444444444444,0.4701397712833545,0.4444444444444444,1.2222222222222223,0.36363636363636365,0.2222222222222222,0.4444444444444444,96.33333333333333,52.44444444444444,4.555555555555555,0.9024390243902439,0.3333333333333333,0.5035211267605634,0.2,0.4668141592920354,190.5,203.2,1990-07-18,0.0
Casey O'Neill,9,7,2,0.7777777777777778,75.33333333333333,144.55555555555554,0.5211375864719446,0.8888888888888888,2.5555555555555554,0.34782608695652173,0.5555555555555556,0.0,143.33333333333334,53.111111111111114,2.2222222222222223,0.6,1.0,0.4144486692015209,0.6,0.46089850249584025,167.64,175.26,1997-10-07,0.0
Andre Ewell,9,4,5,0.4444444444444444,60.0,149.88888888888889,0.40029651593773163,0.3333333333333333,0.4444444444444444,0.75,0.1111111111111111,0.0,30.77777777777778,68.33333333333333,3.6666666666666665,0.9090909090909091,0.0,0.37628865979381443,0.4,0.4039351851851852,172.72,190.5,1988-01-21,1.0
Maximo Blanco,9,4,5,0.4444444444444444,36.77777777777778,82.44444444444444,0.44609164420485176,1.2222222222222223,3.3333333333333335,0.36666666666666664,0.2222222222222222,0.2222222222222222,87.55555555555556,29.0,1.6666666666666667,0.2666666666666667,0.3333333333333333,0.425531914893617,0.6,0.5247524752475248,172.72,180.34,1983-10-16,0.0
David Onama,9,6,3,0.6666666666666666,56.55555555555556,113.0,0.5004916420845624,0.7777777777777778,2.5555555555555554,0.30434782608695654,0.3333333333333333,0.7777777777777778,132.77777777777777,54.55555555555556,4.222222222222222,0.8157894736842105,0.6666666666666666,0.5443037974683544,0.8,0.5400763358778626,180.34,187.96,1994-06-07,0.0
Kyle Kingsbury,9,4,5,0.4444444444444444,33.77777777777778,82.66666666666667,0.40860215053763443,2.0,4.777777777777778,0.4186046511627907,0.0,0.0,144.66666666666666,43.22222222222222,5.555555555555555,0.64,0.0,0.3716216216216216,0.2,0.461734693877551,193.04,200.66,1982-03-22,0.0
Junior Tafa,9,3,6,0.3333333333333333,22.22222222222222,42.666666666666664,0.5208333333333334,0.0,0.0,0.0,0.0,0.1111111111111111,5.444444444444445,17.0,4.888888888888889,1.0,0.3333333333333333,0.5412844036697247,0.4,0.56,190.5,190.5,1996-09-21,0.0
Leonard Garcia,9,2,7,0.2222222222222222,37.111111111111114,152.77777777777777,0.2429090909090909,0.4444444444444444,1.3333333333333333,0.3333333333333333,0.3333333333333333,0.5555555555555556,53.77777777777778,69.66666666666667,3.7777777777777777,0.8823529411764706,0.0,0.2099009900990099,0.0,0.2287784679089027,177.8,172.72,1979-07-14,0.0
Drew McFedries,9,4,5,0.4444444444444444,12.0,23.444444444444443,0.5118483412322274,0.2222222222222222,0.2222222222222222,1.0,0.1111111111111111,0.0,6.888888888888889,10.666666666666666,1.7777777777777777,0.875,0.3333333333333333,0.43333333333333335,0.4,0.5,182.88,182.88,1978-07-27,1.0
Jose Quinonez,9,5,4,0.5555555555555556,37.888888888888886,83.33333333333333,0.45466666666666666,1.8888888888888888,4.0,0.4722222222222222,0.4444444444444444,0.1111111111111111,154.0,31.555555555555557,1.5555555555555556,-0.2142857142857142,0.3333333333333333,0.43829787234042555,0.4,0.4732824427480916,172.72,175.26,1990-07-28,1.0
Michael McDonald,9,6,3,0.6666666666666666,24.0,56.22222222222222,0.4268774703557312,0.6666666666666666,1.0,0.6666666666666666,0.7777777777777778,0.0,46.666666666666664,25.11111111111111,2.111111111111111,0.6842105263157895,0.3333333333333333,0.4,0.4,0.42168674698795183,,,,
Jacob Malkoun,9,6,3,0.6666666666666666,47.111111111111114,82.88888888888889,0.5683646112600537,4.0,9.333333333333334,0.42857142857142855,0.5555555555555556,0.0,316.44444444444446,25.88888888888889,1.0,-3.0,1.0,0.570957095709571,0.8,0.5612648221343873,175.26,185.42,1995-08-26,0.0
Aaron Riley,9,3,6,0.3333333333333333,34.888888888888886,100.44444444444444,0.3473451327433628,0.8888888888888888,2.5555555555555554,0.34782608695652173,0.1111111111111111,0.0,123.88888888888889,41.44444444444444,3.111111111111111,0.7142857142857143,0.3333333333333333,0.2553846153846154,0.4,0.2846153846153846,172.72,175.26,1980-12-09,1.0
Augusto Sakai,9,5,4,0.5555555555555556,47.77777777777778,96.88888888888889,0.49311926605504586,0.2222222222222222,0.5555555555555556,0.4,0.0,0.0,114.33333333333333,47.77777777777778,1.7777777777777777,0.875,0.3333333333333333,0.5578231292517006,0.2,0.5508982035928144,190.5,195.58,1991-05-09,0.0
Viacheslav Borshchev,9,3,6,0.3333333333333333,45.22222222222222,95.22222222222223,0.4749124854142357,0.0,0.1111111111111111,0.0,0.1111111111111111,0.3333333333333333,33.888888888888886,43.22222222222222,6.0,1.0,0.0,0.4318181818181818,0.2,0.425414364640884,180.34,175.26,1992-01-08,0.0
Brandon Davis,9,2,7,0.2222222222222222,48.55555555555556,126.11111111111111,0.38502202643171807,0.6666666666666666,1.5555555555555556,0.42857142857142855,0.1111111111111111,0.0,52.55555555555556,51.0,6.555555555555555,0.8983050847457628,0.0,0.3811074918566775,0.2,0.39347079037800686,177.8,182.88,1990-05-08,0.0
Wellington Turman,9,3,6,0.3333333333333333,34.666666666666664,67.66666666666667,0.5123152709359606,1.1111111111111112,5.333333333333333,0.20833333333333334,0.5555555555555556,0.0,187.0,44.77777777777778,2.3333333333333335,0.5238095238095238,0.0,0.5362903225806451,0.4,0.5621761658031088,182.88,182.88,1996-07-22,0.0
Roan Carneiro,9,4,5,0.4444444444444444,14.777777777777779,30.77777777777778,0.48014440433212996,2.0,4.222222222222222,0.47368421052631576,1.0,0.2222222222222222,253.33333333333334,16.333333333333332,0.6666666666666666,-2.0,0.3333333333333333,0.39097744360902253,0.4,0.40804597701149425,180.34,193.04,1978-06-02,0.0
Nina Nunes,9,5,4,0.5555555555555556,60.22222222222222,133.33333333333334,0.45166666666666666,0.2222222222222222,0.6666666666666666,0.3333333333333333,0.4444444444444444,0.1111111111111111,96.66666666666667,47.55555555555556,6.333333333333333,0.9649122807017544,0.3333333333333333,0.3807531380753138,0.6,0.4154929577464789,165.1,162.56,1985-12-03,0.0
Paul Taylor,9,4,5,0.4444444444444444,55.0,114.77777777777777,0.4791868344627299,0.2222222222222222,0.8888888888888888,0.25,0.4444444444444444,0.2222222222222222,97.88888888888889,55.44444444444444,5.333333333333333,0.9583333333333334,0.3333333333333333,0.48404255319148937,0.4,0.49059561128526646,182.88,182.88,1979-12-15,0.0
Yuta Sasaki,9,4,5,0.4444444444444444,15.444444444444445,37.333333333333336,0.41369047619047616,1.4444444444444444,3.3333333333333335,0.43333333333333335,0.5555555555555556,0.3333333333333333,88.33333333333333,17.88888888888889,1.8888888888888888,0.23529411764705888,0.3333333333333333,0.48484848484848486,0.4,0.4204081632653061,177.8,180.34,1989-10-07,1.0
Enrique Barzola,9,6,3,0.6666666666666666,58.888888888888886,147.33333333333334,0.3996983408748115,4.555555555555555,10.0,0.45555555555555555,0.2222222222222222,0.0,251.77777777777777,46.888888888888886,1.7777777777777777,-1.5625,0.3333333333333333,0.3555926544240401,0.6,0.3914110429447853,170.18,177.8,1989-04-28,0.0
Justin Scoggins,9,4,5,0.4444444444444444,39.888888888888886,77.11111111111111,0.5172910662824207,2.5555555555555554,4.0,0.6388888888888888,0.3333333333333333,0.0,243.77777777777777,24.22222222222222,4.444444444444445,0.42500000000000004,0.0,0.450199203187251,0.4,0.46893787575150303,170.18,167.64,1992-05-02,1.0
Hatsu Hioki,8,3,5,0.375,31.5,72.25,0.4359861591695502,2.25,4.125,0.5454545454545454,0.625,0.25,283.75,30.375,2.5,0.09999999999999998,0.3333333333333333,0.35121951219512193,0.2,0.38605898123324395,180.34,185.42,1983-07-18,0.0
Esteban Ribovics,8,5,3,0.625,84.75,193.625,0.43770174306003873,0.25,0.375,0.6666666666666666,0.125,0.125,23.75,65.375,7.0,0.9642857142857143,0.6666666666666666,0.441588785046729,0.6,0.4079601990049751,177.8,175.26,1996-04-27,0.0
Chris Duncan,8,6,2,0.75,40.125,86.875,0.4618705035971223,1.625,4.0,0.40625,0.375,0.0,114.25,36.875,2.25,0.2777777777777778,0.6666666666666666,0.4631268436578171,0.8,0.4504950495049505,177.8,180.34,1993-05-10,0.0
Themba Gorimbo,8,4,4,0.5,28.0,49.375,0.5670886075949367,3.125,5.0,0.625,0.25,0.625,328.875,18.125,3.25,0.038461538461538436,0.0,0.4696969696969697,0.4,0.5562700964630225,185.42,195.58,1991-01-23,0.0
Jesus Aguilar,8,5,3,0.625,32.75,88.625,0.3695345557122708,0.75,3.0,0.25,0.625,0.125,75.75,29.0,5.5,0.8636363636363636,0.6666666666666666,0.3489583333333333,0.6,0.35778443113772457,162.56,157.48,1996-03-13,0.0
Brian Ebersole,8,5,3,0.625,30.125,61.5,0.4898373983739837,1.25,6.625,0.18867924528301888,0.125,0.25,251.125,29.375,1.5,0.16666666666666663,0.3333333333333333,0.42081447963800905,0.4,0.453804347826087,182.88,185.42,1980-11-27,1.0
TJ Waldburger,8,4,4,0.5,15.0,29.25,0.5128205128205128,1.5,3.25,0.46153846153846156,2.375,0.375,156.625,17.75,1.875,0.19999999999999996,0.3333333333333333,0.47413793103448276,0.4,0.475,180.34,190.5,1988-04-25,0.0
Russell Doane,8,3,5,0.375,17.125,41.875,0.408955223880597,1.375,3.0,0.4583333333333333,0.5,0.5,182.375,16.375,4.5,0.6944444444444444,0.3333333333333333,0.36231884057971014,0.2,0.4117647058823529,170.18,177.8,1986-08-13,0.0
Johnny Eduardo,8,3,5,0.375,25.5,64.25,0.3968871595330739,0.125,0.625,0.2,0.25,0.0,14.375,27.875,2.125,0.9411764705882353,0.0,0.4745762711864407,0.2,0.4470588235294118,170.18,180.34,1978-08-03,0.0
Oleg Taktarov,8,6,2,0.75,2.25,9.375,0.24,0.0,1.125,0.0,1.375,0.25,0.0,9.125,0.75,1.0,0.6666666666666666,0.2222222222222222,0.8,0.24,182.88,,1967-08-26,0.0
Gina Mazany,8,2,6,0.25,30.625,60.125,0.5093555093555093,2.375,4.5,0.5277777777777778,0.125,0.0,196.875,28.875,0.75,-2.1666666666666665,0.3333333333333333,0.5168918918918919,0.2,0.52,167.64,172.72,1988-08-19,1.0
Paul Varelans,8,4,4,0.5,7.0,16.0,0.4375,0.25,0.25,1.0,0.375,0.0,0.0,9.875,1.125,0.7777777777777778,0.3333333333333333,0.4626865671641791,0.6,0.5,203.2,,,0.0
Muhammad Naimov,8,5,3,0.625,22.375,57.0,0.3925438596491228,1.125,3.25,0.34615384615384615,0.125,0.125,150.875,29.125,4.25,0.7352941176470589,0.3333333333333333,0.31746031746031744,0.4,0.33663366336633666,175.26,177.8,1994-08-07,0.0
Luke Sanders,8,3,5,0.375,52.0,98.875,0.5259165613147914,0.375,1.25,0.3,0.125,0.0,83.875,34.375,2.75,0.8636363636363636,0.3333333333333333,0.5326633165829145,0.4,0.503690036900369,167.64,170.18,1985-12-12,1.0
Gabriel Bonfim,8,7,1,0.875,48.75,102.125,0.4773561811505508,1.75,3.375,0.5185185185185185,0.625,0.0,91.25,37.0,2.375,0.26315789473684215,1.0,0.5126262626262627,1.0,0.48917748917748916,185.42,182.88,1997-08-20,0.0
Zak Ottow,8,4,4,0.5,25.375,68.875,0.3684210526315789,0.625,2.125,0.29411764705882354,0.25,0.125,82.75,26.375,1.75,0.6428571428571428,0.3333333333333333,0.2542372881355932,0.4,0.3081081081081081,180.34,182.88,1986-12-22,0.0
Vaughan Lee,8,3,5,0.375,32.25,68.25,0.4725274725274725,0.5,1.5,0.3333333333333333,0.625,0.0,60.75,19.25,4.5,0.8888888888888888,0.3333333333333333,0.4726775956284153,0.4,0.46938775510204084,167.64,167.64,1982-10-15,0.0
Gary Goodridge,8,4,4,0.5,5.5,9.625,0.5714285714285714,0.5,0.75,0.6666666666666666,0.125,0.25,0.0,9.625,1.0,0.5,0.3333333333333333,0.5319148936170213,0.4,0.543859649122807,190.5,,1966-01-17,0.0
Asu Almabayev,8,7,1,0.875,29.75,57.875,0.5140388768898488,4.125,9.0,0.4583333333333333,1.25,0.125,382.875,25.25,1.125,-2.6666666666666665,1.0,0.46994535519125685,0.8,0.4668769716088328,,,,
Jack Marshman,8,3,5,0.375,28.0,109.375,0.256,0.0,0.0,0.0,0.0,0.0,2.0,42.75,1.25,1.0,0.3333333333333333,0.19362745098039216,0.2,0.19385796545105566,182.88,185.42,1989-12-19,0.0
Albert Tumenov,8,5,3,0.625,34.875,83.0,0.42018072289156627,0.125,0.625,0.2,0.0,0.125,20.375,31.0,4.5,0.9722222222222222,0.3333333333333333,0.4119496855345912,0.6,0.4232142857142857,180.34,185.42,1991-12-26,0.0
Gregor Gillespie,8,7,1,0.875,27.625,52.25,0.5287081339712919,3.375,7.0,0.48214285714285715,0.375,0.125,318.0,17.0,0.25,-12.5,0.6666666666666666,0.5865921787709497,0.8,0.5846153846153846,170.18,180.34,1986-11-13,0.0
Anthony Njokuani,8,3,5,0.375,53.375,118.75,0.4494736842105263,0.375,1.0,0.375,0.125,0.125,15.0,38.75,7.75,0.9516129032258065,0.3333333333333333,0.4205607476635514,0.4,0.4304635761589404,185.42,190.5,1980-03-01,0.0
Zubaira Tukhugov,8,5,3,0.625,41.875,104.5,0.4007177033492823,1.25,4.125,0.30303030303030304,0.0,0.0,65.0,39.75,1.0,-0.25,0.3333333333333333,0.4108352144469526,0.4,0.40439932318104904,172.72,172.72,1991-01-15,0.0
Teruto Ishihara,8,3,5,0.375,25.875,61.5,0.42073170731707316,0.375,2.125,0.17647058823529413,0.0,0.0,62.625,33.375,2.625,0.8571428571428572,0.0,0.3279569892473118,0.2,0.4006734006734007,170.18,175.26,1991-07-23,1.0
Nick Hein,8,4,4,0.5,34.5,98.375,0.35069885641677256,0.75,2.25,0.3333333333333333,0.0,0.125,51.25,47.0,1.5,0.5,0.0,0.2862190812720848,0.4,0.31210191082802546,167.64,167.64,1984-04-24,1.0
Nam Phan,8,2,6,0.25,75.875,211.25,0.3591715976331361,0.125,0.75,0.16666666666666666,0.125,0.0,37.75,108.75,7.125,0.9824561403508771,0.0,0.2483221476510067,0.2,0.2918326693227092,167.64,177.8,1983-03-13,0.0
Siyar Bahadurzada,8,4,4,0.5,33.0,81.0,0.4074074074074074,1.0,1.625,0.6153846153846154,0.25,0.125,117.625,36.625,4.0,0.75,0.3333333333333333,0.302491103202847,0.6,0.424,180.34,185.42,1984-04-17,0.0
Tom Breese,8,5,3,0.625,23.5,46.125,0.5094850948509485,0.0,0.875,0.0,0.5,0.25,66.875,19.75,2.125,1.0,0.3333333333333333,0.6111111111111112,0.4,0.4592274678111588,190.5,185.42,1991-09-26,1.0
Mike Davis,8,5,3,0.625,52.125,95.25,0.547244094488189,2.0,4.0,0.5,0.875,0.375,187.0,53.0,4.375,0.5428571428571429,0.3333333333333333,0.5973154362416108,0.6,0.5432525951557093,,,,
Rony Jason,8,4,4,0.5,18.75,42.875,0.43731778425655976,0.375,1.25,0.3,0.375,0.0,83.25,29.25,3.25,0.8846153846153846,0.0,0.38,0.2,0.37423312883435583,170.18,185.42,1984-03-21,0.0
Casey Kenney,8,5,3,0.625,67.0,148.0,0.4527027027027027,0.875,2.375,0.3684210526315789,0.25,0.5,107.375,65.25,6.75,0.8703703703703703,0.3333333333333333,0.4365079365079365,0.6,0.4402116402116402,170.18,172.72,1991-03-20,1.0
Taylor Lapilus,8,6,2,0.75,64.0,133.125,0.4807511737089202,0.25,0.75,0.3333333333333333,0.25,0.125,100.5,36.375,8.875,0.971830985915493,0.6666666666666666,0.4926315789473684,0.8,0.48596938775510207,167.64,185.42,1992-04-08,1.0
Ryan Jensen,8,2,6,0.25,12.5,31.0,0.4032258064516129,0.5,1.0,0.5,0.625,0.25,61.875,13.375,1.75,0.7142857142857143,0.3333333333333333,0.34210526315789475,0.4,0.3877551020408163,185.42,193.04,1977-09-20,0.0
Caol Uno,8,3,5,0.375,21.75,41.375,0.525679758308157,1.5,6.75,0.2222222222222222,0.125,0.375,230.0,22.75,1.625,0.07692307692307687,0.0,0.5,0.4,0.5471698113207547,170.18,177.8,1975-05-08,1.0
Dwight Grant,8,3,5,0.375,35.875,103.25,0.3474576271186441,0.5,0.5,1.0,0.0,0.0,16.625,29.625,3.625,0.8620689655172413,0.0,0.36443148688046645,0.2,0.35978835978835977,185.42,193.04,1984-09-14,0.0
Michael Chandler,8,2,6,0.25,39.75,78.75,0.5047619047619047,1.125,3.125,0.36,0.125,0.125,116.5,49.125,2.0,0.4375,0.0,0.6405228758169934,0.2,0.5490196078431373,172.72,180.34,1986-04-24,0.0
Joe Proctor,8,4,4,0.5,27.75,76.0,0.3651315789473684,0.0,0.0,0.0,1.0,0.0,28.5,32.125,3.375,1.0,0.3333333333333333,0.3981042654028436,0.4,0.3668639053254438,177.8,182.88,1985-08-10,0.0
Maurice Greene,8,4,4,0.5,27.75,61.5,0.45121951219512196,0.0,0.0,0.0,0.25,0.0,13.5,30.5,1.375,1.0,0.3333333333333333,0.46703296703296704,0.2,0.45493562231759654,200.66,203.2,1986-07-05,0.0
Antonina Shevchenko,8,4,4,0.5,41.0,76.875,0.5333333333333333,0.375,0.875,0.42857142857142855,0.375,0.25,167.375,36.25,4.125,0.9090909090909091,0.3333333333333333,0.5339366515837104,0.4,0.5321637426900585,172.72,170.18,1984-11-20,1.0
Jared Rosholt,8,6,2,0.75,27.75,60.25,0.4605809128630705,1.625,3.875,0.41935483870967744,0.125,0.0,331.625,20.25,1.5,-0.08333333333333326,0.6666666666666666,0.3717277486910995,0.6,0.417910447761194,187.96,190.5,1986-08-04,0.0
Carlston Harris,8,4,4,0.5,27.625,64.5,0.42829457364341084,0.625,3.125,0.2,0.25,0.125,94.0,29.0,1.125,0.4444444444444444,0.0,0.3787375415282392,0.4,0.4232558139534884,182.88,193.04,1987-07-09,0.0
Jens Pulver,8,6,2,0.75,22.5,62.75,0.35856573705179284,0.5,0.5,1.0,0.375,0.625,284.5,21.375,8.625,0.9420289855072463,0.3333333333333333,0.37606837606837606,0.6,0.39285714285714285,170.18,177.8,1974-12-06,1.0
Jeremiah Wells,8,6,2,0.75,22.125,49.375,0.4481012658227848,1.875,3.875,0.4838709677419355,0.875,0.125,275.625,14.25,2.5,0.25,0.6666666666666666,0.43478260869565216,0.6,0.43506493506493504,175.26,187.96,1986-10-30,0.0
Blagoy Ivanov,8,3,5,0.375,52.75,130.25,0.4049904030710173,0.75,1.875,0.4,0.125,0.0,82.75,68.25,1.625,0.5384615384615384,0.3333333333333333,0.40114613180515757,0.2,0.44140625,180.34,185.42,1986-10-09,1.0
Carlos Prates,8,7,1,0.875,42.375,78.375,0.5406698564593302,0.125,0.125,1.0,0.0,0.0,28.375,42.125,4.875,0.9743589743589743,1.0,0.5508771929824562,0.8,0.5333333333333333,,,,
Luis Pena,8,5,3,0.625,47.0,100.25,0.4688279301745636,1.0,3.0,0.3333333333333333,1.0,1.0,286.125,40.0,4.125,0.7575757575757576,0.6666666666666666,0.49363057324840764,0.6,0.5034364261168385,190.5,190.5,1993-07-05,1.0
Hacran Dias,8,3,5,0.375,31.125,74.375,0.4184873949579832,2.5,6.375,0.39215686274509803,0.5,0.0,251.75,49.625,6.5,0.6153846153846154,0.0,0.3660130718954248,0.4,0.40664961636828645,172.72,175.26,1984-06-16,0.0
Phil Hawes,8,4,4,0.5,38.875,64.0,0.607421875,1.0,2.375,0.42105263157894735,0.125,0.0,136.75,24.375,1.375,0.2727272727272727,0.0,0.5061728395061729,0.2,0.5982658959537572,182.88,195.58,1989-01-08,0.0
Bryan Battle,8,7,1,0.875,46.25,84.375,0.5481481481481482,0.375,2.625,0.14285714285714285,0.25,0.0,144.125,37.0,3.375,0.8888888888888888,1.0,0.5527777777777778,0.8,0.5324675324675324,185.42,195.58,1994-09-21,0.0
Joe Duffy,8,4,4,0.5,21.0,61.125,0.34355828220858897,0.5,0.75,0.6666666666666666,0.375,0.125,44.75,29.625,3.125,0.84,0.0,0.35526315789473684,0.4,0.3375,177.8,185.42,1988-02-18,0.0
TJ Brown,8,3,5,0.375,42.75,96.75,0.4418604651162791,2.625,4.75,0.5526315789473685,1.125,1.0,236.75,39.25,3.125,0.16000000000000003,0.3333333333333333,0.4748603351955307,0.4,0.4907161803713528,175.26,182.88,1990-05-22,0.0
Sean Spencer,8,3,5,0.375,57.0,175.75,0.32432432432432434,0.125,0.375,0.3333333333333333,0.0,0.125,52.5,54.0,7.25,0.9827586206896551,0.0,0.26327433628318586,0.2,0.311284046692607,177.8,187.96,1987-06-25,0.0
Jinh Yu Frey,8,2,6,0.25,38.375,88.75,0.4323943661971831,0.875,2.375,0.3684210526315789,0.25,0.0,159.5,54.625,3.875,0.7741935483870968,0.0,0.3932038834951456,0.2,0.44083969465648853,160.02,165.1,1985-05-20,1.0
Brad Scott,8,3,5,0.375,40.875,98.375,0.4155019059720457,0.25,1.625,0.15384615384615385,0.5,0.125,122.5,50.125,4.125,0.9393939393939394,0.3333333333333333,0.38922155688622756,0.4,0.4189189189189189,185.42,193.04,1989-06-24,0.0
Ronda Rousey,8,6,2,0.75,14.75,28.375,0.5198237885462555,1.0,1.375,0.7272727272727273,0.625,0.125,89.0,14.625,0.5,-1.0,0.3333333333333333,0.38738738738738737,0.6,0.44881889763779526,170.18,167.64,1987-02-01,0.0
Norman Parke,8,5,3,0.625,44.625,124.375,0.3587939698492462,2.125,7.0,0.30357142857142855,0.0,0.125,216.625,43.0,5.0,0.575,0.3333333333333333,0.2966666666666667,0.4,0.3173996175908222,180.34,177.8,1986-12-22,1.0
Tony Gravely,8,4,4,0.5,38.625,83.625,0.4618834080717489,4.125,10.125,0.4074074074074074,0.0,0.0,282.625,54.0,2.5,-0.6499999999999999,0.3333333333333333,0.40070921985815605,0.4,0.43429844097995546,165.1,175.26,1991-09-28,0.0
Jason Lambert,8,4,4,0.5,17.875,30.75,0.5813008130081301,0.5,1.375,0.36363636363636365,0.875,0.0,117.5,10.25,2.625,0.8095238095238095,0.0,0.42857142857142855,0.2,0.4621212121212121,190.5,190.5,1975-06-03,0.0
Diana Belbita,8,2,6,0.25,70.125,167.375,0.4189693801344287,0.625,1.0,0.625,0.0,0.125,50.875,71.125,4.875,0.8717948717948718,0.0,0.36363636363636365,0.2,0.3933102652825836,170.18,172.72,1996-06-26,0.0
Chris Daukaus,8,4,4,0.5,19.25,38.5,0.5,0.0,0.125,0.0,0.0,0.0,16.25,14.75,0.25,1.0,0.0,0.36666666666666664,0.2,0.4069767441860465,190.5,193.04,1989-09-25,0.0
Parker Porter,8,4,4,0.5,46.125,90.75,0.5082644628099173,0.625,2.75,0.22727272727272727,0.125,0.0,105.5,46.375,0.375,-0.6666666666666667,0.3333333333333333,0.5483870967741935,0.4,0.4583333333333333,182.88,190.5,1985-04-22,0.0
Tyson Nam,8,3,5,0.375,36.5,108.375,0.33679354094579006,0.0,0.5,0.0,0.0,0.0,19.375,46.875,2.0,1.0,0.3333333333333333,0.38405797101449274,0.4,0.36968576709796674,170.18,172.72,1983-10-06,0.0
Da Woon Jung,8,4,4,0.5,31.125,77.875,0.3996789727126806,1.25,2.25,0.5555555555555556,0.125,0.125,137.875,42.375,3.625,0.6551724137931034,0.0,0.3633217993079585,0.2,0.35809018567639256,193.04,198.12,1993-12-07,0.0
Roger Huerta,8,6,2,0.75,41.625,113.875,0.36553238199780463,1.625,3.5,0.4642857142857143,0.375,0.625,253.75,26.625,4.75,0.6578947368421053,0.3333333333333333,0.2803234501347709,0.6,0.31968810916179335,175.26,177.8,1983-05-20,0.0
Tagir Ulanbekov,8,6,2,0.75,37.25,77.25,0.48220064724919093,2.25,5.75,0.391304347826087,1.25,0.25,302.375,42.5,3.75,0.4,0.6666666666666666,0.5272727272727272,0.8,0.5333333333333333,170.18,177.8,1991-08-07,1.0
Mitch Gagnon,8,4,4,0.5,26.875,57.875,0.46436285097192226,0.75,3.0,0.25,1.25,0.25,127.5,21.5,4.375,0.8285714285714285,0.0,0.48372093023255813,0.4,0.4727272727272727,165.1,165.1,1984-10-10,1.0
Antoni Hardonk,8,4,4,0.5,21.75,35.375,0.6148409893992933,0.0,0.25,0.0,0.375,0.125,18.0,19.625,2.5,1.0,0.3333333333333333,0.5562913907284768,0.6,0.5879828326180258,193.04,198.12,1976-02-05,0.0
Brendson Ribeiro,8,2,6,0.25,21.0,53.25,0.39436619718309857,0.375,1.0,0.375,0.25,0.25,17.625,27.75,3.5,0.8928571428571429,0.0,0.348993288590604,0.2,0.38427947598253276,,,,
Claudio Silva,8,5,3,0.625,29.375,69.875,0.4203935599284436,2.25,8.375,0.26865671641791045,0.875,0.0,240.0,35.5,1.125,-1.0,0.0,0.32989690721649484,0.4,0.4016393442622951,180.34,180.34,1982-09-06,1.0
Abus Magomedov,8,5,3,0.625,29.875,61.375,0.48676171079429736,1.625,2.75,0.5909090909090909,0.375,0.0,151.25,32.625,0.625,-1.6,0.6666666666666666,0.5722543352601156,0.8,0.532608695652174,187.96,198.12,1990-09-02,0.0
Marco Polo Reyes,8,4,4,0.5,33.0,88.5,0.3728813559322034,0.0,0.125,0.0,0.0,0.0,29.875,30.375,1.875,1.0,0.0,0.26717557251908397,0.2,0.32547169811320753,180.34,180.34,1984-11-07,0.0
Mike Malott,8,7,1,0.875,37.625,72.0,0.5225694444444444,1.0,1.75,0.5714285714285714,0.375,0.25,89.875,27.0,1.375,0.2727272727272727,1.0,0.5090252707581228,0.8,0.5168776371308017,185.42,185.42,1991-11-07,0.0
Ramazan Emeev,8,5,3,0.625,34.0,75.25,0.45182724252491696,2.125,7.125,0.2982456140350877,0.625,0.125,218.75,28.75,1.875,-0.1333333333333333,0.3333333333333333,0.49019607843137253,0.4,0.4380165289256198,177.8,193.04,1987-05-23,1.0
Marcus Brimage,8,4,4,0.5,39.875,112.0,0.3560267857142857,0.375,0.375,1.0,0.0,0.0,13.5,36.625,3.75,0.9,0.3333333333333333,0.34545454545454546,0.2,0.3416370106761566,162.56,180.34,1985-04-06,1.0
Francimar Barroso,8,4,4,0.5,39.75,75.25,0.5282392026578073,2.125,8.75,0.24285714285714285,0.0,0.0,168.125,43.125,2.0,-0.0625,0.3333333333333333,0.5142857142857142,0.4,0.5452127659574468,185.42,190.5,1980-02-28,0.0
Karine Silva,8,5,3,0.625,24.625,62.0,0.3971774193548387,1.5,2.75,0.5454545454545454,1.0,0.25,149.0,28.625,2.125,0.2941176470588235,0.3333333333333333,0.3924050632911392,0.4,0.40273972602739727,165.1,170.18,1993-12-02,0.0
Rafaello Oliveira,8,2,6,0.25,23.125,69.25,0.33393501805054154,1.75,4.75,0.3684210526315789,1.125,0.25,229.875,35.625,1.125,-0.5555555555555556,0.3333333333333333,0.5568181818181818,0.2,0.32806324110671936,172.72,180.34,1982-01-26,0.0
Natalia Silva,8,8,0,1.0,62.75,138.625,0.4526600541027953,0.375,1.25,0.3,0.0,0.125,45.5,30.75,3.875,0.9032258064516129,1.0,0.4613861386138614,1.0,0.4225526641883519,162.56,165.1,1997-02-03,1.0
Cyrille Diabate,8,4,4,0.5,31.75,43.625,0.7277936962750716,0.625,0.75,0.8333333333333334,0.125,0.25,74.125,12.25,3.5,0.8214285714285714,0.3333333333333333,0.7142857142857143,0.4,0.7407407407407407,198.12,205.74,1973-10-06,1.0
Pete Williams,8,3,5,0.375,8.875,22.5,0.39444444444444443,0.375,0.75,0.5,0.75,0.0,52.75,12.875,3.875,0.9032258064516129,0.0,0.625,0.2,0.515625,190.5,,1975-07-10,0.0
Dong Hyun Ma,8,3,5,0.375,29.375,70.875,0.4144620811287478,0.875,1.625,0.5384615384615384,0.0,0.125,100.0,42.375,1.125,0.2222222222222222,0.0,0.2601626016260163,0.4,0.3783783783783784,180.34,177.8,1988-09-09,0.0
Ihor Potieria,8,2,6,0.25,32.0,65.25,0.4904214559386973,0.375,1.875,0.2,0.0,0.0,63.5,35.625,1.125,0.6666666666666667,0.0,0.48598130841121495,0.2,0.47761194029850745,190.5,190.5,1996-05-29,1.0
Tresean Gore,8,4,4,0.5,34.875,70.75,0.4929328621908127,1.0,1.625,0.6153846153846154,0.625,0.0,96.125,60.625,4.0,0.75,0.6666666666666666,0.5068870523415978,0.6,0.4788732394366197,182.88,190.5,1994-06-21,0.0
Ailin Perez,8,7,1,0.875,36.625,67.5,0.5425925925925926,3.75,8.25,0.45454545454545453,0.125,0.25,324.625,23.25,1.5,-1.5,1.0,0.49606299212598426,1.0,0.5335365853658537,165.1,167.64,1994-10-05,0.0
Martin Buday,8,7,1,0.875,52.875,101.5,0.520935960591133,0.125,0.5,0.25,0.125,0.25,168.5,55.5,1.875,0.9333333333333333,1.0,0.5523465703971119,0.8,0.5576923076923077,193.04,195.58,1991-11-11,0.0
Julian Marquez,8,3,5,0.375,39.25,87.25,0.4498567335243553,0.0,0.75,0.0,1.375,0.125,27.125,44.0,3.0,1.0,0.0,0.4897959183673469,0.2,0.5012919896640827,187.96,182.88,1990-05-08,0.0
Steven Peterson,8,3,5,0.375,65.0,160.625,0.4046692607003891,1.25,4.125,0.30303030303030304,0.75,0.125,195.375,84.25,3.125,0.6,0.3333333333333333,0.5360576923076923,0.4,0.4587280108254398,177.8,177.8,1990-05-29,0.0
Joe Soto,8,3,5,0.375,29.75,71.25,0.41754385964912283,0.5,2.375,0.21052631578947367,1.125,0.0,56.375,47.5,2.5,0.8,0.3333333333333333,0.4782608695652174,0.6,0.41106719367588934,167.64,165.1,1987-03-22,0.0
Zach Reese,8,4,4,0.5,32.375,59.375,0.5452631578947369,1.375,2.25,0.6111111111111112,0.5,0.125,78.75,28.375,2.5,0.44999999999999996,0.3333333333333333,0.555,0.4,0.5240963855421686,,,,
Daniel Zellhuber,8,4,4,0.5,64.0,178.375,0.3587946741415557,0.0,0.25,0.0,0.375,0.0,20.75,76.25,3.5,1.0,0.0,0.3345070422535211,0.4,0.36769394261424015,185.42,195.58,1999-07-07,0.0
Joe Pyfer,8,7,1,0.875,31.625,73.125,0.4324786324786325,0.75,3.0,0.25,0.5,0.0,58.5,29.875,0.75,0.0,1.0,0.5103092783505154,0.8,0.43832599118942733,187.96,190.5,1996-09-17,0.0
Frank Camacho,8,2,6,0.25,55.375,119.375,0.4638743455497382,0.625,2.0,0.3125,0.0,0.25,48.25,62.75,3.25,0.8076923076923077,0.0,0.41818181818181815,0.2,0.4728434504792332,177.8,185.42,1989-05-18,0.0
Nick Catone,8,4,4,0.5,24.5,54.875,0.44646924829157175,2.875,6.5,0.4423076923076923,0.375,0.125,252.75,27.0,3.0,0.04166666666666663,0.3333333333333333,0.41044776119402987,0.6,0.39864864864864863,182.88,182.88,1981-09-01,1.0
Sage Northcutt,8,6,2,0.75,33.375,63.75,0.5235294117647059,1.125,3.25,0.34615384615384615,0.375,0.125,97.125,18.25,3.0,0.625,1.0,0.49404761904761907,0.8,0.5176470588235295,182.88,180.34,1996-03-01,0.0
CJ Vergara,8,3,5,0.375,51.75,91.125,0.5679012345679012,0.0,0.0,0.0,0.125,0.125,80.625,49.125,5.0,1.0,0.0,0.47560975609756095,0.4,0.5675675675675675,167.64,172.72,1991-06-18,0.0
Adriano Martins,7,4,3,0.5714285714285714,14.714285714285714,33.42857142857143,0.44017094017094016,0.5714285714285714,0.7142857142857143,0.8,0.2857142857142857,0.0,53.714285714285715,15.428571428571429,1.0,0.4285714285714286,0.3333333333333333,0.4380165289256198,0.6,0.40437158469945356,177.8,182.88,1982-12-16,1.0
Bec Rawlings,7,2,5,0.2857142857142857,54.0,126.14285714285714,0.42808607021517553,0.5714285714285714,1.4285714285714286,0.4,0.2857142857142857,0.0,108.14285714285714,68.28571428571429,2.7142857142857144,0.7894736842105263,0.0,0.3869653767820774,0.2,0.3972413793103448,167.64,162.56,1989-02-11,0.0
Cristiane Justino,7,6,1,0.8571428571428571,65.71428571428571,115.28571428571429,0.5700123915737298,0.42857142857142855,0.7142857142857143,0.6,0.0,0.0,81.85714285714286,21.142857142857142,2.4285714285714284,0.8235294117647058,0.6666666666666666,0.5766423357664233,0.8,0.546875,172.72,172.72,1985-07-09,0.0
Justine Kish,7,3,4,0.42857142857142855,67.0,139.28571428571428,0.48102564102564105,0.8571428571428571,2.5714285714285716,0.3333333333333333,0.14285714285714285,0.42857142857142855,100.71428571428571,68.14285714285714,2.0,0.5714285714285714,0.3333333333333333,0.4585152838427948,0.2,0.47203274215552526,165.1,162.56,1988-04-13,0.0
Ali Bagautinov,7,4,3,0.5714285714285714,46.142857142857146,108.71428571428571,0.4244415243101183,2.7142857142857144,7.428571428571429,0.36538461538461536,0.2857142857142857,0.14285714285714285,272.85714285714283,50.142857142857146,2.857142857142857,0.050000000000000044,0.3333333333333333,0.47720364741641336,0.4,0.44567219152854515,162.56,165.1,1985-06-10,0.0
Kailin Curran,7,1,6,0.14285714285714285,45.714285714285715,104.28571428571429,0.4383561643835616,1.5714285714285714,2.7142857142857144,0.5789473684210527,0.42857142857142855,0.14285714285714285,259.0,55.857142857142854,5.571428571428571,0.717948717948718,0.0,0.43529411764705883,0.2,0.42973523421588594,162.56,165.1,1991-04-11,0.0
Ildemar Alcantara,7,4,3,0.5714285714285714,26.857142857142858,69.42857142857143,0.3868312757201646,1.8571428571428572,2.7142857142857144,0.6842105263157895,0.8571428571428571,0.0,140.85714285714286,36.714285714285715,4.714285714285714,0.6060606060606061,0.3333333333333333,0.3058252427184466,0.4,0.401840490797546,187.96,198.12,1982-11-18,0.0
Tom Watson,7,2,5,0.2857142857142857,57.142857142857146,128.85714285714286,0.4434589800443459,0.14285714285714285,2.0,0.07142857142857142,0.0,0.0,86.14285714285714,62.857142857142854,7.857142857142857,0.9818181818181818,0.3333333333333333,0.4288840262582057,0.2,0.4145616641901932,185.42,185.42,1982-07-13,0.0
Hyun Gyu Lim,7,3,4,0.42857142857142855,40.857142857142854,99.57142857142857,0.4103299856527977,0.14285714285714285,0.14285714285714285,1.0,0.14285714285714285,0.0,11.142857142857142,46.57142857142857,3.2857142857142856,0.9565217391304348,0.0,0.3333333333333333,0.2,0.4057377049180328,190.5,195.58,1985-01-16,0.0
Sean O'Connell,7,2,5,0.2857142857142857,43.42857142857143,89.14285714285714,0.48717948717948717,0.0,1.4285714285714286,0.0,0.2857142857142857,0.0,116.42857142857143,53.857142857142854,1.4285714285714286,1.0,0.0,0.4895833333333333,0.4,0.48517520215633425,185.42,187.96,1983-09-02,0.0
Chico Camus,7,3,4,0.42857142857142855,41.42857142857143,99.71428571428571,0.4154727793696275,0.5714285714285714,1.7142857142857142,0.3333333333333333,0.2857142857142857,0.5714285714285714,178.14285714285714,39.285714285714285,5.714285714285714,0.9,0.3333333333333333,0.3760330578512397,0.4,0.3839869281045752,167.64,167.64,1985-01-26,0.0
Lucas Martins,7,4,3,0.5714285714285714,25.285714285714285,70.57142857142857,0.3582995951417004,0.0,0.14285714285714285,0.0,0.2857142857142857,0.0,10.428571428571429,36.42857142857143,4.285714285714286,1.0,0.3333333333333333,0.328125,0.6,0.35795454545454547,182.88,182.88,1988-11-11,1.0
Leslie Smith,7,4,3,0.5714285714285714,68.14285714285714,169.0,0.40321217244294166,0.0,0.7142857142857143,0.0,0.0,0.0,33.714285714285715,75.85714285714286,2.2857142857142856,1.0,0.6666666666666666,0.45182724252491696,0.6,0.4108967082860386,175.26,167.64,1982-08-17,0.0
Andrew Craig,7,3,4,0.42857142857142855,29.285714285714285,73.14285714285714,0.400390625,0.42857142857142855,1.1428571428571428,0.375,0.0,0.2857142857142857,104.28571428571429,36.857142857142854,5.142857142857143,0.9166666666666666,0.0,0.2683982683982684,0.2,0.40443213296398894,185.42,193.04,1986-01-15,0.0
Mitch Clarke,7,2,5,0.2857142857142857,23.714285714285715,69.71428571428571,0.3401639344262295,0.42857142857142855,2.857142857142857,0.15,0.2857142857142857,0.2857142857142857,89.0,33.0,3.4285714285714284,0.875,0.0,0.45410628019323673,0.4,0.4294294294294294,177.8,185.42,1985-11-24,0.0
Mauricio Ruffy,7,5,2,0.7142857142857143,25.571428571428573,45.285714285714285,0.5646687697160884,0.0,0.14285714285714285,0.0,0.0,0.0,17.285714285714285,24.571428571428573,4.285714285714286,1.0,0.6666666666666666,0.5652173913043478,0.6,0.5304878048780488,,,,
Chris Gruetzemacher,7,3,4,0.42857142857142855,64.42857142857143,112.85714285714286,0.5708860759493671,0.14285714285714285,0.2857142857142857,0.5,0.0,0.0,44.857142857142854,51.714285714285715,6.285714285714286,0.9772727272727273,0.3333333333333333,0.5367647058823529,0.4,0.5663716814159292,172.72,172.72,1986-06-16,0.0
Eddie Alvarez,7,4,3,0.5714285714285714,50.857142857142854,120.42857142857143,0.4223013048635824,1.5714285714285714,6.0,0.2619047619047619,0.14285714285714285,0.0,138.0,57.285714285714285,0.7142857142857143,-1.2000000000000002,0.3333333333333333,0.40169133192389006,0.6,0.43213728549141966,175.26,175.26,1984-01-11,0.0
Reza Madadi,7,3,4,0.42857142857142855,32.285714285714285,69.42857142857143,0.46502057613168724,2.7142857142857144,8.0,0.3392857142857143,0.42857142857142855,0.0,194.28571428571428,42.57142857142857,2.7142857142857144,0.0,0.3333333333333333,0.41968911917098445,0.4,0.4431137724550898,180.34,185.42,1978-06-20,0.0
Leandro Silva,7,3,4,0.42857142857142855,31.285714285714285,64.85714285714286,0.48237885462555063,1.4285714285714286,4.0,0.35714285714285715,0.2857142857142857,0.0,152.28571428571428,27.142857142857142,5.428571428571429,0.736842105263158,0.3333333333333333,0.4095940959409594,0.6,0.43730886850152906,175.26,182.88,1985-11-11,0.0
Mike Easton,7,3,4,0.42857142857142855,50.142857142857146,135.28571428571428,0.3706441393875396,0.7142857142857143,3.142857142857143,0.22727272727272727,0.0,0.14285714285714285,80.85714285714286,61.0,4.714285714285714,0.8484848484848485,0.0,0.4108527131782946,0.2,0.33052039381153303,167.64,177.8,1984-01-25,1.0
Vitor Miranda,7,3,4,0.42857142857142855,33.57142857142857,73.14285714285714,0.458984375,0.7142857142857143,1.2857142857142858,0.5555555555555556,0.14285714285714285,0.14285714285714285,93.0,33.142857142857146,4.0,0.8214285714285714,0.0,0.32550335570469796,0.4,0.45045045045045046,185.42,195.58,1979-03-10,0.0
Zach Makovsky,7,3,4,0.42857142857142855,29.142857142857142,67.71428571428571,0.43037974683544306,3.7142857142857144,12.142857142857142,0.3058823529411765,0.2857142857142857,0.5714285714285714,221.0,33.57142857142857,3.2857142857142856,-0.13043478260869557,0.0,0.43555555555555553,0.2,0.44036697247706424,162.56,162.56,1983-04-19,1.0
Chris Wade,7,5,2,0.7142857142857143,19.571428571428573,36.285714285714285,0.5393700787401575,2.0,3.857142857142857,0.5185185185185185,0.8571428571428571,1.1428571428571428,304.2857142857143,20.142857142857142,4.142857142857143,0.5172413793103448,0.3333333333333333,0.4491525423728814,0.6,0.4787234042553192,177.8,177.8,1987-09-30,0.0
Gilbert Melendez,7,1,6,0.14285714285714285,42.0,145.57142857142858,0.2885181550539745,0.42857142857142855,2.5714285714285716,0.16666666666666666,0.0,0.0,50.142857142857146,60.714285714285715,3.4285714285714284,0.875,0.0,0.24528301886792453,0.0,0.2681660899653979,175.26,185.42,1982-04-12,0.0
Ben Nguyen,7,4,3,0.5714285714285714,30.0,74.85714285714286,0.40076335877862596,0.14285714285714285,0.42857142857142855,0.3333333333333333,0.5714285714285714,0.2857142857142857,54.714285714285715,25.714285714285715,5.428571428571429,0.9736842105263158,0.3333333333333333,0.3442622950819672,0.4,0.38565022421524664,165.1,165.1,1988-08-03,0.0
Robert Peralta,7,4,3,0.5714285714285714,37.57142857142857,82.57142857142857,0.45501730103806226,0.5714285714285714,0.8571428571428571,0.6666666666666666,0.0,0.14285714285714285,73.0,29.714285714285715,5.714285714285714,0.9,0.3333333333333333,0.35377358490566035,0.4,0.41509433962264153,172.72,180.34,1986-03-14,0.0
Caio Magalhaes,7,4,3,0.5714285714285714,18.428571428571427,45.857142857142854,0.40186915887850466,0.5714285714285714,3.7142857142857144,0.15384615384615385,0.8571428571428571,0.14285714285714285,127.42857142857143,22.571428571428573,1.7142857142857142,0.6666666666666667,0.3333333333333333,0.36893203883495146,0.6,0.4479166666666667,185.42,185.42,1987-12-14,0.0
Rodrigo Damm,7,3,4,0.42857142857142855,49.42857142857143,135.0,0.36613756613756615,0.42857142857142855,2.4285714285714284,0.17647058823529413,0.2857142857142857,0.0,39.42857142857143,75.57142857142857,1.7142857142857142,0.75,0.0,0.3248847926267281,0.4,0.3720626631853786,170.18,180.34,1980-02-03,0.0
Cat Zingano,7,3,4,0.42857142857142855,25.857142857142858,42.142857142857146,0.6135593220338983,1.8571428571428572,2.857142857142857,0.65,0.5714285714285714,0.5714285714285714,266.14285714285717,16.428571428571427,2.0,0.0714285714285714,0.3333333333333333,0.5621301775147929,0.2,0.5492227979274611,167.64,172.72,1982-07-01,1.0
Artem Lobov,7,2,5,0.2857142857142857,57.857142857142854,139.57142857142858,0.41453428863868985,0.42857142857142855,1.7142857142857142,0.25,0.0,0.0,102.57142857142857,79.14285714285714,3.5714285714285716,0.88,0.0,0.42168674698795183,0.4,0.4428904428904429,175.26,165.1,1986-08-11,1.0
Kajan Johnson,7,4,3,0.5714285714285714,30.857142857142858,71.85714285714286,0.4294234592445328,1.2857142857142858,3.4285714285714284,0.375,0.14285714285714285,0.14285714285714285,115.42857142857143,19.857142857142858,3.4285714285714284,0.625,0.3333333333333333,0.4329896907216495,0.6,0.4626038781163435,180.34,190.5,1984-04-21,0.0
George Sullivan,7,3,4,0.42857142857142855,33.142857142857146,83.28571428571429,0.3979416809605489,0.8571428571428571,4.142857142857143,0.20689655172413793,0.42857142857142855,0.14285714285714285,163.14285714285714,22.714285714285715,3.7142857142857144,0.7692307692307692,0.0,0.42168674698795183,0.2,0.37317784256559766,182.88,185.42,1981-03-13,0.0
Timothy Johnson,7,4,3,0.5714285714285714,40.57142857142857,89.57142857142857,0.4529505582137161,0.8571428571428571,3.5714285714285716,0.24,0.0,0.0,290.2857142857143,36.42857142857143,1.8571428571428572,0.5384615384615384,0.6666666666666666,0.5085910652920962,0.6,0.461839530332681,190.5,195.58,1985-03-13,1.0
Justin Salas,7,3,4,0.42857142857142855,24.142857142857142,55.857142857142854,0.4322250639386189,1.1428571428571428,5.571428571428571,0.20512820512820512,0.0,0.0,60.0,20.857142857142858,0.14285714285714285,-7.0,0.3333333333333333,0.48695652173913045,0.4,0.41911764705882354,172.72,177.8,1982-03-13,1.0
Clint Hester,7,4,3,0.5714285714285714,35.42857142857143,82.71428571428571,0.4283246977547496,0.7142857142857143,2.0,0.35714285714285715,0.0,0.2857142857142857,110.14285714285714,36.285714285714285,3.5714285714285716,0.8,0.0,0.43,0.4,0.41005291005291006,187.96,195.58,1986-11-21,0.0
Juliana Lima,7,3,4,0.42857142857142855,26.571428571428573,60.285714285714285,0.44075829383886256,1.5714285714285714,5.0,0.3142857142857143,0.0,0.42857142857142855,308.57142857142856,28.857142857142858,3.4285714285714284,0.5416666666666667,0.3333333333333333,0.4166666666666667,0.4,0.4788273615635179,165.1,165.1,1982-03-15,0.0
Ryan Jimmo,7,3,4,0.42857142857142855,29.571428571428573,44.714285714285715,0.6613418530351438,0.2857142857142857,1.0,0.2857142857142857,0.0,0.0,189.28571428571428,26.285714285714285,4.571428571428571,0.9375,0.3333333333333333,0.5737704918032787,0.4,0.6602316602316602,185.42,185.42,1981-11-27,0.0
Kyle Bochniak,7,2,5,0.2857142857142857,39.42857142857143,125.57142857142857,0.31399317406143346,1.1428571428571428,7.428571428571429,0.15384615384615385,0.0,0.0,103.14285714285714,76.71428571428571,6.142857142857143,0.813953488372093,0.0,0.30023640661938533,0.2,0.30049261083743845,170.18,177.8,1987-02-05,0.0
Phillipe Nover,7,1,6,0.14285714285714285,23.285714285714285,65.42857142857143,0.3558951965065502,0.8571428571428571,3.0,0.2857142857142857,0.5714285714285714,0.2857142857142857,79.85714285714286,32.285714285714285,5.428571428571429,0.8421052631578947,0.0,0.340625,0.2,0.35714285714285715,175.26,182.88,1984-02-03,0.0
Rob Kimmons,7,3,4,0.42857142857142855,13.428571428571429,27.571428571428573,0.48704663212435234,1.0,2.142857142857143,0.4666666666666667,1.1428571428571428,0.14285714285714285,114.42857142857143,34.57142857142857,1.1428571428571428,0.125,0.3333333333333333,0.5,0.4,0.4748603351955307,177.8,185.42,1981-01-30,0.0
Iasmin Lucindo,7,5,2,0.7142857142857143,45.42857142857143,99.85714285714286,0.45493562231759654,2.142857142857143,3.857142857142857,0.5555555555555556,0.14285714285714285,0.14285714285714285,212.85714285714286,39.42857142857143,2.2857142857142856,0.0625,0.6666666666666666,0.44166666666666665,0.8,0.4975,160.02,167.64,2002-01-08,0.0
Michihiro Omigawa,7,1,6,0.14285714285714285,31.0,75.71428571428571,0.40943396226415096,1.1428571428571428,3.142857142857143,0.36363636363636365,1.1428571428571428,0.7142857142857143,169.57142857142858,50.857142857142854,6.857142857142857,0.8333333333333334,0.3333333333333333,0.44776119402985076,0.2,0.3986175115207373,167.64,172.72,1975-12-19,0.0
Carlos Newton,7,3,4,0.42857142857142855,6.285714285714286,15.714285714285714,0.4,1.4285714285714286,2.4285714285714284,0.5882352941176471,1.1428571428571428,0.42857142857142855,100.57142857142857,20.714285714285715,2.4285714285714284,0.4117647058823529,0.3333333333333333,0.3888888888888889,0.4,0.2987012987012987,175.26,,1976-08-17,0.0
Azamat Murzakanov,7,6,1,0.8571428571428571,40.42857142857143,71.57142857142857,0.564870259481038,0.42857142857142855,2.0,0.21428571428571427,0.14285714285714285,0.0,52.57142857142857,29.714285714285715,1.2857142857142858,0.6666666666666667,0.6666666666666666,0.5614035087719298,0.8,0.5398773006134969,177.8,180.34,1989-04-12,1.0
Taila Santos,7,4,3,0.5714285714285714,45.0,98.28571428571429,0.4578488372093023,2.142857142857143,2.857142857142857,0.75,1.2857142857142858,0.2857142857142857,357.7142857142857,38.42857142857143,4.857142857142857,0.5588235294117647,0.3333333333333333,0.4472843450479233,0.6,0.49887640449438203,167.64,172.72,1993-06-22,0.0
Carlos Hernandez,7,3,4,0.42857142857142855,36.42857142857143,81.42857142857143,0.4473684210526316,1.2857142857142858,4.857142857142857,0.2647058823529412,0.0,0.0,104.14285714285714,35.857142857142854,3.5714285714285716,0.64,0.3333333333333333,0.4155844155844156,0.4,0.4296675191815857,172.72,170.18,1993-10-25,0.0
Armen Petrosyan,7,3,4,0.42857142857142855,71.0,133.85714285714286,0.5304162219850587,0.14285714285714285,0.42857142857142855,0.3333333333333333,0.0,0.14285714285714285,43.0,41.142857142857146,3.4285714285714284,0.9583333333333334,0.0,0.5432098765432098,0.4,0.5255813953488372,190.5,180.34,1990-11-02,0.0
Raulian Paiva,7,3,4,0.42857142857142855,43.0,107.42857142857143,0.4002659574468085,0.42857142857142855,2.2857142857142856,0.1875,0.14285714285714285,0.0,67.71428571428571,51.142857142857146,6.714285714285714,0.9361702127659575,0.3333333333333333,0.4084967320261438,0.6,0.4177215189873418,172.72,175.26,1995-10-17,0.0
Ismail Naurdiev,7,4,3,0.5714285714285714,47.857142857142854,90.57142857142857,0.5283911671924291,1.2857142857142858,3.142857142857143,0.4090909090909091,0.14285714285714285,0.2857142857142857,150.14285714285714,22.857142857142858,5.857142857142857,0.7804878048780488,0.6666666666666666,0.5272727272727272,0.6,0.514344262295082,177.8,187.96,1996-08-18,0.0
Andre Fialho,7,2,5,0.2857142857142857,28.857142857142858,69.42857142857143,0.4156378600823045,0.14285714285714285,0.14285714285714285,1.0,0.0,0.0,17.857142857142858,54.714285714285715,1.7142857142857142,0.9166666666666666,0.0,0.4090909090909091,0.2,0.423728813559322,182.88,187.96,1994-04-07,0.0
Sabina Mazo,7,3,4,0.42857142857142855,80.28571428571429,183.57142857142858,0.43735408560311284,0.5714285714285714,0.7142857142857143,0.8,0.14285714285714285,0.0,117.14285714285714,57.285714285714285,3.142857142857143,0.8181818181818181,0.0,0.3790322580645161,0.4,0.4020618556701031,170.18,177.8,1997-03-25,0.0
Michael Morales,7,7,0,1.0,50.857142857142854,101.85714285714286,0.4992987377279102,0.14285714285714285,0.5714285714285714,0.25,0.0,0.14285714285714285,28.428571428571427,26.142857142857142,3.7142857142857144,0.9615384615384616,1.0,0.6148648648648649,1.0,0.475,182.88,200.66,1999-06-24,0.0
Matt Grice,7,2,5,0.2857142857142857,36.0,67.42857142857143,0.5338983050847458,1.2857142857142858,3.4285714285714284,0.375,0.2857142857142857,0.0,262.7142857142857,23.714285714285715,2.4285714285714284,0.47058823529411764,0.3333333333333333,0.4885245901639344,0.2,0.5041551246537396,172.72,177.8,1981-07-29,0.0
Kevin Randleman,7,4,3,0.5714285714285714,13.857142857142858,37.57142857142857,0.3688212927756654,3.0,4.285714285714286,0.7,0.7142857142857143,0.0,373.14285714285717,11.428571428571429,0.14285714285714285,-20.0,0.3333333333333333,0.5689655172413793,0.6,0.39215686274509803,177.8,,1971-08-10,0.0
Fabiano Iha,7,3,4,0.42857142857142855,6.428571428571429,14.857142857142858,0.4326923076923077,0.8571428571428571,3.2857142857142856,0.2608695652173913,1.1428571428571428,0.0,79.71428571428571,13.714285714285714,0.8571428571428571,0.0,0.3333333333333333,0.4375,0.6,0.46835443037974683,172.72,,1970-07-28,0.0
Takashi Sato,7,2,5,0.2857142857142857,18.714285714285715,45.0,0.4158730158730159,0.42857142857142855,1.1428571428571428,0.375,0.0,0.14285714285714285,29.857142857142858,31.571428571428573,3.2857142857142856,0.8695652173913043,0.0,0.5256410256410257,0.2,0.4713375796178344,177.8,185.42,1990-06-09,1.0
Muhammad Mokaev,7,7,0,1.0,20.285714285714285,44.714285714285715,0.4536741214057508,4.428571428571429,10.714285714285714,0.41333333333333333,0.7142857142857143,0.0,390.2857142857143,17.0,0.5714285714285714,-6.75,1.0,0.4155251141552511,1.0,0.45878136200716846,170.18,177.8,2000-07-30,0.0
Damir Ismagulov,7,5,2,0.7142857142857143,50.42857142857143,117.85714285714286,0.42787878787878786,1.0,3.5714285714285716,0.28,0.0,0.14285714285714285,169.42857142857142,36.57142857142857,5.285714285714286,0.8108108108108107,0.3333333333333333,0.41830065359477125,0.6,0.4112903225806452,177.8,187.96,1991-02-03,0.0
Thomas Petersen,7,3,4,0.42857142857142855,32.142857142857146,55.142857142857146,0.582901554404145,1.8571428571428572,5.0,0.37142857142857144,0.14285714285714285,0.0,249.14285714285714,27.714285714285715,1.0,-0.8571428571428572,0.3333333333333333,0.5714285714285714,0.4,0.5617283950617284,,,,
Manuel Torres,7,5,2,0.7142857142857143,17.714285714285715,31.857142857142858,0.5560538116591929,0.2857142857142857,0.42857142857142855,0.6666666666666666,0.14285714285714285,0.0,14.142857142857142,13.0,1.7142857142857142,0.8333333333333334,0.6666666666666666,0.574468085106383,0.6,0.5422535211267606,177.8,185.42,1995-03-25,
Neil Seery,7,3,4,0.42857142857142855,49.142857142857146,119.42857142857143,0.41148325358851673,0.7142857142857143,2.5714285714285716,0.2777777777777778,1.4285714285714286,0.42857142857142855,56.42857142857143,52.42857142857143,7.428571428571429,0.9038461538461539,0.3333333333333333,0.42216358839050133,0.4,0.41289198606271776,162.56,162.56,1979-08-30,0.0
Michael Trizano,7,4,3,0.5714285714285714,43.142857142857146,80.57142857142857,0.5354609929078015,0.2857142857142857,0.42857142857142855,0.6666666666666666,0.42857142857142855,0.14285714285714285,94.0,52.285714285714285,4.714285714285714,0.9393939393939394,0.3333333333333333,0.5362903225806451,0.4,0.5318066157760815,180.34,180.34,1991-12-31,0.0
Mike Massenzio,7,2,5,0.2857142857142857,16.285714285714285,36.142857142857146,0.4505928853754941,1.4285714285714286,5.857142857142857,0.24390243902439024,0.7142857142857143,0.0,147.28571428571428,28.142857142857142,0.8571428571428571,-0.6666666666666667,0.3333333333333333,0.4517766497461929,0.2,0.4493927125506073,187.96,185.42,1982-11-01,1.0
Jason Brilz,7,3,4,0.42857142857142855,26.428571428571427,65.57142857142857,0.40305010893246185,1.5714285714285714,6.285714285714286,0.25,0.8571428571428571,0.42857142857142855,267.2857142857143,17.714285714285715,0.5714285714285714,-1.75,0.0,0.3125,0.2,0.37261146496815284,180.34,180.34,1975-07-07,0.0
Maurice Smith,7,4,3,0.5714285714285714,19.571428571428573,26.0,0.7527472527472527,0.0,0.0,0.0,0.42857142857142855,0.14285714285714285,51.42857142857143,11.142857142857142,3.4285714285714284,1.0,0.6666666666666666,0.7323943661971831,0.4,0.6730769230769231,187.96,,1961-12-13,0.0
Jake Hadley,7,3,4,0.42857142857142855,46.142857142857146,107.0,0.43124165554072097,0.14285714285714285,2.4285714285714284,0.058823529411764705,0.7142857142857143,0.2857142857142857,87.14285714285714,51.57142857142857,2.7142857142857144,0.9473684210526316,0.3333333333333333,0.4228187919463087,0.4,0.40834845735027225,170.18,177.8,1996-08-03,1.0
Malcolm Gordon,7,2,5,0.2857142857142857,15.571428571428571,34.285714285714285,0.45416666666666666,0.7142857142857143,2.0,0.35714285714285715,0.42857142857142855,0.42857142857142855,117.14285714285714,12.428571428571429,2.142857142857143,0.6666666666666667,0.0,0.4634146341463415,0.4,0.48623853211009177,170.18,180.34,1990-05-19,0.0
Soa Palelei,7,4,3,0.5714285714285714,17.285714285714285,30.142857142857142,0.5734597156398105,1.2857142857142858,2.857142857142857,0.45,0.0,0.0,183.42857142857142,25.571428571428573,1.5714285714285714,0.18181818181818177,0.3333333333333333,0.4864864864864865,0.6,0.5378787878787878,193.04,205.74,1977-07-12,0.0
Hannah Cifers,7,2,5,0.2857142857142857,41.57142857142857,93.42857142857143,0.44495412844036697,0.14285714285714285,0.14285714285714285,1.0,0.14285714285714285,0.0,65.28571428571429,44.857142857142854,2.4285714285714284,0.9411764705882353,0.0,0.4240506329113924,0.2,0.4255813953488372,154.94,157.48,1992-06-26,0.0
Piera Rodriguez,7,5,2,0.7142857142857143,56.0,115.28571428571429,0.4857496902106567,3.7142857142857144,6.285714285714286,0.5909090909090909,0.0,0.0,253.0,43.0,3.142857142857143,-0.18181818181818188,1.0,0.4651685393258427,0.6,0.46332737030411447,160.02,160.02,1992-11-11,0.0
Ian Heinisch,7,3,4,0.42857142857142855,39.42857142857143,78.85714285714286,0.5,0.8571428571428571,5.0,0.17142857142857143,0.5714285714285714,0.14285714285714285,95.42857142857143,36.714285714285715,7.285714285714286,0.8823529411764706,0.3333333333333333,0.4930555555555556,0.2,0.4666666666666667,180.34,182.88,1988-08-05,0.0
Josh Fremd,7,2,5,0.2857142857142857,30.142857142857142,72.14285714285714,0.4178217821782178,0.42857142857142855,2.4285714285714284,0.17647058823529413,0.7142857142857143,0.42857142857142855,144.42857142857142,28.857142857142858,3.2857142857142856,0.8695652173913043,0.0,0.359375,0.4,0.3929471032745592,193.04,193.04,1994-01-15,0.0
Brock Lesnar,7,4,3,0.5714285714285714,23.142857142857142,31.571428571428573,0.7330316742081447,1.5714285714285714,2.857142857142857,0.55,0.2857142857142857,0.0,215.14285714285714,16.571428571428573,0.7142857142857143,-1.2000000000000002,0.3333333333333333,0.4423076923076923,0.6,0.696551724137931,190.5,205.74,1977-07-12,0.0
Myktybek Orolbai,7,5,2,0.7142857142857143,28.142857142857142,53.857142857142854,0.5225464190981433,5.714285714285714,9.571428571428571,0.5970149253731343,0.2857142857142857,0.14285714285714285,337.0,26.0,1.5714285714285714,-2.6363636363636362,0.6666666666666666,0.6354166666666666,0.6,0.5210084033613446,,,,
Eugene Jackson,7,3,4,0.42857142857142855,7.285714285714286,24.714285714285715,0.2947976878612717,0.2857142857142857,0.5714285714285714,0.5,0.7142857142857143,0.0,31.0,7.0,2.142857142857143,0.8666666666666667,0.3333333333333333,0.25,0.2,0.36363636363636365,172.72,,1966-09-23,0.0
Dalcha Lungiambula,7,2,5,0.2857142857142857,30.714285714285715,68.14285714285714,0.45073375262054505,1.4285714285714286,3.142857142857143,0.45454545454545453,0.0,0.0,164.14285714285714,39.285714285714285,1.2857142857142858,-0.11111111111111116,0.0,0.5,0.2,0.4338235294117647,172.72,193.04,1987-07-31,0.0
Batgerel Danaa,7,3,4,0.42857142857142855,44.42857142857143,121.57142857142857,0.3654524089306698,0.2857142857142857,0.5714285714285714,0.5,0.0,0.14285714285714285,15.0,34.714285714285715,2.2857142857142856,0.875,0.0,0.3448275862068966,0.4,0.3554421768707483,170.18,177.8,1989-07-04,0.0
Pete Sell,7,2,5,0.2857142857142857,24.428571428571427,57.57142857142857,0.42431761786600497,0.5714285714285714,2.7142857142857144,0.21052631578947367,0.5714285714285714,0.14285714285714285,83.85714285714286,34.285714285714285,3.0,0.8095238095238095,0.3333333333333333,0.4957983193277311,0.2,0.4473684210526316,180.34,190.5,1982-08-05,0.0
Ivan Salaverry,7,3,4,0.42857142857142855,16.428571428571427,34.285714285714285,0.4791666666666667,0.2857142857142857,1.4285714285714286,0.2,1.4285714285714286,0.14285714285714285,65.57142857142857,8.428571428571429,2.7142857142857144,0.8947368421052632,0.0,0.3815789473684211,0.4,0.40816326530612246,182.88,,1971-01-11,0.0
Rodrigo Nascimento,7,4,3,0.5714285714285714,37.857142857142854,82.85714285714286,0.45689655172413796,0.8571428571428571,1.8571428571428572,0.46153846153846156,0.2857142857142857,0.0,150.14285714285714,45.142857142857146,3.142857142857143,0.7272727272727273,0.3333333333333333,0.44755244755244755,0.6,0.44274809160305345,187.96,203.2,1992-11-26,0.0
Shavkat Rakhmonov,7,7,0,1.0,34.857142857142854,58.0,0.6009852216748769,1.0,3.857142857142857,0.25925925925925924,0.8571428571428571,0.14285714285714285,319.42857142857144,23.285714285714285,1.0,0.0,1.0,0.6312056737588653,1.0,0.6069364161849711,185.42,195.58,1994-10-23,0.0
Pete Spratt,7,3,4,0.42857142857142855,8.714285714285714,15.142857142857142,0.5754716981132075,0.14285714285714285,0.14285714285714285,1.0,0.14285714285714285,0.42857142857142855,66.14285714285714,5.142857142857143,2.857142857142857,0.95,0.3333333333333333,0.5428571428571428,0.4,0.5757575757575758,175.26,,1971-01-09,0.0
Stephanie Egger,7,3,4,0.42857142857142855,17.142857142857142,36.857142857142854,0.46511627906976744,1.2857142857142858,3.0,0.42857142857142855,0.2857142857142857,0.2857142857142857,135.0,19.285714285714285,2.0,0.3571428571428571,0.3333333333333333,0.422360248447205,0.4,0.44021739130434784,167.64,172.72,1988-08-12,0.0
William Knight,7,3,4,0.42857142857142855,24.857142857142858,51.42857142857143,0.48333333333333334,1.2857142857142858,3.5714285714285716,0.36,0.42857142857142855,0.2857142857142857,105.57142857142857,40.857142857142854,2.857142857142857,0.55,0.0,0.352112676056338,0.4,0.4296028880866426,177.8,185.42,1988-04-03,0.0
Jordan Wright,7,2,5,0.2857142857142857,20.714285714285715,36.0,0.5753968253968254,0.7142857142857143,1.5714285714285714,0.45454545454545453,0.14285714285714285,0.0,65.28571428571429,29.428571428571427,1.7142857142857142,0.5833333333333333,0.0,0.5,0.2,0.5894736842105263,187.96,195.58,1991-10-07,0.0
Josh Parisian,7,2,5,0.2857142857142857,44.285714285714285,92.71428571428571,0.4776579352850539,0.7142857142857143,2.142857142857143,0.3333333333333333,0.0,0.0,83.71428571428571,49.42857142857143,3.4285714285714284,0.7916666666666666,0.0,0.36312849162011174,0.2,0.4448669201520912,193.04,200.66,1989-06-28,0.0
Drew Fickett,7,4,3,0.5714285714285714,22.142857142857142,53.285714285714285,0.4155495978552279,0.8571428571428571,2.2857142857142856,0.375,1.1428571428571428,0.14285714285714285,100.85714285714286,20.142857142857142,3.2857142857142856,0.7391304347826086,0.6666666666666666,0.42729970326409494,0.6,0.4171270718232044,177.8,177.8,1979-12-14,0.0
Nate Maness,7,5,2,0.7142857142857143,29.857142857142858,59.42857142857143,0.5024038461538461,0.42857142857142855,0.5714285714285714,0.75,0.42857142857142855,0.0,69.71428571428571,36.857142857142854,5.714285714285714,0.925,0.6666666666666666,0.5727699530516432,0.6,0.5236486486486487,177.8,182.88,1991-06-27,0.0
Shamil Gaziev,7,4,3,0.5714285714285714,23.571428571428573,52.0,0.4532967032967033,0.5714285714285714,1.7142857142857142,0.3333333333333333,0.0,0.0,192.14285714285714,40.42857142857143,0.8571428571428571,0.33333333333333337,0.3333333333333333,0.4083333333333333,0.6,0.47474747474747475,,,,
Josh Thomson,7,3,4,0.42857142857142855,28.142857142857142,65.28571428571429,0.4310722100656455,1.5714285714285714,4.285714285714286,0.36666666666666664,0.0,0.0,173.28571428571428,35.285714285714285,1.7142857142857142,0.08333333333333337,0.0,0.3489208633093525,0.2,0.3935309973045822,177.8,180.34,1978-09-21,0.0
Zhalgas Zhumagulov,7,1,6,0.14285714285714285,60.714285714285715,141.0,0.43059777102330293,1.0,5.142857142857143,0.19444444444444445,0.14285714285714285,0.0,76.14285714285714,67.85714285714286,1.1428571428571428,0.125,0.0,0.40916271721958924,0.2,0.4076086956521739,162.56,167.64,1988-08-29,0.0
Frank Trigg,7,2,5,0.2857142857142857,10.571428571428571,22.428571428571427,0.4713375796178344,0.2857142857142857,0.42857142857142855,0.6666666666666666,0.2857142857142857,0.14285714285714285,104.0,9.142857142857142,1.8571428571428572,0.8461538461538461,0.0,0.24242424242424243,0.2,0.4778761061946903,175.26,180.34,1972-05-07,1.0
Jared Gooden,7,2,5,0.2857142857142857,51.714285714285715,106.0,0.48787061994609165,0.7142857142857143,1.5714285714285714,0.45454545454545453,0.2857142857142857,0.0,44.714285714285715,79.28571428571429,2.857142857142857,0.75,0.3333333333333333,0.5714285714285714,0.4,0.553030303030303,182.88,195.58,1993-12-05,0.0
Ricco Rodriguez,7,5,2,0.7142857142857143,25.428571428571427,44.857142857142854,0.5668789808917197,2.4285714285714284,6.0,0.40476190476190477,0.8571428571428571,0.2857142857142857,339.2857142857143,15.571428571428571,1.8571428571428572,-0.3076923076923077,0.3333333333333333,0.4959349593495935,0.6,0.5520361990950227,193.04,,1977-08-19,0.0
Ariane Carnelossi,7,3,4,0.42857142857142855,27.142857142857142,70.28571428571429,0.3861788617886179,0.7142857142857143,1.4285714285714286,0.5,0.14285714285714285,0.42857142857142855,108.14285714285714,47.42857142857143,3.142857142857143,0.7727272727272727,0.3333333333333333,0.3356164383561644,0.4,0.34306569343065696,157.48,154.94,1992-11-17,0.0
Brad Riddell,7,4,3,0.5714285714285714,51.42857142857143,95.85714285714286,0.5365126676602087,1.2857142857142858,3.5714285714285716,0.36,0.0,0.14285714285714285,80.71428571428571,38.57142857142857,5.857142857142857,0.7804878048780488,0.0,0.5244755244755245,0.4,0.5179372197309418,170.18,180.34,1991-09-30,0.0
Jake O'Brien,7,4,3,0.5714285714285714,13.142857142857142,41.285714285714285,0.31833910034602075,4.285714285714286,7.571428571428571,0.5660377358490566,0.14285714285714285,0.2857142857142857,300.2857142857143,19.285714285714285,0.5714285714285714,-6.5,0.3333333333333333,0.24183006535947713,0.4,0.2621359223300971,190.5,193.04,1984-09-25,0.0
Forrest Petz,7,2,5,0.2857142857142857,26.285714285714285,88.85714285714286,0.2958199356913183,1.0,1.0,1.0,0.0,0.2857142857142857,113.0,25.428571428571427,6.0,0.8333333333333334,0.0,0.40654205607476634,0.2,0.2571976967370441,175.26,180.34,1975-09-22,0.0
Luana Pinheiro,7,3,4,0.42857142857142855,41.0,103.57142857142857,0.39586206896551723,2.0,5.285714285714286,0.3783783783783784,0.14285714285714285,0.14285714285714285,65.71428571428571,51.714285714285715,4.0,0.5,0.0,0.36,0.2,0.38596491228070173,157.48,157.48,1992-11-18,0.0
Rongzhu,7,4,3,0.5714285714285714,80.0,163.0,0.49079754601226994,1.4285714285714286,2.2857142857142856,0.625,0.0,0.14285714285714285,111.57142857142857,76.85714285714286,3.857142857142857,0.6296296296296297,1.0,0.48905109489051096,0.6,0.4789356984478936,175.26,182.88,2000-03-07,0.0
Jorge Gurgel,7,3,4,0.42857142857142855,50.857142857142854,153.57142857142858,0.3311627906976744,0.8571428571428571,3.4285714285714284,0.25,0.14285714285714285,0.2857142857142857,225.42857142857142,53.57142857142857,1.2857142857142858,0.33333333333333337,0.3333333333333333,0.4146868250539957,0.4,0.37163120567375885,170.18,175.26,1977-01-25,0.0
Jeff Monson,7,4,3,0.5714285714285714,16.571428571428573,42.714285714285715,0.3879598662207358,1.1428571428571428,6.714285714285714,0.1702127659574468,0.42857142857142855,0.42857142857142855,234.57142857142858,27.285714285714285,1.4285714285714286,0.19999999999999996,0.6666666666666666,0.3333333333333333,0.6,0.3640552995391705,175.26,187.96,1971-01-18,0.0
Jared Vanderaa,7,1,6,0.14285714285714285,56.714285714285715,127.85714285714286,0.4435754189944134,0.0,0.14285714285714285,0.0,0.0,0.0,36.42857142857143,66.14285714285714,1.4285714285714286,1.0,0.0,0.40540540540540543,0.0,0.42215088282504015,193.04,203.2,1992-05-12,0.0
Josh Culibao,7,3,4,0.42857142857142855,44.57142857142857,96.57142857142857,0.46153846153846156,0.0,1.4285714285714286,0.0,0.2857142857142857,0.0,38.285714285714285,39.285714285714285,4.571428571428571,1.0,0.0,0.4639175257731959,0.4,0.4540441176470588,177.8,185.42,1994-05-24,0.0
Miguel Baeza,7,3,4,0.42857142857142855,39.714285714285715,83.14285714285714,0.47766323024054985,0.2857142857142857,1.0,0.2857142857142857,1.2857142857142858,0.0,24.714285714285715,57.42857142857143,1.2857142857142858,0.7777777777777778,0.0,0.49206349206349204,0.2,0.45982142857142855,187.96,187.96,1992-08-23,0.0
Elvis Sinosic,7,1,6,0.14285714285714285,7.857142857142857,20.714285714285715,0.3793103448275862,0.0,0.14285714285714285,0.0,0.5714285714285714,0.0,10.714285714285714,32.0,2.142857142857143,1.0,0.0,0.375,0.0,0.3787878787878788,190.5,195.58,1971-02-13,0.0
Mark Hominick,7,3,4,0.42857142857142855,42.0,98.57142857142857,0.4260869565217391,0.2857142857142857,0.42857142857142855,0.6666666666666666,0.14285714285714285,0.0,51.42857142857143,47.857142857142854,3.142857142857143,0.9090909090909091,0.0,0.5379061371841155,0.2,0.4831223628691983,172.72,172.72,1982-07-22,0.0
Omar Morales,7,3,4,0.42857142857142855,41.42857142857143,109.42857142857143,0.3785900783289817,0.42857142857142855,0.42857142857142855,1.0,0.0,0.42857142857142855,76.71428571428571,41.142857142857146,4.571428571428571,0.90625,0.0,0.4842105263157895,0.2,0.42207792207792205,180.34,185.42,1985-10-17,0.0
Mason Jones,7,4,3,0.5714285714285714,81.71428571428571,189.85714285714286,0.43039879608728365,2.857142857142857,5.142857142857143,0.5555555555555556,0.14285714285714285,0.0,192.57142857142858,66.57142857142857,3.2857142857142856,0.13043478260869568,0.6666666666666666,0.4665391969407266,0.6,0.42840512223515714,177.8,187.96,1995-04-26,0.0
Luke Cummo,7,3,4,0.42857142857142855,21.0,48.57142857142857,0.4323529411764706,0.7142857142857143,1.2857142857142858,0.5555555555555556,1.1428571428571428,0.0,98.14285714285714,18.142857142857142,7.714285714285714,0.9074074074074074,0.3333333333333333,0.39759036144578314,0.4,0.43523316062176165,182.88,187.96,1980-04-27,0.0
Lukasz Brzeski,7,1,6,0.14285714285714285,39.57142857142857,80.28571428571429,0.4928825622775801,0.0,0.42857142857142855,0.0,0.0,0.14285714285714285,10.285714285714286,31.857142857142858,2.7142857142857144,1.0,0.0,0.5126050420168067,0.2,0.5473251028806584,193.04,198.12,1992-05-17,0.0
Amir Albazi,7,5,2,0.7142857142857143,35.857142857142854,106.14285714285714,0.33781965006729475,1.1428571428571428,4.571428571428571,0.25,0.42857142857142855,0.0,211.14285714285714,56.285714285714285,1.1428571428571428,0.0,0.3333333333333333,0.27293064876957496,0.6,0.3131868131868132,165.1,172.72,1993-10-27,0.0
Sam Patterson,7,5,2,0.7142857142857143,19.285714285714285,45.857142857142854,0.4205607476635514,0.2857142857142857,0.5714285714285714,0.5,0.2857142857142857,0.0,39.285714285714285,14.142857142857142,0.2857142857142857,0.0,0.6666666666666666,0.4139344262295082,0.8,0.42105263157894735,190.5,198.12,1996-04-30,0.0
Luana Santos,7,6,1,0.8571428571428571,27.857142857142858,52.0,0.5357142857142857,1.5714285714285714,4.142857142857143,0.3793103448275862,0.7142857142857143,0.0,364.7142857142857,27.0,1.0,-0.5714285714285714,1.0,0.6666666666666666,0.8,0.5096774193548387,167.64,170.18,2000-04-16,0.0
Poliana Botelho,7,3,4,0.42857142857142855,29.142857142857142,49.714285714285715,0.5862068965517241,0.5714285714285714,1.0,0.5714285714285714,0.0,0.0,118.14285714285714,28.142857142857142,3.7142857142857144,0.8461538461538461,0.0,0.5952380952380952,0.2,0.5565217391304348,172.72,170.18,1988-12-15,0.0
Yoshihiro Akiyama,7,2,5,0.2857142857142857,43.0,109.71428571428571,0.3919270833333333,1.7142857142857142,2.857142857142857,0.6,0.14285714285714285,0.0,189.85714285714286,64.85714285714286,4.857142857142857,0.6470588235294117,0.3333333333333333,0.4692737430167598,0.2,0.4025735294117647,177.8,190.5,1975-07-29,0.0
Jamey-Lyn Horth,7,4,3,0.5714285714285714,50.0,105.0,0.47619047619047616,0.8571428571428571,2.0,0.42857142857142855,0.14285714285714285,0.14285714285714285,115.85714285714286,34.714285714285715,5.142857142857143,0.8333333333333334,0.6666666666666666,0.44630071599045346,0.6,0.42463235294117646,170.18,167.64,1990-03-30,0.0
Daniel Roberts,7,3,4,0.42857142857142855,7.0,34.285714285714285,0.20416666666666666,1.5714285714285714,3.5714285714285716,0.44,1.5714285714285714,0.2857142857142857,134.71428571428572,21.714285714285715,2.142857142857143,0.2666666666666667,0.0,0.20512820512820512,0.4,0.20670391061452514,177.8,187.96,1980-08-05,1.0
Edgar Chairez,7,4,3,0.5714285714285714,38.42857142857143,81.85714285714286,0.4694589877835951,0.0,0.2857142857142857,0.0,1.0,0.14285714285714285,13.714285714285714,46.285714285714285,3.4285714285714284,1.0,0.6666666666666666,0.4868421052631579,0.6,0.4519230769230769,170.18,180.34,1996-01-27,0.0
Nursulton Ruziboev,7,5,2,0.7142857142857143,16.142857142857142,36.42857142857143,0.44313725490196076,0.8571428571428571,1.1428571428571428,0.75,0.14285714285714285,0.42857142857142855,107.42857142857143,18.571428571428573,1.5714285714285714,0.4545454545454546,0.6666666666666666,0.44,0.6,0.4439252336448598,195.58,193.04,1993-11-19,0.0
Gavin Tucker,7,4,3,0.5714285714285714,44.142857142857146,98.71428571428571,0.447178002894356,2.142857142857143,4.857142857142857,0.4411764705882353,1.0,0.2857142857142857,118.85714285714286,43.0,1.8571428571428572,-0.15384615384615374,0.3333333333333333,0.6184971098265896,0.6,0.5179372197309418,167.64,167.64,1986-06-17,1.0
Brett Johns,7,5,2,0.7142857142857143,36.142857142857146,73.71428571428571,0.4903100775193798,4.142857142857143,8.428571428571429,0.4915254237288136,0.8571428571428571,0.14285714285714285,386.2857142857143,48.42857142857143,3.4285714285714284,-0.20833333333333326,0.6666666666666666,0.5128205128205128,0.6,0.4457831325301205,170.18,180.34,1992-02-21,0.0
Jack Jenkins,7,4,3,0.5714285714285714,56.714285714285715,98.28571428571429,0.5770348837209303,1.1428571428571428,2.7142857142857144,0.42105263157894735,0.2857142857142857,0.14285714285714285,173.0,44.142857142857146,4.571428571428571,0.75,0.3333333333333333,0.5634920634920635,0.4,0.5739910313901345,170.18,172.72,1993-11-03,0.0
Shane Young,7,2,5,0.2857142857142857,53.285714285714285,130.85714285714286,0.40720524017467247,0.42857142857142855,2.2857142857142856,0.1875,0.0,0.0,49.42857142857143,56.142857142857146,3.5714285714285716,0.88,0.0,0.4163934426229508,0.2,0.40483870967741936,172.72,182.88,1993-07-31,0.0
Farid Basharat,7,7,0,1.0,53.0,103.42857142857143,0.5124309392265194,3.2857142857142856,9.285714285714286,0.35384615384615387,0.2857142857142857,0.14285714285714285,258.57142857142856,46.714285714285715,3.142857142857143,-0.045454545454545414,1.0,0.5227272727272727,1.0,0.4967845659163987,172.72,180.34,1997-08-02,0.0
Bo Nickal,7,6,1,0.8571428571428571,24.428571428571427,39.714285714285715,0.6151079136690647,1.1428571428571428,2.2857142857142856,0.5,0.7142857142857143,0.0,146.14285714285714,14.571428571428571,1.2857142857142858,0.11111111111111116,0.6666666666666666,0.608433734939759,0.8,0.6174242424242424,185.42,193.04,1996-01-14,1.0
Jerry Bohlander,7,5,2,0.7142857142857143,6.0,12.428571428571429,0.4827586206896552,0.42857142857142855,0.8571428571428571,0.5,0.7142857142857143,0.2857142857142857,0.0,9.857142857142858,2.5714285714285716,0.8333333333333334,0.6666666666666666,0.3111111111111111,0.8,0.4857142857142857,180.34,,1974-02-12,0.0
Elves Brener,7,4,3,0.5714285714285714,55.142857142857146,113.71428571428571,0.4849246231155779,0.7142857142857143,4.285714285714286,0.16666666666666666,0.0,0.2857142857142857,53.285714285714285,64.85714285714286,4.0,0.8214285714285714,0.3333333333333333,0.4908616187989556,0.4,0.4970414201183432,177.8,182.88,1997-09-27,0.0
Ketlen Souza,7,4,3,0.5714285714285714,39.0,68.28571428571429,0.5711297071129707,0.2857142857142857,2.142857142857143,0.13333333333333333,0.14285714285714285,0.14285714285714285,113.71428571428571,36.857142857142854,4.0,0.9285714285714286,0.6666666666666666,0.5396825396825397,0.6,0.5331491712707183,160.02,160.02,1994-08-18,0.0
Jake Shields,7,4,3,0.5714285714285714,45.142857142857146,150.85714285714286,0.29924242424242425,1.0,10.428571428571429,0.0958904109589041,0.14285714285714285,0.14285714285714285,235.85714285714286,39.0,2.7142857142857144,0.631578947368421,0.6666666666666666,0.30632911392405066,0.6,0.3497536945812808,182.88,182.88,1979-01-09,0.0
Jared Hamman,7,2,5,0.2857142857142857,40.0,96.42857142857143,0.4148148148148148,0.2857142857142857,1.2857142857142858,0.2222222222222222,0.0,0.42857142857142855,95.85714285714286,31.285714285714285,5.142857142857143,0.9444444444444444,0.0,0.4010989010989011,0.2,0.40074906367041196,190.5,190.5,1982-03-07,0.0
Markus Perez,7,2,5,0.2857142857142857,27.428571428571427,58.0,0.4729064039408867,0.5714285714285714,2.2857142857142856,0.25,0.7142857142857143,0.0,107.85714285714286,39.285714285714285,3.142857142857143,0.8181818181818181,0.0,0.46808510638297873,0.2,0.4619883040935672,185.42,185.42,1988-06-22,0.0
Mark De La Rosa,7,2,5,0.2857142857142857,37.285714285714285,105.14285714285714,0.3546195652173913,0.42857142857142855,3.142857142857143,0.13636363636363635,0.14285714285714285,0.0,82.28571428571429,59.57142857142857,1.4285714285714286,0.7,0.0,0.32494279176201374,0.2,0.34011627906976744,167.64,165.1,1994-08-31,0.0
Mara Romero Borella,7,2,5,0.2857142857142857,23.857142857142858,62.857142857142854,0.3795454545454545,1.1428571428571428,2.5714285714285716,0.4444444444444444,0.14285714285714285,0.0,142.85714285714286,23.285714285714285,0.8571428571428571,-0.33333333333333326,0.0,0.4927536231884058,0.2,0.3794642857142857,167.64,175.26,1986-06-03,0.0
Morgan Charriere,7,3,4,0.42857142857142855,34.42857142857143,79.42857142857143,0.43345323741007197,1.0,2.5714285714285716,0.3888888888888889,0.2857142857142857,0.42857142857142855,93.57142857142857,48.857142857142854,2.0,0.5,0.3333333333333333,0.3736654804270463,0.4,0.4119106699751861,172.72,175.26,1995-10-26,0.0
Mike Rodriguez,7,2,5,0.2857142857142857,36.285714285714285,62.0,0.5852534562211982,0.0,0.14285714285714285,0.0,0.0,0.0,52.42857142857143,37.714285714285715,3.5714285714285716,1.0,0.0,0.5273972602739726,0.2,0.549079754601227,193.04,208.28,1988-11-28,1.0
Cody McKenzie,7,3,4,0.42857142857142855,13.428571428571429,39.142857142857146,0.34306569343065696,1.2857142857142858,5.142857142857143,0.25,1.2857142857142858,0.42857142857142855,130.85714285714286,19.285714285714285,1.0,-0.2857142857142858,0.3333333333333333,0.41333333333333333,0.4,0.39,182.88,182.88,1987-12-16,0.0
Aspen Ladd,7,4,3,0.5714285714285714,41.42857142857143,88.14285714285714,0.4700162074554295,1.1428571428571428,2.4285714285714284,0.47058823529411764,0.42857142857142855,0.14285714285714285,229.85714285714286,51.0,1.1428571428571428,0.0,0.3333333333333333,0.4084507042253521,0.4,0.44214876033057854,167.64,167.64,1995-03-01,0.0
William Gomis,7,5,2,0.7142857142857143,46.714285714285715,96.14285714285714,0.48588410104011887,0.7142857142857143,1.8571428571428572,0.38461538461538464,0.2857142857142857,0.14285714285714285,132.42857142857142,38.0,7.0,0.8979591836734694,0.3333333333333333,0.473972602739726,0.6,0.5114503816793893,182.88,185.42,1997-06-13,1.0
Charles Radtke,7,5,2,0.7142857142857143,21.571428571428573,40.0,0.5392857142857143,1.1428571428571428,2.5714285714285716,0.4444444444444444,0.2857142857142857,0.0,265.7142857142857,21.142857142857142,0.5714285714285714,-1.0,0.6666666666666666,0.5508474576271186,0.6,0.5477707006369427,175.26,182.88,1990-07-09,0.0
Eric Spicely,7,2,5,0.2857142857142857,24.285714285714285,53.714285714285715,0.4521276595744681,0.5714285714285714,2.857142857142857,0.2,0.42857142857142855,0.0,75.71428571428571,37.42857142857143,0.5714285714285714,0.0,0.0,0.42424242424242425,0.2,0.4401114206128134,185.42,185.42,1986-09-29,0.0
Bruna Brasil,7,2,5,0.2857142857142857,34.57142857142857,61.285714285714285,0.5641025641025641,1.0,2.142857142857143,0.4666666666666667,0.0,0.14285714285714285,115.0,58.142857142857146,5.0,0.8,0.0,0.55,0.2,0.5394321766561514,167.64,165.1,1993-09-07,0.0
Desmond Green,7,4,3,0.5714285714285714,49.142857142857146,106.57142857142857,0.46112600536193027,1.4285714285714286,2.857142857142857,0.5,0.0,0.0,49.857142857142854,33.285714285714285,3.4285714285714284,0.5833333333333333,0.6666666666666666,0.5019305019305019,0.6,0.46966731898238745,177.8,185.42,1989-10-11,1.0
Davi Ramos,7,4,3,0.5714285714285714,29.0,76.85714285714286,0.37732342007434944,1.4285714285714286,3.5714285714285716,0.4,0.42857142857142855,0.0,108.0,37.857142857142854,0.8571428571428571,-0.6666666666666667,0.3333333333333333,0.37454545454545457,0.6,0.386986301369863,167.64,177.8,1986-11-05,0.0
Kevin Borjas,7,2,5,0.2857142857142857,37.857142857142854,89.42857142857143,0.4233226837060703,0.0,1.5714285714285714,0.0,0.0,0.14285714285714285,34.285714285714285,67.85714285714286,3.5714285714285716,1.0,0.3333333333333333,0.3882978723404255,0.4,0.46112600536193027,,,,
Francis Marshall,7,4,3,0.5714285714285714,24.571428571428573,83.85714285714286,0.293015332197615,1.4285714285714286,3.4285714285714284,0.4166666666666667,0.42857142857142855,0.0,200.85714285714286,33.0,1.2857142857142858,-0.11111111111111116,0.6666666666666666,0.3456221198156682,0.6,0.3582887700534759,175.26,182.88,1999-03-03,0.0
Justin Ledet,7,3,4,0.42857142857142855,31.142857142857142,79.85714285714286,0.38998211091234347,0.14285714285714285,0.2857142857142857,0.5,0.14285714285714285,0.0,21.428571428571427,44.857142857142854,1.0,0.8571428571428572,0.0,0.3253012048192771,0.2,0.32075471698113206,193.04,203.2,1988-09-28,0.0
Reinier de Ridder,7,5,2,0.7142857142857143,39.142857142857146,71.57142857142857,0.5469061876247505,2.0,6.857142857142857,0.2916666666666667,0.42857142857142855,0.0,271.57142857142856,27.857142857142858,0.7142857142857143,-1.7999999999999998,0.3333333333333333,0.569620253164557,0.6,0.5410628019323671,,,,
Jaqueline Amorim,7,5,2,0.7142857142857143,19.285714285714285,39.0,0.4945054945054945,1.1428571428571428,3.4285714285714284,0.3333333333333333,2.4285714285714284,0.5714285714285714,223.85714285714286,17.571428571428573,0.7142857142857143,-0.6000000000000001,0.6666666666666666,0.4155844155844156,0.8,0.43529411764705883,160.02,172.72,1995-06-24,0.0
Justin Edwards,7,2,5,0.2857142857142857,29.571428571428573,70.14285714285714,0.4215885947046843,1.5714285714285714,5.857142857142857,0.2682926829268293,0.7142857142857143,0.0,133.42857142857142,36.57142857142857,3.142857142857143,0.5,0.0,0.35019455252918286,0.2,0.3780487804878049,177.8,177.8,1983-01-26,0.0
Andre Soukhamthath,7,2,5,0.2857142857142857,38.0,86.28571428571429,0.44039735099337746,1.1428571428571428,2.142857142857143,0.5333333333333333,0.14285714285714285,0.0,123.42857142857143,59.142857142857146,2.4285714285714284,0.5294117647058824,0.3333333333333333,0.4852941176470588,0.4,0.4645669291338583,175.26,177.8,1988-10-23,0.0
Nora Cornolle,7,4,3,0.5714285714285714,31.285714285714285,57.0,0.5488721804511278,0.7142857142857143,2.2857142857142856,0.3125,0.2857142857142857,0.5714285714285714,150.28571428571428,23.0,3.142857142857143,0.7727272727272727,0.3333333333333333,0.5586206896551724,0.4,0.5276752767527675,170.18,170.18,1989-12-06,0.0
Shara Magomedov,7,6,1,0.8571428571428571,77.14285714285714,122.85714285714286,0.627906976744186,0.0,0.14285714285714285,0.0,0.0,0.14285714285714285,24.142857142857142,50.285714285714285,4.285714285714286,1.0,0.6666666666666666,0.5828025477707006,0.8,0.5769230769230769,,,,
Tatsuya Kawajiri,6,3,3,0.5,22.666666666666668,48.5,0.46735395189003437,3.0,9.666666666666666,0.3103448275862069,0.3333333333333333,0.3333333333333333,419.5,40.666666666666664,2.6666666666666665,-0.125,0.3333333333333333,0.38181818181818183,0.4,0.40784313725490196,170.18,175.26,1978-05-08,0.0
Marcus McGhee,6,5,1,0.8333333333333334,57.0,130.66666666666666,0.4362244897959184,0.16666666666666666,1.5,0.1111111111111111,0.16666666666666666,0.0,28.833333333333332,38.166666666666664,1.6666666666666667,0.9,0.6666666666666666,0.4117647058823529,0.8,0.43365253077975374,172.72,175.26,1990-05-07,0.0
Kimo Leopoldo,6,2,4,0.3333333333333333,6.166666666666667,12.833333333333334,0.4805194805194805,0.6666666666666666,1.6666666666666667,0.4,0.5,0.5,19.666666666666668,13.333333333333334,0.8333333333333334,0.19999999999999996,0.3333333333333333,0.34615384615384615,0.4,0.45588235294117646,190.5,,1968-01-05,0.0
Tarec Saffiedine,6,2,4,0.3333333333333333,60.0,130.66666666666666,0.45918367346938777,0.6666666666666666,2.0,0.3333333333333333,0.16666666666666666,0.0,130.33333333333334,62.333333333333336,4.333333333333333,0.8461538461538461,0.0,0.45714285714285713,0.2,0.41237113402061853,177.8,177.8,1986-09-06,0.0
Shonie Carter,6,3,3,0.5,18.833333333333332,45.833333333333336,0.4109090909090909,1.6666666666666667,2.5,0.6666666666666666,0.0,0.6666666666666666,171.0,18.5,3.3333333333333335,0.5,0.0,0.3197278911564626,0.4,0.3872340425531915,177.8,,1972-05-03,1.0
Ikram Aliskerov,6,5,1,0.8333333333333334,38.833333333333336,64.0,0.6067708333333334,1.6666666666666667,2.1666666666666665,0.7692307692307693,0.16666666666666666,0.0,155.66666666666666,26.0,0.3333333333333333,-4.0,1.0,0.6066666666666667,0.8,0.6068376068376068,182.88,193.04,1992-12-07,1.0
Chepe Mariscal,6,5,1,0.8333333333333334,57.5,103.66666666666667,0.5546623794212219,2.1666666666666665,5.5,0.3939393939393939,0.16666666666666666,0.8333333333333334,237.83333333333334,37.0,4.5,0.5185185185185186,0.6666666666666666,0.5871886120996441,0.8,0.5425742574257426,170.18,175.26,1992-10-27,0.0
Scott Askham,6,2,4,0.3333333333333333,34.166666666666664,74.0,0.4617117117117117,0.3333333333333333,1.8333333333333333,0.18181818181818182,0.5,0.16666666666666666,78.66666666666667,39.666666666666664,3.3333333333333335,0.9,0.3333333333333333,0.41935483870967744,0.4,0.41475826972010177,190.5,190.5,1988-05-20,1.0
Dennis Buzukja,6,1,5,0.16666666666666666,40.833333333333336,95.16666666666667,0.4290718038528897,0.0,0.3333333333333333,0.0,0.0,0.16666666666666666,27.5,41.666666666666664,4.333333333333333,1.0,0.0,0.47368421052631576,0.2,0.4461538461538462,175.26,177.8,1997-10-01,0.0
Austen Lane,6,1,5,0.16666666666666666,13.666666666666666,26.666666666666668,0.5125,0.6666666666666666,2.1666666666666665,0.3076923076923077,0.0,0.0,143.33333333333334,14.666666666666666,0.3333333333333333,-1.0,0.0,0.49295774647887325,0.2,0.5136986301369864,198.12,203.2,1987-11-09,0.0
Rhys McKee,6,1,5,0.16666666666666666,51.166666666666664,125.33333333333333,0.40824468085106386,0.0,1.6666666666666667,0.0,0.0,0.0,81.33333333333333,77.66666666666667,3.5,1.0,0.3333333333333333,0.31268436578171094,0.2,0.40824468085106386,187.96,198.12,1995-09-10,0.0
Jacqueline Cavalcanti,6,5,1,0.8333333333333334,79.5,169.83333333333334,0.4681059862610402,0.0,0.3333333333333333,0.0,0.0,0.16666666666666666,22.0,44.666666666666664,3.5,1.0,0.6666666666666666,0.4355179704016913,0.8,0.4398496240601504,172.72,177.8,1997-08-29,0.0
Johnny Munoz,6,2,4,0.3333333333333333,28.0,76.33333333333333,0.36681222707423583,1.8333333333333333,7.166666666666667,0.2558139534883721,1.3333333333333333,0.0,202.33333333333334,30.5,1.8333333333333333,0.0,0.3333333333333333,0.34105960264900664,0.4,0.3131578947368421,175.26,180.34,1993-02-16,0.0
Marco Beltran,6,3,3,0.5,22.333333333333332,59.5,0.3753501400560224,0.5,1.0,0.5,0.16666666666666666,0.16666666666666666,83.0,20.833333333333332,2.1666666666666665,0.7692307692307692,0.0,0.3375796178343949,0.4,0.34915254237288135,172.72,175.26,1986-05-18,0.0
Mike de la Torre,6,2,4,0.3333333333333333,21.166666666666668,54.666666666666664,0.3871951219512195,0.16666666666666666,0.8333333333333334,0.2,0.0,0.0,58.0,32.333333333333336,6.5,0.9743589743589743,0.3333333333333333,0.45689655172413796,0.4,0.46357615894039733,180.34,180.34,1986-09-22,0.0
Bogdan Guskov,6,4,2,0.6666666666666666,26.333333333333332,46.5,0.5663082437275986,0.0,0.0,0.0,0.5,0.16666666666666666,20.833333333333332,24.666666666666668,1.8333333333333333,1.0,0.6666666666666666,0.615819209039548,0.8,0.5905511811023622,190.5,193.04,1992-09-12,0.0
Richard Walsh,6,2,4,0.3333333333333333,49.5,105.83333333333333,0.46771653543307085,1.3333333333333333,3.3333333333333335,0.4,0.16666666666666666,0.0,231.5,35.0,5.0,0.7333333333333334,0.3333333333333333,0.40463917525773196,0.2,0.4405458089668616,182.88,185.42,1988-12-01,0.0
Rashid Magomedov,6,5,1,0.8333333333333334,66.0,134.5,0.49070631970260226,0.6666666666666666,1.1666666666666667,0.5714285714285714,0.16666666666666666,0.0,76.5,45.666666666666664,4.666666666666667,0.8571428571428572,0.6666666666666666,0.47572815533980584,0.8,0.4768392370572207,175.26,177.8,1984-11-29,0.0
Cory McKenna,6,3,3,0.5,32.666666666666664,89.16666666666667,0.3663551401869159,1.6666666666666667,3.6666666666666665,0.45454545454545453,0.3333333333333333,0.16666666666666666,274.6666666666667,46.666666666666664,1.0,-0.6666666666666667,0.3333333333333333,0.3055555555555556,0.4,0.3492462311557789,160.02,147.32,1999-07-11,0.0
Luke Barnatt,6,3,3,0.5,52.833333333333336,145.0,0.364367816091954,0.5,1.1666666666666667,0.42857142857142855,0.3333333333333333,0.0,21.333333333333332,46.166666666666664,5.5,0.9090909090909091,0.0,0.29055690072639223,0.4,0.31974921630094044,198.12,195.58,1988-04-13,0.0
Tony DeSouza,6,3,3,0.5,7.5,14.333333333333334,0.5232558139534884,1.0,2.3333333333333335,0.42857142857142855,0.6666666666666666,0.16666666666666666,168.33333333333334,10.5,0.8333333333333334,-0.19999999999999996,0.3333333333333333,0.5,0.4,0.4473684210526316,182.88,177.8,1974-07-26,1.0
Shayilan Nuerdanbieke,6,3,3,0.5,20.666666666666668,45.0,0.45925925925925926,2.3333333333333335,6.666666666666667,0.35,0.16666666666666666,1.0,316.0,28.0,1.1666666666666667,-1.0,0.3333333333333333,0.5443037974683544,0.6,0.5169082125603864,172.72,175.26,1994-05-04,0.0
Nikolay Veretennikov,6,2,4,0.3333333333333333,25.333333333333332,47.166666666666664,0.5371024734982333,0.3333333333333333,1.5,0.2222222222222222,0.3333333333333333,0.16666666666666666,38.0,33.666666666666664,4.5,0.9259259259259259,0.3333333333333333,0.6119402985074627,0.4,0.5340314136125655,,,,
Jimmy Flick,6,2,4,0.3333333333333333,13.166666666666666,27.666666666666668,0.4759036144578313,1.3333333333333333,4.5,0.2962962962962963,1.3333333333333333,0.16666666666666666,129.0,46.833333333333336,0.5,-1.6666666666666665,0.3333333333333333,0.5098039215686274,0.2,0.48026315789473684,170.18,172.72,1990-09-07,0.0
Tafon Nchukwi,6,2,4,0.3333333333333333,65.5,120.5,0.5435684647302904,0.6666666666666666,1.1666666666666667,0.5714285714285714,0.0,0.0,84.0,45.0,2.8333333333333335,0.7647058823529411,0.0,0.4925373134328358,0.2,0.5093283582089553,182.88,195.58,1994-10-14,0.0
Chris Barnett,6,2,4,0.3333333333333333,29.666666666666668,62.333333333333336,0.47593582887700536,0.0,0.3333333333333333,0.0,0.0,0.0,16.333333333333332,57.833333333333336,2.8333333333333335,1.0,0.3333333333333333,0.5029940119760479,0.4,0.5017301038062284,175.26,190.5,1986-06-14,0.0
Yazmin Jauregui,6,4,2,0.6666666666666666,52.666666666666664,128.5,0.4098573281452659,0.16666666666666666,1.0,0.16666666666666666,0.0,0.0,30.833333333333332,38.333333333333336,1.3333333333333333,0.875,0.6666666666666666,0.40954773869346733,0.6,0.4159132007233273,160.02,162.56,1999-02-28,0.0
Dave Menne,6,2,4,0.3333333333333333,23.833333333333332,56.666666666666664,0.42058823529411765,0.3333333333333333,0.6666666666666666,0.5,2.0,0.5,181.33333333333334,17.0,7.666666666666667,0.9565217391304348,0.0,0.26506024096385544,0.2,0.43983402489626555,177.8,,1974-07-29,0.0
Valerie Letourneau,6,3,3,0.5,73.5,193.5,0.3798449612403101,0.8333333333333334,1.8333333333333333,0.45454545454545453,0.3333333333333333,0.16666666666666666,104.5,88.0,2.5,0.6666666666666667,0.0,0.3727714748784441,0.4,0.3803611738148984,170.18,172.72,1983-04-29,0.0
Eduarda Moura,6,3,3,0.5,30.0,79.33333333333333,0.37815126050420167,2.6666666666666665,8.0,0.3333333333333333,0.3333333333333333,0.0,311.0,29.833333333333332,1.6666666666666667,-0.6000000000000001,0.3333333333333333,0.286231884057971,0.4,0.3082706766917293,,,,
Daniel Marcos,6,5,1,0.8333333333333334,54.833333333333336,102.5,0.5349593495934959,1.5,2.8333333333333335,0.5294117647058824,0.16666666666666666,0.0,153.5,48.333333333333336,3.5,0.5714285714285714,0.6666666666666666,0.5752212389380531,0.8,0.5139664804469274,170.18,175.26,1993-03-07,0.0
Daniel Santos,6,4,2,0.6666666666666666,59.5,147.0,0.40476190476190477,2.0,6.0,0.3333333333333333,0.0,0.16666666666666666,208.0,62.166666666666664,2.5,0.19999999999999996,0.6666666666666666,0.441588785046729,0.8,0.47166921898928027,170.18,170.18,1995-03-12,0.0
Piotr Hallmann,6,2,4,0.3333333333333333,46.833333333333336,101.83333333333333,0.45990180032733224,2.0,4.5,0.4444444444444444,0.3333333333333333,0.0,182.83333333333334,37.333333333333336,5.166666666666667,0.6129032258064516,0.0,0.4978723404255319,0.2,0.45610687022900764,175.26,180.34,1987-08-25,0.0
Ismael Bonfim,6,2,4,0.3333333333333333,38.0,69.66666666666667,0.5454545454545454,0.6666666666666666,2.0,0.3333333333333333,0.0,0.0,37.666666666666664,33.0,1.8333333333333333,0.6363636363636364,0.0,0.5348837209302325,0.2,0.5257452574525745,172.72,180.34,1995-12-28,0.0
Trey Ogden,6,3,3,0.5,45.333333333333336,95.83333333333333,0.47304347826086957,1.6666666666666667,4.0,0.4166666666666667,0.6666666666666666,0.16666666666666666,237.83333333333334,57.666666666666664,0.5,-2.3333333333333335,0.6666666666666666,0.5673076923076923,0.6,0.4762886597938144,180.34,182.88,1989-11-14,0.0
Cathal Pendred,6,4,2,0.6666666666666666,30.333333333333332,67.83333333333333,0.44717444717444715,2.0,8.5,0.23529411764705882,0.3333333333333333,0.0,165.83333333333334,36.666666666666664,1.0,-1.0,0.3333333333333333,0.4407894736842105,0.6,0.4659400544959128,185.42,190.5,1987-09-02,0.0
Payton Talbott,6,5,1,0.8333333333333334,60.333333333333336,102.33333333333333,0.5895765472312704,0.6666666666666666,1.3333333333333333,0.5,0.16666666666666666,0.16666666666666666,136.83333333333334,30.833333333333332,8.333333333333334,0.92,0.6666666666666666,0.5775656324582339,0.8,0.5953654188948306,,,,
Julia Polastri,6,3,3,0.5,78.33333333333333,134.5,0.5824039653035935,0.5,0.6666666666666666,0.75,0.16666666666666666,0.0,89.33333333333333,66.0,4.333333333333333,0.8846153846153846,0.6666666666666666,0.5938303341902313,0.6,0.5927007299270073,,,,
Brian Johnston,6,2,4,0.3333333333333333,4.833333333333333,8.833333333333334,0.5471698113207547,0.3333333333333333,0.5,0.6666666666666666,0.16666666666666666,0.16666666666666666,0.0,9.0,0.8333333333333334,0.6,0.0,0.5555555555555556,0.2,0.5625,190.5,,,0.0
Dave Beneteau,6,3,3,0.5,7.0,14.0,0.5,1.0,1.0,1.0,0.0,0.0,0.0,2.1666666666666665,1.0,0.0,0.3333333333333333,0.425531914893617,0.6,0.5128205128205128,187.96,,,0.0
Cameron Saaiman,6,3,3,0.5,50.166666666666664,103.0,0.48705501618122976,0.5,1.8333333333333333,0.2727272727272727,0.3333333333333333,1.1666666666666667,136.5,40.333333333333336,3.0,0.8333333333333334,0.0,0.4396887159533074,0.4,0.46880907372400754,172.72,170.18,2000-12-20,1.0
Lucas Almeida,6,2,4,0.3333333333333333,40.0,106.33333333333333,0.3761755485893417,0.0,0.16666666666666666,0.0,0.0,0.0,32.833333333333336,41.5,1.8333333333333333,1.0,0.3333333333333333,0.3347921225382932,0.2,0.3395061728395062,180.34,180.34,1991-01-31,0.0
Rinat Fakhretdinov,6,6,0,1.0,49.833333333333336,90.66666666666667,0.5496323529411765,3.1666666666666665,8.166666666666666,0.3877551020408163,0.16666666666666666,0.0,371.0,33.666666666666664,1.8333333333333333,-0.7272727272727273,1.0,0.5025125628140703,1.0,0.525879917184265,182.88,187.96,1991-09-28,0.0
Chelsea Chandler,6,3,3,0.5,32.5,72.16666666666667,0.4503464203233256,0.5,0.8333333333333334,0.6,0.16666666666666666,0.0,161.66666666666666,39.5,1.3333333333333333,0.625,0.3333333333333333,0.4476744186046512,0.4,0.4325068870523416,172.72,172.72,1990-11-23,1.0
Maheshate,6,2,4,0.3333333333333333,47.166666666666664,148.5,0.3176206509539843,0.0,1.5,0.0,0.0,0.0,2.6666666666666665,75.33333333333333,2.8333333333333335,1.0,0.3333333333333333,0.347068145800317,0.2,0.3132803632236095,182.88,180.34,1999-12-01,0.0
Nicholas Musoke,6,3,3,0.5,46.166666666666664,129.0,0.3578811369509044,1.0,5.166666666666667,0.1935483870967742,0.16666666666666666,0.0,251.33333333333334,49.166666666666664,2.8333333333333335,0.6470588235294117,0.3333333333333333,0.35452793834296725,0.4,0.35333333333333333,182.88,190.5,1986-04-05,0.0
Adam Fugitt,6,2,4,0.3333333333333333,37.333333333333336,79.83333333333333,0.46764091858037576,0.8333333333333334,3.6666666666666665,0.22727272727272727,0.0,0.0,58.333333333333336,40.833333333333336,0.6666666666666666,-0.25,0.3333333333333333,0.4262295081967213,0.4,0.4371584699453552,185.42,195.58,1989-01-12,1.0
Juliana Miller,6,3,3,0.5,31.666666666666668,76.66666666666667,0.41304347826086957,1.8333333333333333,5.833333333333333,0.3142857142857143,1.0,0.0,279.6666666666667,44.333333333333336,1.5,-0.22222222222222232,0.6666666666666666,0.37104072398190047,0.4,0.3626666666666667,170.18,167.64,1996-05-07,0.0
Mohammed Usman,6,4,2,0.6666666666666666,51.666666666666664,131.83333333333334,0.3919089759797724,0.5,3.5,0.14285714285714285,0.0,0.0,152.0,57.333333333333336,1.0,0.5,0.3333333333333333,0.3879472693032015,0.6,0.3968042609853529,187.96,200.66,1989-04-01,0.0
Denis Tiuliulin,6,1,5,0.16666666666666666,28.333333333333332,68.83333333333333,0.4116222760290557,0.5,1.1666666666666667,0.42857142857142855,0.0,0.0,34.666666666666664,41.0,4.166666666666667,0.88,0.0,0.3918918918918919,0.2,0.4199395770392749,185.42,195.58,1988-05-17,0.0
Rinya Nakamura,6,4,2,0.6666666666666666,26.166666666666668,51.5,0.5080906148867314,1.3333333333333333,2.3333333333333335,0.5714285714285714,0.6666666666666666,0.0,257.8333333333333,16.166666666666668,1.6666666666666667,0.19999999999999996,0.3333333333333333,0.4585987261146497,0.6,0.5140845070422535,170.18,172.72,1995-03-23,1.0
Brandon Thatch,6,2,4,0.3333333333333333,19.833333333333332,46.333333333333336,0.42805755395683454,0.6666666666666666,1.0,0.6666666666666666,0.3333333333333333,0.0,15.333333333333334,26.666666666666668,2.6666666666666665,0.75,0.0,0.5679012345679012,0.2,0.40476190476190477,187.96,187.96,1985-07-11,0.0
Jason Saggo,6,3,3,0.5,26.833333333333332,67.5,0.39753086419753086,1.6666666666666667,4.166666666666667,0.4,0.0,0.3333333333333333,176.83333333333334,31.5,2.1666666666666665,0.23076923076923073,0.3333333333333333,0.34459459459459457,0.4,0.3963254593175853,180.34,180.34,1985-11-23,0.0
Preston Parsons,6,2,4,0.3333333333333333,38.333333333333336,74.0,0.5180180180180181,2.5,6.833333333333333,0.36585365853658536,1.6666666666666667,0.5,217.16666666666666,35.166666666666664,1.1666666666666667,-1.1428571428571428,0.3333333333333333,0.4639175257731959,0.4,0.516209476309227,180.34,180.34,1995-07-15,0.0
Melsik Baghdasaryan,6,3,3,0.5,36.5,64.83333333333333,0.5629820051413882,0.0,0.0,0.0,0.0,0.0,20.5,24.333333333333332,2.6666666666666665,1.0,0.3333333333333333,0.5068493150684932,0.4,0.5573248407643312,175.26,177.8,1992-01-28,1.0
Melissa Gatto,6,3,3,0.5,44.166666666666664,88.83333333333333,0.4971857410881801,1.5,5.5,0.2727272727272727,0.3333333333333333,0.6666666666666666,229.0,34.0,2.8333333333333335,0.47058823529411764,0.3333333333333333,0.4852459016393443,0.4,0.4733009708737864,165.1,175.26,1996-05-02,0.0
Josiane Nunes,6,3,3,0.5,63.666666666666664,147.83333333333334,0.4306651634723788,0.0,0.16666666666666666,0.0,0.0,0.0,34.0,65.0,2.0,1.0,0.0,0.4,0.4,0.43535620052770446,157.48,170.18,1993-12-23,1.0
Johnny Case,6,4,2,0.6666666666666666,52.166666666666664,134.33333333333334,0.3883374689826303,1.5,3.3333333333333335,0.45,0.16666666666666666,0.5,192.83333333333334,35.166666666666664,3.6666666666666665,0.5909090909090908,0.3333333333333333,0.391812865497076,0.6,0.4092769440654843,177.8,182.88,1989-06-28,0.0
Ricky Turcios,6,2,4,0.3333333333333333,50.333333333333336,123.33333333333333,0.4081081081081081,0.8333333333333334,3.8333333333333335,0.21739130434782608,0.3333333333333333,0.6666666666666666,135.16666666666666,46.166666666666664,5.666666666666667,0.8529411764705882,0.0,0.4885844748858447,0.2,0.35500878734622143,175.26,180.34,1993-06-05,0.0
James Moontasri,6,2,4,0.3333333333333333,23.666666666666668,48.333333333333336,0.4896551724137931,0.0,0.16666666666666666,0.0,0.16666666666666666,0.0,93.16666666666667,38.166666666666664,5.666666666666667,1.0,0.3333333333333333,0.4859154929577465,0.4,0.4798206278026906,177.8,180.34,1988-04-10,0.0
Allan Nascimento,6,4,2,0.6666666666666666,28.666666666666668,63.5,0.45144356955380577,0.8333333333333334,3.3333333333333335,0.25,0.8333333333333334,0.8333333333333334,238.5,23.0,2.6666666666666665,0.6875,0.6666666666666666,0.43416370106761565,0.8,0.4273255813953488,172.72,175.26,1991-09-11,0.0
Jafel Filho,6,3,3,0.5,15.5,38.666666666666664,0.40086206896551724,1.5,2.6666666666666665,0.5625,1.1666666666666667,0.5,169.5,14.5,3.1666666666666665,0.5263157894736843,0.3333333333333333,0.39622641509433965,0.6,0.4307692307692308,170.18,172.72,1993-05-05,0.0
Marco Ruas,6,4,2,0.6666666666666666,10.0,21.833333333333332,0.4580152671755725,0.5,0.6666666666666666,0.75,1.3333333333333333,0.16666666666666666,36.833333333333336,4.833333333333333,0.6666666666666666,0.25,0.3333333333333333,0.34375,0.6,0.45384615384615384,185.42,,1961-01-23,0.0
Victor Henry,6,4,2,0.6666666666666666,99.33333333333333,188.66666666666666,0.5265017667844523,1.0,2.1666666666666665,0.46153846153846156,0.3333333333333333,0.6666666666666666,141.33333333333334,69.83333333333333,9.0,0.8888888888888888,0.6666666666666666,0.5024390243902439,0.6,0.532051282051282,170.18,172.72,1987-05-04,0.0
Nikolas Motta,6,3,3,0.5,36.166666666666664,79.83333333333333,0.453027139874739,0.0,0.0,0.0,0.0,0.0,20.333333333333332,39.5,0.16666666666666666,1.0,0.6666666666666666,0.45454545454545453,0.6,0.46445497630331756,175.26,177.8,1993-02-08,0.0
Gabriella Fernandes,6,3,3,0.5,42.166666666666664,90.5,0.46593001841620624,0.3333333333333333,1.8333333333333333,0.18181818181818182,0.16666666666666666,0.0,33.666666666666664,63.666666666666664,4.833333333333333,0.9310344827586207,0.6666666666666666,0.41262135922330095,0.6,0.46611909650924027,167.64,167.64,1993-08-13,1.0
Trevor Peek,6,2,4,0.3333333333333333,46.166666666666664,91.16666666666667,0.506398537477148,1.0,2.0,0.5,0.0,0.16666666666666666,105.66666666666667,43.5,11.833333333333334,0.9154929577464789,0.0,0.4769874476987448,0.2,0.49023861171366595,175.26,177.8,1995-01-09,0.0
Nazim Sadykhov,6,4,2,0.6666666666666666,30.333333333333332,62.5,0.48533333333333334,0.16666666666666666,0.6666666666666666,0.25,0.16666666666666666,0.16666666666666666,39.5,33.833333333333336,2.6666666666666665,0.9375,0.3333333333333333,0.532967032967033,0.6,0.48559670781893005,177.8,175.26,1994-05-16,1.0
Victor Altamirano,6,2,4,0.3333333333333333,54.833333333333336,104.83333333333333,0.5230524642289348,2.3333333333333335,6.5,0.358974358974359,0.0,0.0,145.33333333333334,47.5,3.6666666666666665,0.36363636363636365,0.0,0.4482758620689655,0.4,0.5091649694501018,172.72,177.8,1991-01-23,0.0
Javid Basharat,6,4,2,0.6666666666666666,68.33333333333333,130.16666666666666,0.5249679897567221,1.3333333333333333,3.5,0.38095238095238093,0.0,0.0,141.83333333333334,39.0,5.0,0.7333333333333334,0.3333333333333333,0.4319526627218935,0.6,0.520259319286872,175.26,175.26,1995-09-07,0.0
Tsuyoshi Kohsaka,6,3,3,0.5,18.833333333333332,36.666666666666664,0.5136363636363637,1.1666666666666667,3.8333333333333335,0.30434782608695654,1.3333333333333333,0.3333333333333333,18.0,17.0,1.6666666666666667,0.30000000000000004,0.3333333333333333,0.5344827586206896,0.4,0.4689655172413793,180.34,,1970-03-06,0.0
Francisco Prado,6,1,5,0.16666666666666666,48.5,111.16666666666667,0.4362818590704648,0.6666666666666666,3.5,0.19047619047619047,0.6666666666666666,0.5,123.16666666666667,56.833333333333336,2.5,0.7333333333333334,0.0,0.4671280276816609,0.2,0.44425675675675674,177.8,175.26,2002-06-16,0.0
Henrique da Silva,6,2,4,0.3333333333333333,30.666666666666668,54.333333333333336,0.5644171779141104,0.16666666666666666,0.6666666666666666,0.25,0.16666666666666666,0.3333333333333333,86.16666666666667,40.166666666666664,1.3333333333333333,0.875,0.0,0.4777777777777778,0.2,0.5421052631578948,190.5,193.04,1989-09-01,0.0
Anthony Birchak,6,2,4,0.3333333333333333,20.5,56.0,0.36607142857142855,0.16666666666666666,1.1666666666666667,0.14285714285714285,0.16666666666666666,0.16666666666666666,36.833333333333336,19.166666666666668,3.5,0.9523809523809523,0.3333333333333333,0.38578680203045684,0.4,0.363914373088685,172.72,175.26,1986-05-16,0.0
Mizuto Hirota,6,1,5,0.16666666666666666,50.833333333333336,124.0,0.4099462365591398,1.1666666666666667,2.5,0.4666666666666667,0.16666666666666666,0.0,145.5,47.666666666666664,6.0,0.8055555555555556,0.0,0.3405275779376499,0.2,0.4123287671232877,170.18,170.18,1981-05-05,0.0
Hyder Amil,6,3,3,0.5,51.5,97.83333333333333,0.5264054514480409,0.3333333333333333,2.0,0.16666666666666666,0.3333333333333333,0.16666666666666666,53.333333333333336,35.0,2.5,0.8666666666666667,0.0,0.4101123595505618,0.4,0.5191873589164786,,,,
Livinha Souza,6,3,3,0.5,19.0,42.166666666666664,0.4505928853754941,1.8333333333333333,4.0,0.4583333333333333,1.0,0.0,112.83333333333333,39.0,0.8333333333333334,-1.2000000000000002,0.3333333333333333,0.5576923076923077,0.4,0.4425531914893617,160.02,160.02,1991-03-11,0.0
Devonte Smith,6,3,3,0.5,27.166666666666668,52.666666666666664,0.5158227848101266,0.16666666666666666,0.6666666666666666,0.25,0.16666666666666666,0.0,34.5,25.333333333333332,1.0,0.8333333333333334,0.3333333333333333,0.5110132158590308,0.4,0.5050505050505051,175.26,193.04,1993-07-30,0.0
Shane Carwin,6,4,2,0.6666666666666666,21.833333333333332,46.833333333333336,0.46619217081850534,0.3333333333333333,1.1666666666666667,0.2857142857142857,0.0,0.0,72.83333333333333,18.333333333333332,1.1666666666666667,0.7142857142857143,0.3333333333333333,0.4658119658119658,0.6,0.47191011235955055,187.96,203.2,1975-01-04,0.0
Luis Gurule,6,1,5,0.16666666666666666,57.0,142.83333333333334,0.3990665110851809,0.5,3.6666666666666665,0.13636363636363635,0.16666666666666666,0.16666666666666666,67.66666666666667,66.16666666666667,3.3333333333333335,0.85,0.3333333333333333,0.4434589800443459,0.2,0.40097205346294046,,,,
Laureano Staropoli,6,2,4,0.3333333333333333,49.666666666666664,146.0,0.3401826484018265,0.8333333333333334,3.1666666666666665,0.2631578947368421,0.0,0.0,68.66666666666667,56.0,4.166666666666667,0.8,0.0,0.40229885057471265,0.2,0.33444259567387685,185.42,180.34,1993-02-27,0.0
Rob Emerson,6,3,3,0.5,30.333333333333332,98.5,0.3079526226734349,1.5,3.0,0.5,0.16666666666666666,0.0,109.16666666666667,31.666666666666668,6.0,0.75,0.3333333333333333,0.25752508361204013,0.4,0.26649076517150394,175.26,177.8,1981-07-30,0.0
Kevin Aguilar,6,2,4,0.3333333333333333,53.333333333333336,137.0,0.38929440389294406,0.16666666666666666,1.0,0.16666666666666666,0.0,0.16666666666666666,53.666666666666664,65.5,3.5,0.9523809523809523,0.0,0.46579804560260585,0.2,0.3577981651376147,170.18,185.42,1988-09-07,0.0
Karlos Vemola,6,2,4,0.3333333333333333,15.166666666666666,34.333333333333336,0.441747572815534,1.1666666666666667,4.5,0.25925925925925924,1.0,0.16666666666666666,121.83333333333333,19.333333333333332,2.6666666666666665,0.5625,0.3333333333333333,0.5,0.4,0.4573170731707317,182.88,190.5,1985-07-03,0.0
Andre Lima,6,5,1,0.8333333333333334,50.833333333333336,90.83333333333333,0.5596330275229358,0.8333333333333334,1.5,0.5555555555555556,1.0,0.16666666666666666,162.83333333333334,40.166666666666664,4.333333333333333,0.8076923076923077,0.6666666666666666,0.5885714285714285,0.8,0.5646817248459959,,,,
Tomasz Drwal,6,3,3,0.5,20.833333333333332,54.666666666666664,0.38109756097560976,1.5,2.5,0.6,0.16666666666666666,0.0,83.66666666666667,14.333333333333334,2.8333333333333335,0.47058823529411764,0.3333333333333333,0.3474576271186441,0.6,0.4079601990049751,185.42,193.04,1982-01-22,0.0
Felipe Colares,6,2,4,0.3333333333333333,31.833333333333332,70.33333333333333,0.45260663507109006,1.8333333333333333,7.5,0.24444444444444444,0.5,0.5,233.33333333333334,68.16666666666667,7.333333333333333,0.75,0.3333333333333333,0.46511627906976744,0.4,0.4582210242587601,172.72,175.26,1994-03-31,0.0
Marcus Aurelio,6,2,4,0.3333333333333333,25.5,76.5,0.3333333333333333,0.8333333333333334,5.833333333333333,0.14285714285714285,0.5,0.0,90.16666666666667,43.333333333333336,1.0,0.16666666666666663,0.0,0.3041958041958042,0.4,0.3487654320987654,177.8,187.96,1973-08-18,0.0
Dione Barbosa,6,4,2,0.6666666666666666,25.5,55.666666666666664,0.45808383233532934,1.8333333333333333,4.333333333333333,0.4230769230769231,1.1666666666666667,0.5,205.5,27.333333333333332,3.5,0.47619047619047616,0.6666666666666666,0.40993788819875776,0.6,0.43346007604562736,,,,
Damian Stasiak,6,2,4,0.3333333333333333,22.833333333333332,62.833333333333336,0.363395225464191,2.1666666666666665,6.166666666666667,0.35135135135135137,0.5,0.3333333333333333,169.33333333333334,38.166666666666664,2.6666666666666665,0.1875,0.0,0.3557692307692308,0.4,0.3474576271186441,165.1,177.8,1990-02-20,0.0
Nicolae Negumereanu,6,4,2,0.6666666666666666,35.0,85.0,0.4117647058823529,0.6666666666666666,2.3333333333333335,0.2857142857142857,0.0,0.0,126.83333333333333,54.333333333333336,1.3333333333333333,0.5,0.6666666666666666,0.4349442379182156,0.8,0.41200828157349895,182.88,198.12,1994-09-04,0.0
Navajo Stirling,6,6,0,1.0,69.83333333333333,128.83333333333334,0.5420439844760673,0.6666666666666666,1.8333333333333333,0.36363636363636365,0.0,0.3333333333333333,122.66666666666667,26.833333333333332,5.5,0.8787878787878788,1.0,0.6382978723404256,1.0,0.551779935275081,,,,
David Teymur,6,5,1,0.8333333333333334,49.833333333333336,115.33333333333333,0.4320809248554913,0.6666666666666666,2.0,0.3333333333333333,0.0,0.0,28.333333333333332,37.5,3.0,0.7777777777777778,0.6666666666666666,0.38461538461538464,0.8,0.4142857142857143,175.26,185.42,1989-05-01,1.0
Jordan Espinosa,6,2,4,0.3333333333333333,40.5,82.66666666666667,0.4899193548387097,0.5,1.3333333333333333,0.375,0.0,0.0,30.833333333333332,26.666666666666668,2.0,0.75,0.3333333333333333,0.5080645161290323,0.2,0.5012787723785166,167.64,175.26,1989-11-08,0.0
Emily Whitmire,6,2,4,0.3333333333333333,13.166666666666666,42.0,0.3134920634920635,0.6666666666666666,1.0,0.6666666666666666,0.16666666666666666,0.3333333333333333,119.5,15.666666666666666,1.6666666666666667,0.6,0.0,0.2857142857142857,0.4,0.29535864978902954,165.1,160.02,1991-05-24,0.0
Hugo Viana,6,3,3,0.5,34.166666666666664,88.66666666666667,0.38533834586466165,0.16666666666666666,2.5,0.06666666666666667,0.0,0.0,80.0,35.833333333333336,3.3333333333333335,0.95,0.3333333333333333,0.33647798742138363,0.4,0.35805626598465473,167.64,170.18,1982-09-26,0.0
Bartosz Fabinski,6,3,3,0.5,18.833333333333332,27.666666666666668,0.6807228915662651,4.0,5.666666666666667,0.7058823529411765,0.0,0.0,401.6666666666667,12.333333333333334,0.8333333333333334,-3.8,0.0,0.46153846153846156,0.4,0.6371681415929203,182.88,190.5,1986-04-26,0.0
Mike Brown,6,2,4,0.3333333333333333,32.833333333333336,59.333333333333336,0.5533707865168539,2.1666666666666665,7.0,0.30952380952380953,0.0,0.0,268.5,30.5,2.6666666666666665,0.1875,0.6666666666666666,0.5233160621761658,0.4,0.5395894428152492,167.64,177.8,1975-09-08,0.0
Dustin Pague,6,1,5,0.16666666666666666,16.0,29.833333333333332,0.5363128491620112,0.6666666666666666,1.5,0.4444444444444444,1.6666666666666667,0.3333333333333333,131.16666666666666,28.833333333333332,1.5,0.5555555555555556,0.0,0.6571428571428571,0.2,0.5502958579881657,175.26,187.96,1987-08-05,0.0
Eric Shelton,6,2,4,0.3333333333333333,38.5,90.5,0.425414364640884,2.8333333333333335,5.5,0.5151515151515151,0.16666666666666666,0.16666666666666666,191.66666666666666,28.166666666666668,4.333333333333333,0.34615384615384615,0.3333333333333333,0.3319838056680162,0.4,0.44222222222222224,167.64,172.72,1991-02-02,0.0
Joseph Morales,6,3,3,0.5,25.0,63.0,0.3968253968253968,0.6666666666666666,2.5,0.26666666666666666,1.3333333333333333,0.16666666666666666,72.83333333333333,24.666666666666668,2.8333333333333335,0.7647058823529411,0.6666666666666666,0.4085603112840467,0.4,0.38764044943820225,167.64,175.26,1994-08-22,0.0
Shana Dobson,6,2,4,0.3333333333333333,30.0,79.16666666666667,0.37894736842105264,0.5,1.0,0.5,0.0,0.3333333333333333,35.333333333333336,46.666666666666664,2.3333333333333335,0.7857142857142857,0.3333333333333333,0.6,0.2,0.38421052631578945,167.64,175.26,1989-03-30,0.0
Andre Winner,6,2,4,0.3333333333333333,28.166666666666668,84.16666666666667,0.3346534653465347,0.0,0.5,0.0,0.0,0.0,76.83333333333333,51.0,5.833333333333333,1.0,0.0,0.24870466321243523,0.4,0.2935560859188544,180.34,185.42,1981-11-09,0.0
Quillan Salkilld,6,6,0,1.0,21.0,36.333333333333336,0.5779816513761468,1.8333333333333333,5.5,0.3333333333333333,0.3333333333333333,0.0,106.16666666666667,9.666666666666666,2.1666666666666665,0.15384615384615385,1.0,0.5294117647058824,1.0,0.5687203791469194,,,,
Valter Walker,6,5,1,0.8333333333333334,8.0,15.166666666666666,0.5274725274725275,1.5,2.1666666666666665,0.6923076923076923,1.0,0.16666666666666666,133.16666666666666,11.166666666666666,0.16666666666666666,-8.0,1.0,0.5882352941176471,1.0,0.625,,,,
Jose Delgado,6,4,2,0.6666666666666666,55.5,107.5,0.5162790697674419,0.3333333333333333,1.6666666666666667,0.2,0.0,0.0,44.833333333333336,40.166666666666664,4.833333333333333,0.9310344827586207,0.6666666666666666,0.46685082872928174,0.6,0.515702479338843,,,,
Ryan Hall,6,5,1,0.8333333333333334,26.833333333333332,53.666666666666664,0.5,0.16666666666666666,1.8333333333333333,0.09090909090909091,1.6666666666666667,0.6666666666666666,131.66666666666666,15.0,0.16666666666666666,0.0,0.6666666666666666,0.5771812080536913,0.8,0.49110320284697506,177.8,177.8,1985-02-22,1.0
Wu Yanan,6,1,5,0.16666666666666666,51.5,124.33333333333333,0.41420911528150134,0.5,1.6666666666666667,0.3,0.16666666666666666,0.16666666666666666,118.0,60.333333333333336,3.1666666666666665,0.8421052631578947,0.0,0.37532133676092544,0.2,0.41294964028776976,172.72,167.64,1996-04-18,0.0
John Phillips,6,1,5,0.16666666666666666,15.666666666666666,45.666666666666664,0.34306569343065696,0.0,0.0,0.0,0.0,0.16666666666666666,14.5,36.666666666666664,2.1666666666666665,1.0,0.3333333333333333,0.4583333333333333,0.2,0.3443223443223443,180.34,190.5,1985-06-09,1.0
Cesar Almeida,6,3,3,0.5,35.5,59.166666666666664,0.6,0.16666666666666666,0.5,0.3333333333333333,0.16666666666666666,0.3333333333333333,35.333333333333336,23.666666666666668,5.5,0.9696969696969697,0.3333333333333333,0.696969696969697,0.4,0.580441640378549,,,,
Megan Anderson,6,3,3,0.5,8.5,18.333333333333332,0.4636363636363636,0.16666666666666666,0.6666666666666666,0.25,0.16666666666666666,0.3333333333333333,36.5,16.166666666666668,2.1666666666666665,0.9230769230769231,0.6666666666666666,0.5135135135135135,0.6,0.4807692307692308,182.88,182.88,1990-02-11,0.0
Vinicius Oliveira,6,5,1,0.8333333333333334,69.83333333333333,146.66666666666666,0.47613636363636364,1.1666666666666667,2.6666666666666665,0.4375,0.16666666666666666,0.0,133.5,38.166666666666664,6.166666666666667,0.8108108108108107,0.6666666666666666,0.5259259259259259,0.8,0.4782608695652174,,,,
Michael Page,6,5,1,0.8333333333333334,28.833333333333332,52.166666666666664,0.5527156549520766,0.0,1.1666666666666667,0.0,0.16666666666666666,0.0,56.833333333333336,21.0,3.6666666666666665,1.0,1.0,0.4927536231884058,0.8,0.5258964143426295,,,,
Eliot Marshall,6,3,3,0.5,20.5,75.83333333333333,0.2703296703296703,0.3333333333333333,1.0,0.3333333333333333,0.6666666666666666,0.0,36.5,25.333333333333332,4.0,0.9166666666666666,0.0,0.2641509433962264,0.4,0.26136363636363635,187.96,195.58,1980-07-07,0.0
Steve Cantwell,6,1,5,0.16666666666666666,41.666666666666664,131.5,0.31685678073510776,0.5,1.6666666666666667,0.3,0.5,0.0,31.166666666666668,82.0,4.166666666666667,0.88,0.0,0.31414868105515587,0.0,0.3092105263157895,187.96,190.5,1986-12-08,0.0
Roland Delorme,6,3,3,0.5,22.333333333333332,46.5,0.48028673835125446,1.8333333333333333,5.166666666666667,0.3548387096774194,1.1666666666666667,0.5,135.33333333333334,38.666666666666664,1.1666666666666667,-0.5714285714285714,0.0,0.3597122302158273,0.4,0.4336283185840708,175.26,180.34,1983-12-18,0.0
Lyman Good,6,3,3,0.5,48.833333333333336,100.16666666666667,0.4875207986688852,0.16666666666666666,0.16666666666666666,1.0,0.0,0.0,14.0,36.666666666666664,3.3333333333333335,0.95,0.3333333333333333,0.4837662337662338,0.4,0.4808080808080808,182.88,187.96,1985-05-26,0.0
Oban Elliott,6,3,3,0.5,39.166666666666664,79.5,0.49266247379454925,0.6666666666666666,2.0,0.3333333333333333,0.0,0.0,169.0,24.833333333333332,3.5,0.8095238095238095,0.0,0.45161290322580644,0.4,0.45081967213114754,,,,
Magnus Cedenblad,6,4,2,0.6666666666666666,18.666666666666668,36.5,0.5114155251141552,1.5,2.3333333333333335,0.6428571428571429,0.5,0.3333333333333333,231.5,23.666666666666668,1.0,-0.5,0.6666666666666666,0.4968944099378882,0.8,0.4926829268292683,195.58,200.66,1982-04-10,0.0
Jean Matsumoto,6,4,2,0.6666666666666666,72.5,183.16666666666666,0.3958143767060964,3.1666666666666665,7.5,0.4222222222222222,0.5,0.16666666666666666,171.16666666666666,71.66666666666667,7.0,0.5476190476190477,0.6666666666666666,0.36656891495601174,0.6,0.39097744360902253,,,,
Zabit Magomedsharipov,6,6,0,1.0,63.333333333333336,130.66666666666666,0.4846938775510204,4.5,8.0,0.5625,0.6666666666666666,0.5,252.0,38.833333333333336,1.5,-2.0,1.0,0.4722222222222222,1.0,0.4659248956884562,185.42,185.42,1991-03-01,0.0
Luis Henrique,6,2,4,0.3333333333333333,22.0,50.5,0.43564356435643564,2.5,6.833333333333333,0.36585365853658536,0.8333333333333334,0.0,335.0,27.0,0.6666666666666666,-2.75,0.0,0.3838383838383838,0.4,0.4334470989761092,187.96,187.96,1993-08-21,0.0
Randy Costa,6,2,4,0.3333333333333333,29.0,62.666666666666664,0.4627659574468085,0.0,0.16666666666666666,0.0,0.0,0.0,32.666666666666664,33.666666666666664,0.3333333333333333,1.0,0.0,0.4533333333333333,0.4,0.46545454545454545,175.26,185.42,1994-07-06,0.0
Houston Alexander,6,2,4,0.3333333333333333,15.333333333333334,27.5,0.5575757575757576,0.16666666666666666,0.16666666666666666,1.0,0.0,0.0,18.166666666666668,13.666666666666666,1.8333333333333333,0.9090909090909091,0.0,0.5445544554455446,0.2,0.5172413793103449,182.88,182.88,1972-03-22,0.0
Thibault Gouti,6,1,5,0.16666666666666666,30.0,87.0,0.3448275862068966,0.6666666666666666,0.8333333333333334,0.8,0.16666666666666666,0.16666666666666666,71.33333333333333,46.0,4.0,0.8333333333333334,0.3333333333333333,0.33715596330275227,0.2,0.345489443378119,177.8,182.88,1987-02-27,0.0
Nick Ring,6,3,3,0.5,52.0,121.83333333333333,0.426812585499316,1.3333333333333333,3.6666666666666665,0.36363636363636365,0.3333333333333333,0.0,154.0,51.333333333333336,3.5,0.6190476190476191,0.3333333333333333,0.431924882629108,0.4,0.4471947194719472,182.88,187.96,1979-02-10,1.0
Yaotzin Meza,6,2,4,0.3333333333333333,18.166666666666668,43.166666666666664,0.42084942084942084,0.8333333333333334,4.5,0.18518518518518517,1.3333333333333333,0.16666666666666666,207.16666666666666,20.833333333333332,1.3333333333333333,0.375,0.3333333333333333,0.4878048780487805,0.4,0.4385245901639344,175.26,180.34,1981-02-04,0.0
Herbert Burns,6,2,4,0.3333333333333333,11.833333333333334,32.833333333333336,0.3604060913705584,1.3333333333333333,3.8333333333333335,0.34782608695652173,0.6666666666666666,0.0,85.5,32.333333333333336,0.6666666666666666,-1.0,0.0,0.3310810810810811,0.2,0.35555555555555557,175.26,185.42,1988-02-02,0.0
Shane Roller,6,2,4,0.3333333333333333,20.666666666666668,57.833333333333336,0.3573487031700288,0.8333333333333334,3.8333333333333335,0.21739130434782608,0.3333333333333333,0.3333333333333333,148.16666666666666,28.333333333333332,1.5,0.4444444444444444,0.3333333333333333,0.5178571428571429,0.2,0.4066390041493776,177.8,182.88,1979-07-14,0.0
Tom Nolan,6,5,1,0.8333333333333334,42.5,93.66666666666667,0.45373665480427045,0.6666666666666666,2.5,0.26666666666666666,0.8333333333333334,0.16666666666666666,97.66666666666667,34.166666666666664,2.0,0.6666666666666667,1.0,0.41721854304635764,1.0,0.4483394833948339,,,,
Brock Larson,6,3,3,0.5,11.666666666666666,25.333333333333332,0.4605263157894737,1.5,5.0,0.3,1.1666666666666667,0.0,183.33333333333334,16.166666666666668,3.8333333333333335,0.6086956521739131,0.3333333333333333,0.3684210526315789,0.6,0.42424242424242425,180.34,180.34,1977-08-23,1.0
Darrick Minner,6,2,4,0.3333333333333333,19.0,28.166666666666668,0.6745562130177515,1.3333333333333333,1.5,0.8888888888888888,1.5,0.6666666666666666,227.5,18.166666666666668,1.5,0.11111111111111116,0.0,0.5882352941176471,0.4,0.6790123456790124,170.18,175.26,1990-04-28,0.0
Terry Martin,6,2,4,0.3333333333333333,22.166666666666668,42.0,0.5277777777777778,1.5,4.166666666666667,0.36,0.0,0.0,217.33333333333334,22.666666666666668,1.0,-0.5,0.3333333333333333,0.4880382775119617,0.4,0.5062761506276151,172.72,180.34,1980-10-10,0.0
David Dvorak,6,3,3,0.5,44.833333333333336,104.16666666666667,0.4304,0.5,1.6666666666666667,0.3,0.16666666666666666,0.3333333333333333,77.16666666666667,42.333333333333336,3.3333333333333335,0.85,0.0,0.39308176100628933,0.4,0.4105691056910569,165.1,172.72,1992-06-05,0.0
Philipe Lins,6,4,2,0.6666666666666666,40.166666666666664,81.83333333333333,0.4908350305498982,1.1666666666666667,3.5,0.3333333333333333,0.0,0.0,195.83333333333334,38.0,0.8333333333333334,-0.3999999999999999,1.0,0.49056603773584906,0.8,0.5102040816326531,187.96,198.12,1985-08-17,0.0
Ike Villanueva,6,1,5,0.16666666666666666,15.333333333333334,39.833333333333336,0.38493723849372385,0.16666666666666666,0.3333333333333333,0.5,0.0,0.0,10.833333333333334,30.333333333333332,0.16666666666666666,0.0,0.0,0.36885245901639346,0.2,0.41081081081081083,185.42,185.42,1984-04-04,0.0
Daniel Sarafian,6,2,4,0.3333333333333333,15.666666666666666,33.5,0.46766169154228854,0.16666666666666666,2.3333333333333335,0.07142857142857142,0.3333333333333333,0.0,53.5,21.833333333333332,2.1666666666666665,0.9230769230769231,0.3333333333333333,0.54,0.4,0.5436893203883495,175.26,185.42,1982-08-21,0.0
Wang Cong,6,5,1,0.8333333333333334,79.66666666666667,137.66666666666666,0.5786924939467313,0.3333333333333333,0.5,0.6666666666666666,0.16666666666666666,0.0,49.0,32.833333333333336,4.666666666666667,0.9285714285714286,1.0,0.6279527559055118,0.8,0.585,,,,
Gabe Green,6,3,3,0.5,58.833333333333336,130.33333333333334,0.4514066496163683,0.5,1.0,0.5,0.3333333333333333,0.0,85.66666666666667,65.0,2.6666666666666665,0.8125,0.3333333333333333,0.46153846153846156,0.6,0.444007858546169,177.8,185.42,1993-05-02,0.0
Edwin Figueroa,6,2,4,0.3333333333333333,32.166666666666664,81.5,0.3946830265848671,0.16666666666666666,0.16666666666666666,1.0,0.5,0.8333333333333334,139.0,38.333333333333336,5.833333333333333,0.9714285714285714,0.0,0.30996309963099633,0.4,0.37851662404092073,170.18,175.26,1984-07-31,0.0
Mariya Agapova,6,2,4,0.3333333333333333,33.666666666666664,60.166666666666664,0.5595567867036011,0.3333333333333333,0.3333333333333333,1.0,0.5,0.16666666666666666,48.166666666666664,21.833333333333332,2.5,0.8666666666666667,0.0,0.5858585858585859,0.2,0.5598705501618123,167.64,172.72,1997-04-07,1.0
Jimy Hettes,6,3,3,0.5,36.666666666666664,64.0,0.5729166666666666,3.6666666666666665,8.166666666666666,0.4489795918367347,1.0,0.3333333333333333,257.3333333333333,37.0,3.5,-0.04761904761904767,0.3333333333333333,0.5747126436781609,0.4,0.5782493368700266,175.26,180.34,1987-06-09,1.0
Matthew Lopez,6,2,4,0.3333333333333333,35.333333333333336,69.33333333333333,0.5096153846153846,2.5,4.166666666666667,0.6,1.0,0.3333333333333333,171.66666666666666,42.166666666666664,2.3333333333333335,-0.0714285714285714,0.0,0.4612546125461255,0.4,0.518324607329843,170.18,175.26,1987-01-21,1.0
Paul Buentello,6,3,3,0.5,22.0,47.5,0.4631578947368421,0.16666666666666666,0.3333333333333333,0.5,0.3333333333333333,0.16666666666666666,45.5,27.0,2.1666666666666665,0.9230769230769231,0.3333333333333333,0.4708994708994709,0.4,0.46808510638297873,187.96,195.58,1974-01-16,0.0
Travis Lutter,6,2,4,0.3333333333333333,3.1666666666666665,9.833333333333334,0.3220338983050847,1.0,4.166666666666667,0.24,0.3333333333333333,0.16666666666666666,138.0,18.666666666666668,1.6666666666666667,0.4,0.3333333333333333,0.36,0.2,0.375,180.34,190.5,1973-05-12,0.0
Jason Witt,6,2,4,0.3333333333333333,11.666666666666666,26.166666666666668,0.445859872611465,2.5,5.166666666666667,0.4838709677419355,0.3333333333333333,0.0,175.83333333333334,13.833333333333334,0.16666666666666666,-14.0,0.3333333333333333,0.37606837606837606,0.4,0.4473684210526316,177.8,177.8,1986-11-07,0.0
Amanda Cooper,6,2,4,0.3333333333333333,29.0,65.66666666666667,0.4416243654822335,0.8333333333333334,2.1666666666666665,0.38461538461538464,1.0,0.16666666666666666,170.0,26.166666666666668,1.1666666666666667,0.2857142857142857,0.3333333333333333,0.5105263157894737,0.4,0.44358974358974357,160.02,162.56,1991-10-22,0.0
Dean Lister,6,4,2,0.6666666666666666,14.333333333333334,42.666666666666664,0.3359375,1.3333333333333333,9.0,0.14814814814814814,0.8333333333333334,0.16666666666666666,93.66666666666667,23.5,0.3333333333333333,-3.0,0.6666666666666666,0.26875,0.6,0.3346456692913386,185.42,190.5,1976-02-13,0.0
Oumar Sy,6,3,3,0.5,30.833333333333332,60.166666666666664,0.5124653739612188,1.6666666666666667,4.666666666666667,0.35714285714285715,0.3333333333333333,0.0,196.5,17.0,0.5,-2.3333333333333335,0.3333333333333333,0.5398230088495575,0.4,0.5153203342618384,,,,
Akira Corassani,6,3,3,0.5,23.166666666666668,51.166666666666664,0.4527687296416938,0.3333333333333333,1.1666666666666667,0.2857142857142857,0.0,0.0,49.0,35.0,2.5,0.8666666666666667,0.0,0.35714285714285715,0.4,0.4392523364485981,172.72,172.72,1982-08-27,0.0
Makhmud Muradov,6,4,2,0.6666666666666666,55.333333333333336,126.16666666666667,0.4385733157199472,2.6666666666666665,4.0,0.6666666666666666,0.16666666666666666,0.16666666666666666,111.66666666666667,33.666666666666664,3.0,0.11111111111111116,0.3333333333333333,0.4675324675324675,0.6,0.47278911564625853,187.96,190.5,1990-02-08,0.0
Felicia Spencer,6,3,3,0.5,40.833333333333336,83.66666666666667,0.48804780876494025,1.0,5.333333333333333,0.1875,0.16666666666666666,0.16666666666666666,237.66666666666666,57.833333333333336,1.8333333333333333,0.4545454545454546,0.3333333333333333,0.4503105590062112,0.4,0.4734607218683652,167.64,172.72,1990-11-29,0.0
Pablo Garza,6,3,3,0.5,26.166666666666668,59.833333333333336,0.4373259052924791,0.5,2.0,0.25,0.5,0.16666666666666666,90.0,21.166666666666668,1.8333333333333333,0.7272727272727273,0.3333333333333333,0.4222222222222222,0.4,0.4375,185.42,185.42,1983-09-16,0.0
Sean Pierson,6,4,2,0.6666666666666666,49.666666666666664,124.66666666666667,0.3983957219251337,0.3333333333333333,1.8333333333333333,0.18181818181818182,0.3333333333333333,0.3333333333333333,141.83333333333334,48.333333333333336,3.5,0.9047619047619048,1.0,0.41944444444444445,0.6,0.37575757575757573,182.88,193.04,1976-03-10,1.0
Diego Nunes,6,3,3,0.5,44.333333333333336,100.0,0.44333333333333336,0.8333333333333334,1.5,0.5555555555555556,0.0,0.0,112.5,48.333333333333336,11.5,0.927536231884058,0.3333333333333333,0.43537414965986393,0.4,0.4110429447852761,167.64,170.18,1982-11-30,0.0
Damien Brown,6,2,4,0.3333333333333333,40.333333333333336,104.5,0.38596491228070173,0.5,1.8333333333333333,0.2727272727272727,0.5,0.0,36.333333333333336,53.5,2.1666666666666665,0.7692307692307692,0.0,0.39767441860465114,0.4,0.3770764119601329,177.8,172.72,1984-12-25,0.0
Julia Avila,6,3,3,0.5,33.166666666666664,78.16666666666667,0.42430703624733473,0.5,1.3333333333333333,0.375,0.16666666666666666,0.3333333333333333,129.16666666666666,38.833333333333336,3.1666666666666665,0.8421052631578947,0.3333333333333333,0.4375,0.4,0.4322766570605187,170.18,172.72,1988-05-11,0.0
Eddie Sanchez,6,3,3,0.5,30.5,70.5,0.4326241134751773,0.6666666666666666,2.5,0.26666666666666666,0.0,0.16666666666666666,138.33333333333334,29.166666666666668,1.1666666666666667,0.4285714285714286,0.3333333333333333,0.450354609929078,0.4,0.44473007712082263,187.96,187.96,1982-11-04,0.0
Andy Ogle,6,1,5,0.16666666666666666,27.166666666666668,60.5,0.4490358126721763,1.1666666666666667,4.333333333333333,0.2692307692307692,0.0,0.16666666666666666,369.5,27.0,2.0,0.41666666666666663,0.0,0.3939393939393939,0.2,0.43023255813953487,172.72,175.26,1989-02-16,0.0
Gadzhimurad Antigulov,6,2,4,0.3333333333333333,7.166666666666667,13.0,0.5512820512820513,1.1666666666666667,3.1666666666666665,0.3684210526315789,0.3333333333333333,0.0,101.33333333333333,14.5,0.16666666666666666,-6.0,0.0,0.5576923076923077,0.2,0.581081081081081,180.34,177.8,1987-02-09,0.0
Mike Russow,6,4,2,0.6666666666666666,16.333333333333332,34.666666666666664,0.47115384615384615,3.0,7.0,0.42857142857142855,0.3333333333333333,0.16666666666666666,294.5,32.166666666666664,0.3333333333333333,-8.0,0.3333333333333333,0.5,0.6,0.4476744186046512,185.42,185.42,1976-09-11,0.0
Mark Madsen,6,4,2,0.6666666666666666,37.333333333333336,75.5,0.49448123620309054,2.0,3.0,0.6666666666666666,0.0,0.0,164.0,41.666666666666664,1.3333333333333333,-0.5,0.3333333333333333,0.5114942528735632,0.6,0.47641509433962265,172.72,182.88,1984-09-23,0.0
Jorge Santiago,6,1,5,0.16666666666666666,17.333333333333332,51.333333333333336,0.33766233766233766,0.3333333333333333,1.3333333333333333,0.25,0.5,0.16666666666666666,56.666666666666664,25.166666666666668,3.3333333333333335,0.9,0.0,0.33783783783783783,0.0,0.3242320819112628,185.42,190.5,1980-10-09,0.0
Maki Pitolo,6,1,5,0.16666666666666666,36.166666666666664,85.33333333333333,0.423828125,1.5,2.8333333333333335,0.5294117647058824,0.5,0.3333333333333333,131.0,38.0,1.6666666666666667,0.09999999999999998,0.0,0.4344569288389513,0.2,0.43977591036414565,177.8,190.5,1990-11-24,0.0
Montse Rendon,5,3,2,0.6,36.8,133.8,0.2750373692077728,1.2,4.2,0.2857142857142857,0.4,0.0,165.0,41.8,2.0,0.4,0.6666666666666666,0.2647058823529412,0.6,0.2750373692077728,,,,
Jordan Rinaldi,5,2,3,0.4,16.2,46.0,0.3521739130434783,1.0,2.8,0.35714285714285715,0.8,0.2,191.8,24.0,1.0,0.0,0.3333333333333333,0.35625,0.4,0.3521739130434783,177.8,182.88,1987-09-25,0.0
Muin Gafurov,5,2,3,0.4,45.0,95.8,0.4697286012526096,0.6,3.2,0.1875,0.0,0.2,156.2,28.8,3.6,0.8333333333333334,0.6666666666666666,0.5109717868338558,0.4,0.4697286012526096,170.18,172.72,1996-05-17,1.0
Cyril Asker,5,2,3,0.4,11.4,29.2,0.3904109589041096,1.0,1.6,0.625,0.2,0.0,98.0,19.8,0.2,-4.0,0.3333333333333333,0.4166666666666667,0.4,0.3904109589041096,182.88,187.96,1985-12-24,0.0
Junior Albini,5,1,4,0.2,23.2,45.4,0.5110132158590308,0.6,1.6,0.375,0.0,0.0,89.8,35.4,0.8,0.25,0.0,0.5465116279069767,0.2,0.5110132158590308,190.5,187.96,1991-03-15,0.0
Sheymon Moraes,5,2,3,0.4,37.6,89.0,0.42247191011235957,0.0,0.8,0.0,0.0,0.0,37.4,45.6,5.2,1.0,0.3333333333333333,0.40082644628099173,0.4,0.42247191011235957,172.72,182.88,1990-10-11,0.0
Fernando Padilla,5,2,3,0.4,44.0,115.0,0.3826086956521739,0.0,0.4,0.0,0.2,0.0,14.4,44.4,1.4,1.0,0.3333333333333333,0.378698224852071,0.4,0.3826086956521739,185.42,193.04,1996-12-15,0.0
Danielle Taylor,5,2,3,0.4,41.2,139.8,0.2947067238912732,0.2,1.0,0.2,0.2,0.0,0.2,49.6,2.0,0.9,0.3333333333333333,0.3310344827586207,0.4,0.2947067238912732,152.4,152.4,1989-10-25,0.0
Bojan Velickovic,5,2,3,0.4,35.6,100.6,0.3538767395626243,0.6,2.8,0.21428571428571427,0.6,0.6,75.4,39.6,4.6,0.8695652173913043,0.3333333333333333,0.3523809523809524,0.4,0.3538767395626243,182.88,193.04,1988-12-18,1.0
Ibo Aslan,5,2,3,0.4,35.0,75.4,0.46419098143236076,0.0,0.2,0.0,0.0,0.0,1.6,25.4,3.2,1.0,0.0,0.453416149068323,0.4,0.46419098143236076,,,,
Albert Morales,5,1,4,0.2,39.8,114.6,0.3472949389179756,0.6,1.4,0.42857142857142855,0.0,0.2,144.0,46.6,2.2,0.7272727272727273,0.0,0.3405994550408719,0.2,0.3472949389179756,175.26,182.88,1991-05-25,0.0
Viktor Pesta,5,1,4,0.2,15.8,43.4,0.3640552995391705,2.2,7.6,0.2894736842105263,0.0,0.0,260.0,25.4,0.6,-2.6666666666666665,0.0,0.24324324324324326,0.2,0.3640552995391705,190.5,195.58,1990-07-15,0.0
Clayton Carpenter,5,2,3,0.4,30.8,61.6,0.5,0.8,2.8,0.2857142857142857,0.8,0.4,133.8,43.6,2.0,0.6,0.0,0.48148148148148145,0.4,0.5,167.64,167.64,1996-06-09,0.0
Mick Parkin,5,4,1,0.8,60.0,120.2,0.49916805324459235,0.8,2.2,0.36363636363636365,0.0,0.2,121.6,50.8,0.8,0.0,0.6666666666666666,0.4783861671469741,0.8,0.49916805324459235,193.04,200.66,1995-10-02,0.0
Daniel Teymur,5,1,4,0.2,33.0,70.6,0.46742209631728043,0.4,2.2,0.18181818181818182,0.2,0.0,119.0,42.2,4.0,0.9,0.3333333333333333,0.48360655737704916,0.2,0.46742209631728043,165.1,175.26,1988-02-03,0.0
Chris Beal,5,2,3,0.4,45.2,125.8,0.35930047694753575,1.4,2.4,0.5833333333333334,0.2,0.6,194.2,41.6,4.6,0.6956521739130435,0.0,0.3544857768052516,0.4,0.35930047694753575,170.18,175.26,1985-08-06,0.0
Oskar Piechota,5,2,3,0.4,25.2,45.6,0.5526315789473685,0.4,0.8,0.5,1.0,0.2,96.6,24.0,2.4,0.8333333333333334,0.0,0.4690265486725664,0.4,0.5526315789473685,182.88,193.04,1990-01-24,1.0
Gaston Bolanos,5,3,2,0.6,47.2,99.2,0.47580645161290325,0.6,0.8,0.75,0.0,0.4,78.2,42.8,4.8,0.875,0.6666666666666666,0.5034722222222222,0.6,0.47580645161290325,170.18,175.26,1992-09-14,0.0
Shauna Bannon,5,2,3,0.4,45.0,100.8,0.44642857142857145,0.0,1.2,0.0,0.4,0.0,48.8,38.0,3.8,1.0,0.3333333333333333,0.49214659685863876,0.4,0.44642857142857145,165.1,165.1,1993-10-23,0.0
Justin Willis,5,4,1,0.8,42.2,71.2,0.5926966292134831,0.8,1.2,0.6666666666666666,0.0,0.0,77.4,32.2,2.2,0.6363636363636364,0.6666666666666666,0.6199095022624435,0.8,0.5926966292134831,185.42,198.12,1987-07-19,1.0
Magomed Mustafaev,5,3,2,0.6,18.8,32.0,0.5875,1.6,3.2,0.5,0.2,0.0,115.4,19.4,2.6,0.3846153846153846,0.3333333333333333,0.6304347826086957,0.6,0.5875,172.72,180.34,1988-08-02,0.0
HyunSung Park,5,3,2,0.6,27.2,70.8,0.384180790960452,0.6,1.8,0.3333333333333333,0.8,0.0,76.6,24.8,3.2,0.8125,0.3333333333333333,0.34532374100719426,0.6,0.384180790960452,170.18,167.64,1995-11-04,0.0
Ottman Azaitar,5,2,3,0.4,16.6,37.2,0.44623655913978494,0.0,0.0,0.0,0.0,0.0,3.4,15.4,1.0,1.0,0.0,0.36036036036036034,0.4,0.44623655913978494,172.72,180.34,1990-02-20,0.0
Joby Sanchez,5,1,4,0.2,37.8,116.0,0.3258620689655172,0.4,0.8,0.5,0.2,0.2,48.6,37.0,5.2,0.9230769230769231,0.0,0.392226148409894,0.2,0.3258620689655172,167.64,172.72,1991-06-24,0.0
Daniel Lacerda,5,0,5,0.0,19.6,42.0,0.4666666666666667,0.6,1.2,0.5,0.4,0.0,33.4,40.4,0.0,0.0,0.0,0.4134078212290503,0.0,0.4666666666666667,167.64,177.8,1996-06-05,0.0
Kyle Prepolec,5,0,5,0.0,32.2,95.8,0.33611691022964507,0.0,1.4,0.0,0.0,0.0,11.2,70.6,2.4,1.0,0.0,0.31862745098039214,0.0,0.33611691022964507,177.8,177.8,1989-08-30,1.0
Istela Nunes,5,0,5,0.0,45.0,95.0,0.47368421052631576,0.0,0.2,0.0,0.0,0.0,42.0,42.8,4.2,1.0,0.0,0.578125,0.0,0.47368421052631576,162.56,167.64,1992-07-23,0.0
Brady Hiestand,5,4,1,0.8,35.6,70.8,0.5028248587570622,3.6,9.6,0.375,1.2,0.2,342.0,48.0,2.6,-0.3846153846153846,1.0,0.5,0.8,0.5028248587570622,172.72,180.34,1999-04-30,0.0
Gilbert Urbina,5,2,3,0.4,29.4,50.8,0.5787401574803149,0.8,1.8,0.4444444444444444,0.2,0.0,75.0,20.8,0.2,-3.0,0.3333333333333333,0.53125,0.4,0.5787401574803149,190.5,190.5,1996-04-05,0.0
Deron Winn,5,2,3,0.4,60.6,136.0,0.4455882352941177,3.8,7.2,0.5277777777777778,0.0,0.2,228.4,82.8,1.0,-2.8,0.3333333333333333,0.40384615384615385,0.4,0.4455882352941177,167.64,177.8,1989-06-13,0.0
Journey Newson,5,1,4,0.2,27.0,84.6,0.3191489361702128,0.4,2.4,0.16666666666666666,0.2,0.0,23.0,27.2,3.2,0.875,0.3333333333333333,0.3254237288135593,0.2,0.3191489361702128,165.1,170.18,1989-03-07,0.0
Hannah Goldy,5,1,4,0.2,42.6,99.6,0.42771084337349397,0.6,5.0,0.12,0.2,0.0,135.0,52.4,1.0,0.4,0.3333333333333333,0.44,0.2,0.42771084337349397,162.56,154.94,1992-05-18,0.0
Khama Worthy,5,2,3,0.4,18.6,38.4,0.484375,0.0,0.0,0.0,0.2,0.4,9.6,19.8,1.4,1.0,0.0,0.425,0.4,0.484375,180.34,187.96,1986-10-15,0.0
Montserrat Conejo Ruiz,5,1,4,0.2,22.8,77.6,0.29381443298969073,1.2,2.4,0.5,0.4,0.2,168.6,63.8,1.8,0.33333333333333337,0.0,0.2823529411764706,0.2,0.29381443298969073,152.4,154.94,1993-02-03,1.0
Michinori Tanaka,5,2,3,0.4,29.6,79.0,0.37468354430379747,2.4,6.2,0.3870967741935484,0.2,1.4,366.6,29.8,3.2,0.25,0.3333333333333333,0.35353535353535354,0.4,0.37468354430379747,165.1,170.18,1990-10-04,0.0
Trevin Jones,5,1,4,0.2,25.6,73.0,0.3506849315068493,0.4,3.6,0.1111111111111111,0.2,0.0,145.4,49.0,3.0,0.8666666666666667,0.0,0.3059210526315789,0.2,0.3506849315068493,170.18,177.8,1990-08-04,1.0
Victoria Leonardo,5,1,4,0.2,21.4,61.8,0.34627831715210355,0.4,2.2,0.18181818181818182,0.0,0.4,115.0,41.0,1.4,0.7142857142857143,0.3333333333333333,0.34306569343065696,0.2,0.34627831715210355,165.1,162.56,1990-02-16,0.0
Sergey Morozov,5,3,2,0.6,37.4,86.0,0.43488372093023253,3.0,9.4,0.3191489361702128,0.0,0.0,273.2,36.8,3.8,0.21052631578947367,0.6666666666666666,0.4377104377104377,0.6,0.43488372093023253,167.64,170.18,1989-06-14,0.0
Austin Lingo,5,2,3,0.4,53.4,141.8,0.3765867418899859,0.4,0.6,0.6666666666666666,0.0,0.0,81.2,67.2,9.0,0.9555555555555556,0.3333333333333333,0.34334763948497854,0.4,0.3765867418899859,177.8,177.8,1994-07-10,0.0
Guram Kutateladze,5,2,3,0.4,51.8,115.0,0.4504347826086956,0.6,4.0,0.15,0.0,0.0,86.6,61.8,7.2,0.9166666666666666,0.3333333333333333,0.4768211920529801,0.4,0.4504347826086956,180.34,182.88,1992-01-08,0.0
Henry Briones,5,1,4,0.2,35.6,83.4,0.42685851318944845,0.0,0.2,0.0,0.4,0.0,8.8,48.0,4.2,1.0,0.0,0.4475806451612903,0.2,0.42685851318944845,172.72,175.26,1980-10-22,0.0
Talita Alencar,5,4,1,0.8,48.4,135.6,0.35693215339233036,2.8,7.4,0.3783783783783784,0.6,0.0,295.4,48.4,0.4,-6.0,1.0,0.44594594594594594,0.8,0.35693215339233036,,,,
Alex Chambers,5,1,4,0.2,27.0,50.0,0.54,1.4,3.4,0.4117647058823529,0.6,0.0,124.4,46.4,3.0,0.5333333333333333,0.0,0.626984126984127,0.2,0.54,160.02,160.02,1978-10-25,1.0
Maxim Grishin,5,2,3,0.4,45.6,86.6,0.5265588914549654,0.2,1.2,0.16666666666666666,0.0,0.0,83.2,31.8,4.8,0.9583333333333334,0.3333333333333333,0.5415384615384615,0.4,0.5265588914549654,190.5,198.12,1984-05-02,0.0
Carlos Felipe,5,3,2,0.6,73.2,160.8,0.4552238805970149,0.0,0.2,0.0,0.0,0.0,42.6,84.0,2.2,1.0,0.6666666666666666,0.48221343873517786,0.6,0.4552238805970149,182.88,190.5,1995-01-12,0.0
Garreth McLellan,5,1,4,0.2,37.0,68.0,0.5441176470588235,0.8,3.6,0.2222222222222222,0.6,0.0,170.8,30.6,4.6,0.8260869565217391,0.0,0.4032258064516129,0.2,0.5441176470588235,185.42,182.88,1982-09-01,1.0
Chad Anheliger,5,2,3,0.4,45.6,103.6,0.44015444015444016,0.8,2.2,0.36363636363636365,0.4,0.2,110.4,42.6,4.4,0.8181818181818181,0.3333333333333333,0.49795918367346936,0.4,0.44015444015444016,167.64,162.56,1986-12-01,0.0
Shane Campbell,5,1,4,0.2,35.2,58.8,0.5986394557823129,0.8,2.8,0.2857142857142857,0.0,0.2,114.6,28.2,6.8,0.8823529411764706,0.0,0.6369047619047619,0.2,0.5986394557823129,182.88,180.34,1987-01-21,0.0
Rogerio Bontorin,5,2,3,0.4,18.2,37.4,0.48663101604278075,2.4,4.0,0.6,0.8,0.2,204.0,29.8,5.4,0.5555555555555556,0.0,0.45263157894736844,0.4,0.48663101604278075,165.1,170.18,1992-04-25,0.0
Curtis Millender,5,3,2,0.6,44.4,92.4,0.4805194805194805,0.2,0.2,1.0,0.0,0.0,10.4,34.0,3.4,0.9411764705882353,0.3333333333333333,0.5229007633587787,0.6,0.4805194805194805,187.96,193.04,1987-12-01,0.0
Kaue Fernandes,5,3,2,0.6,33.0,59.6,0.5536912751677853,0.6,0.6,1.0,0.0,0.0,42.4,12.6,2.6,0.7692307692307692,0.6666666666666666,0.5440414507772021,0.6,0.5536912751677853,,,,
Manny Bermudez,5,3,2,0.6,17.2,28.0,0.6142857142857143,1.2,2.2,0.5454545454545454,1.2,0.6,147.4,15.8,0.6,-1.0,0.3333333333333333,0.6635514018691588,0.6,0.6142857142857143,177.8,180.34,1994-07-16,0.0
Oluwale Bamgbose,5,1,4,0.2,15.6,32.4,0.48148148148148145,0.4,1.2,0.3333333333333333,0.0,0.0,28.4,17.2,1.6,0.75,0.0,0.4846153846153846,0.2,0.48148148148148145,180.34,198.12,1987-08-04,0.0
Jessica Aguilar,5,1,4,0.2,62.8,124.0,0.5064516129032258,0.8,3.2,0.25,0.2,0.0,135.4,91.6,2.0,0.6,0.3333333333333333,0.5753846153846154,0.2,0.5064516129032258,160.02,160.02,1982-05-08,0.0
Zhang Mingyang,5,3,2,0.6,26.6,45.4,0.5859030837004405,0.0,0.0,0.0,0.0,0.0,43.8,22.2,0.6,1.0,0.3333333333333333,0.6,0.6,0.5859030837004405,,,,
Dominique Steele,5,1,4,0.2,27.8,57.2,0.486013986013986,2.2,6.0,0.36666666666666664,0.0,0.0,252.8,29.6,3.6,0.38888888888888884,0.0,0.452914798206278,0.2,0.486013986013986,177.8,187.96,1988-01-27,0.0
Andrew Holbrook,5,2,3,0.4,15.6,31.6,0.4936708860759494,0.4,2.2,0.18181818181818182,1.0,0.2,75.4,21.2,2.0,0.8,0.3333333333333333,0.4827586206896552,0.4,0.4936708860759494,180.34,177.8,1986-02-06,1.0
Emily Ducote,5,2,3,0.4,111.8,214.4,0.5214552238805971,0.2,1.4,0.14285714285714285,0.0,0.0,12.0,117.6,3.4,0.9411764705882353,0.3333333333333333,0.5360230547550432,0.4,0.5214552238805971,157.48,160.02,1994-01-01,0.0
Garrett Armfield,5,2,3,0.4,58.2,108.4,0.5369003690036901,0.8,1.6,0.5,0.4,0.2,121.6,39.6,6.8,0.8823529411764706,0.3333333333333333,0.5725190839694656,0.4,0.5369003690036901,167.64,177.8,1996-10-09,0.0
David Zawada,5,1,4,0.2,47.6,115.6,0.4117647058823529,0.8,2.4,0.3333333333333333,1.4,0.2,75.0,56.2,2.8,0.7142857142857143,0.3333333333333333,0.4,0.2,0.4117647058823529,182.88,190.5,1990-08-01,0.0
Khalid Taha,5,1,4,0.2,25.0,82.8,0.30193236714975846,0.0,0.4,0.0,0.0,0.6,24.8,46.8,6.2,1.0,0.0,0.25,0.2,0.30193236714975846,165.1,175.26,1992-02-15,0.0
Jhonata Diniz,5,3,2,0.6,41.4,70.4,0.5880681818181818,0.0,0.0,0.0,0.0,0.2,15.4,38.4,5.2,1.0,0.3333333333333333,0.5925925925925926,0.6,0.5880681818181818,,,,
Chris Padilla,5,5,0,1.0,61.6,113.0,0.5451327433628319,0.8,2.6,0.3076923076923077,0.4,0.0,109.4,43.8,1.2,0.33333333333333337,1.0,0.5253456221198156,1.0,0.5451327433628319,,,,
Evan Elder,5,3,2,0.6,70.6,138.6,0.5093795093795094,0.4,2.6,0.15384615384615385,0.4,0.6,68.6,61.6,2.0,0.8,1.0,0.5213849287169042,0.6,0.5093795093795094,177.8,182.88,1997-04-11,0.0
Ange Loosa,5,2,3,0.4,86.4,177.4,0.48703494926719276,3.0,7.2,0.4166666666666667,0.0,0.0,245.8,98.2,1.4,-1.1428571428571428,0.3333333333333333,0.4875283446712018,0.4,0.48703494926719276,177.8,187.96,1993-03-18,0.0
Carli Judice,5,4,1,0.8,78.0,162.2,0.4808877928483354,0.4,0.8,0.5,0.0,0.0,42.6,42.2,5.8,0.9310344827586207,1.0,0.4584269662921348,0.8,0.4808877928483354,,,,
Paddy Holohan,5,3,2,0.6,24.4,52.6,0.46387832699619774,2.2,4.6,0.4782608695652174,1.0,0.4,365.6,32.2,1.4,-0.5714285714285714,0.6666666666666666,0.455026455026455,0.6,0.46387832699619774,177.8,175.26,1988-05-03,0.0
Timmy Cuamba,5,2,3,0.4,35.4,77.2,0.4585492227979275,1.2,3.8,0.3157894736842105,0.0,0.2,126.2,43.4,3.0,0.6,0.6666666666666666,0.48295454545454547,0.4,0.4585492227979275,,,,
Bolaji Oki,5,2,3,0.4,69.2,154.8,0.4470284237726098,0.8,1.4,0.5714285714285714,0.0,0.0,80.8,57.8,2.4,0.6666666666666667,0.3333333333333333,0.45104895104895104,0.4,0.4470284237726098,,,,
Jordan Griffin,5,1,4,0.2,33.8,71.0,0.476056338028169,1.4,3.8,0.3684210526315789,1.6,1.0,226.6,40.8,3.8,0.631578947368421,0.3333333333333333,0.4720496894409938,0.2,0.476056338028169,177.8,185.42,1990-02-28,1.0
Justin Jaynes,5,1,4,0.2,26.8,60.4,0.44370860927152317,0.4,1.0,0.4,0.6,1.0,45.2,42.8,1.0,0.6,0.0,0.4502923976608187,0.2,0.44370860927152317,170.18,172.72,1989-08-10,0.0
Melissa Mullins,5,2,3,0.4,35.0,70.4,0.4971590909090909,1.4,3.0,0.4666666666666667,0.0,0.0,248.6,39.6,1.4,0.0,0.3333333333333333,0.48068669527896996,0.4,0.4971590909090909,,,,
Jonathan Brookins,5,2,3,0.4,25.2,56.4,0.44680851063829785,1.2,7.6,0.15789473684210525,0.2,0.0,241.2,30.8,1.0,-0.19999999999999996,0.3333333333333333,0.4551282051282051,0.4,0.44680851063829785,182.88,187.96,1985-08-13,1.0
Philip De Fries,5,2,3,0.4,12.6,26.6,0.47368421052631576,1.2,2.8,0.42857142857142855,0.2,0.0,215.8,16.4,0.6,-1.0,0.3333333333333333,0.45652173913043476,0.4,0.47368421052631576,195.58,200.66,1986-04-21,0.0
Elias Silverio,5,3,2,0.6,54.6,109.4,0.4990859232175503,1.6,4.2,0.38095238095238093,0.2,0.0,283.0,44.2,5.6,0.7142857142857143,0.3333333333333333,0.43333333333333335,0.6,0.4990859232175503,180.34,185.42,1986-09-22,0.0
Lone'er Kavanagh,5,3,2,0.6,64.2,128.4,0.5,1.2,2.6,0.46153846153846156,0.4,0.2,116.2,61.6,4.6,0.7391304347826086,0.3333333333333333,0.5059665871121718,0.6,0.5,,,,
Vinny Magalhaes,5,1,4,0.2,16.6,67.8,0.2448377581120944,0.8,1.8,0.4444444444444444,0.4,0.0,37.4,30.8,0.6,-0.33333333333333326,0.3333333333333333,0.2631578947368421,0.2,0.2448377581120944,190.5,190.5,1984-07-02,0.0
Jesse Ronson,5,0,5,0.0,40.6,88.6,0.4582392776523702,0.4,1.4,0.2857142857142857,0.2,0.0,25.2,40.6,7.0,0.9428571428571428,0.0,0.45901639344262296,0.0,0.4582392776523702,177.8,177.8,1985-12-24,1.0
Alice Ardelean,5,3,2,0.6,97.4,211.0,0.46161137440758293,1.0,2.0,0.5,0.2,0.2,142.6,69.2,2.8,0.6428571428571428,1.0,0.465564738292011,0.6,0.46161137440758293,,,,
Jose Daniel Medina,5,0,5,0.0,13.4,32.0,0.41875,0.2,0.4,0.5,0.0,0.0,14.4,29.8,2.6,0.9230769230769231,0.0,0.33962264150943394,0.0,0.41875,,,,
Justin Buchholz,5,1,4,0.2,17.8,67.0,0.2656716417910448,0.0,0.2,0.0,0.4,0.4,54.2,31.4,1.8,1.0,0.0,0.2530612244897959,0.2,0.2656716417910448,182.88,185.42,1983-08-22,0.0
Yan Cabral,5,2,3,0.4,23.0,49.2,0.46747967479674796,2.2,7.2,0.3055555555555556,0.8,0.2,347.4,27.8,1.4,-0.5714285714285714,0.3333333333333333,0.42528735632183906,0.4,0.46747967479674796,180.34,185.42,1983-05-13,0.0
John Maguire,5,2,3,0.4,19.6,47.2,0.4152542372881356,2.6,5.6,0.4642857142857143,1.0,0.2,293.6,34.0,1.8,-0.4444444444444444,0.0,0.3403141361256545,0.4,0.4152542372881356,175.26,175.26,1983-05-19,1.0
Junior Assuncao,5,2,3,0.4,28.6,45.6,0.6271929824561403,1.4,5.8,0.2413793103448276,0.4,0.2,238.6,17.8,1.8,0.2222222222222222,0.3333333333333333,0.653179190751445,0.4,0.6271929824561403,175.26,182.88,1981-06-24,0.0
Robert Whiteford,5,2,3,0.4,25.8,55.4,0.4657039711191336,1.4,4.6,0.30434782608695654,0.0,0.2,136.4,22.0,4.0,0.65,0.3333333333333333,0.44221105527638194,0.4,0.4657039711191336,175.26,175.26,1983-04-12,1.0
Michael Aswell Jr.,5,2,3,0.4,76.8,188.0,0.4085106382978723,0.2,1.0,0.2,0.0,0.0,64.2,75.6,1.2,0.8333333333333334,0.3333333333333333,0.4090121317157712,0.4,0.4085106382978723,,,,
Eric McConico,5,2,3,0.4,28.8,61.8,0.46601941747572817,0.4,0.6,0.6666666666666666,0.0,0.0,76.6,31.0,5.8,0.9310344827586207,0.3333333333333333,0.5044642857142857,0.4,0.46601941747572817,,,,
Dongi Yang,5,2,3,0.4,43.8,85.6,0.5116822429906542,1.4,3.4,0.4117647058823529,0.4,0.2,157.8,39.6,2.6,0.46153846153846156,0.3333333333333333,0.42857142857142855,0.4,0.5116822429906542,177.8,185.42,1984-12-07,1.0
Remco Pardoel,5,3,2,0.6,2.6,3.4,0.7647058823529411,0.8,0.8,1.0,0.8,0.0,0.0,1.2,0.4,-1.0,0.3333333333333333,0.5,0.6,0.7647058823529411,190.5,,,1.0
David Mitchell,5,1,4,0.2,23.6,72.6,0.325068870523416,0.6,1.2,0.5,1.8,0.2,92.0,28.0,4.8,0.875,0.3333333333333333,0.36444444444444446,0.2,0.325068870523416,182.88,190.5,1979-10-24,0.0
Kalib Starnes,5,2,3,0.4,27.8,57.2,0.486013986013986,1.0,3.0,0.3333333333333333,0.4,0.2,119.8,45.4,0.8,-0.25,0.3333333333333333,0.4479638009049774,0.4,0.486013986013986,190.5,187.96,1975-01-06,0.0
John Alessio,5,0,5,0.0,19.8,66.2,0.2990936555891239,0.4,2.2,0.18181818181818182,0.6,0.2,77.6,37.2,7.2,0.9444444444444444,0.0,0.2977941176470588,0.0,0.2990936555891239,177.8,182.88,1979-07-05,0.0
Fatima Kline,5,4,1,0.8,65.4,136.2,0.4801762114537445,2.8,4.2,0.6666666666666666,0.2,0.8,214.6,33.0,4.0,0.30000000000000004,1.0,0.48063380281690143,0.8,0.4801762114537445,,,,
John Albert,5,1,4,0.2,13.4,27.0,0.4962962962962963,0.0,0.6,0.0,1.8,0.2,42.0,12.4,0.8,1.0,0.0,0.32608695652173914,0.2,0.4962962962962963,172.72,172.72,1986-10-13,0.0
Johnny Bedford,5,2,3,0.4,36.4,72.4,0.5027624309392266,1.0,1.6,0.625,0.0,0.2,210.6,13.8,3.0,0.6666666666666667,0.0,0.4074074074074074,0.4,0.5027624309392266,177.8,180.34,1983-01-06,0.0
Patrick Smith,5,4,1,0.8,5.2,8.0,0.65,0.4,0.6,0.6666666666666666,0.6,0.0,0.0,1.8,0.8,0.5,0.6666666666666666,0.7407407407407407,0.8,0.65,187.96,,1963-08-28,0.0
Pat Healy,5,0,5,0.0,40.4,128.4,0.3146417445482866,0.8,5.8,0.13793103448275862,0.0,0.0,134.4,51.6,4.8,0.8333333333333334,0.0,0.3159041394335512,0.0,0.3146417445482866,182.88,182.88,1983-07-20,0.0
Tim Kennedy,5,3,2,0.6,38.6,84.6,0.4562647754137116,2.0,5.8,0.3448275862068966,0.2,0.2,265.4,33.2,1.8,-0.11111111111111116,0.3333333333333333,0.42,0.6,0.4562647754137116,180.34,187.96,1979-09-01,0.0
Yoshiyuki Yoshida,5,2,3,0.4,3.6,10.0,0.36,0.4,1.4,0.2857142857142857,0.8,0.4,81.2,15.6,0.8,0.5,0.3333333333333333,0.36666666666666664,0.4,0.36,180.34,177.8,1974-05-10,1.0
Dustin Kimura,5,2,3,0.4,12.8,60.2,0.21262458471760798,0.6,1.6,0.375,1.4,0.2,42.0,36.8,2.0,0.7,0.3333333333333333,0.16417910447761194,0.4,0.21262458471760798,170.18,180.34,1989-05-21,0.0
Josh Samman,5,3,2,0.6,17.2,32.6,0.5276073619631901,0.6,1.8,0.3333333333333333,0.2,0.2,146.4,20.4,1.8,0.6666666666666667,0.3333333333333333,0.5064935064935064,0.6,0.5276073619631901,190.5,200.66,1988-03-14,0.0
David Martinez,5,5,0,1.0,54.8,129.0,0.4248062015503876,0.6,2.0,0.3,0.0,0.0,46.0,34.8,2.2,0.7272727272727273,1.0,0.41202672605790647,1.0,0.4248062015503876,,,,
Mansur Abdul-Malik,5,3,2,0.6,22.0,47.2,0.4661016949152542,1.2,2.6,0.46153846153846156,0.2,0.0,65.6,34.2,3.4,0.6470588235294117,0.3333333333333333,0.3969465648854962,0.6,0.4661016949152542,,,,
Dylan Andrews,5,2,3,0.4,16.4,32.6,0.5030674846625767,1.4,2.8,0.5,0.2,0.0,70.0,20.2,2.8,0.5,0.0,0.44680851063829785,0.4,0.5030674846625767,185.42,187.96,1979-11-15,0.0
Tim Credeur,5,3,2,0.6,26.2,84.8,0.3089622641509434,0.2,0.2,1.0,1.6,0.0,55.6,22.8,1.2,0.8333333333333334,0.3333333333333333,0.26666666666666666,0.6,0.3089622641509434,190.5,190.5,1977-07-09,0.0
David Heath,5,2,3,0.4,13.6,45.2,0.3008849557522124,0.2,0.4,0.5,0.6,0.0,57.8,47.4,1.4,0.8571428571428572,0.0,0.23863636363636365,0.4,0.3008849557522124,180.34,182.88,1976-02-10,0.0
Dave Herman,5,1,4,0.2,25.0,42.6,0.5868544600938967,0.6,0.6,1.0,0.0,0.0,22.6,21.2,1.6,0.625,0.0,0.4418604651162791,0.2,0.5868544600938967,193.04,195.58,1984-10-03,0.0
KJ Noons,5,2,3,0.4,29.0,74.8,0.3877005347593583,0.0,0.0,0.0,0.0,0.0,0.6,38.6,5.8,1.0,0.3333333333333333,0.5529411764705883,0.4,0.3877005347593583,177.8,177.8,1982-12-07,0.0
Kaan Ofli,5,3,2,0.6,21.8,45.6,0.4780701754385965,0.2,2.8,0.07142857142857142,0.4,0.2,126.6,27.8,1.0,0.8,1.0,0.4925373134328358,0.6,0.4780701754385965,,,,
James Head,5,2,3,0.4,20.2,41.6,0.4855769230769231,0.2,0.2,1.0,0.4,0.2,57.2,22.8,4.8,0.9583333333333334,0.3333333333333333,0.45871559633027525,0.4,0.4855769230769231,185.42,185.42,1984-02-09,0.0
Mark Hall,5,2,3,0.4,1.6,2.6,0.6153846153846154,0.0,0.0,0.0,0.0,0.2,0.0,6.8,1.0,1.0,0.3333333333333333,0.8333333333333334,0.4,0.6153846153846154,182.88,,,0.0
Christian Wellisch,5,2,3,0.4,23.0,82.4,0.279126213592233,0.6,1.4,0.42857142857142855,0.6,0.2,54.6,22.4,4.4,0.8636363636363636,0.3333333333333333,0.26865671641791045,0.4,0.279126213592233,187.96,195.58,1975-09-13,0.0
Quang Le,5,1,4,0.2,22.8,57.2,0.3986013986013986,1.4,4.4,0.3181818181818182,0.2,0.0,122.4,36.2,1.0,-0.3999999999999999,0.3333333333333333,0.5483870967741935,0.2,0.3986013986013986,,,,
Rafael Cavalcante,5,1,4,0.2,16.6,37.2,0.44623655913978494,0.0,0.2,0.0,0.0,0.0,7.2,39.8,6.6,1.0,0.0,0.41346153846153844,0.2,0.44623655913978494,185.42,187.96,1980-04-14,0.0
Robert Valentin,5,2,3,0.4,6.8,12.4,0.5483870967741935,0.4,0.6,0.6666666666666666,1.0,0.6,74.6,14.0,4.6,0.9130434782608696,0.6666666666666666,0.47619047619047616,0.4,0.5483870967741935,,,,
Guy Mezger,5,4,1,0.8,13.6,22.0,0.6181818181818182,0.2,0.4,0.5,0.8,0.0,0.0,8.6,1.6,0.875,0.6666666666666666,0.5873015873015873,0.8,0.6181818181818182,185.42,,1968-01-01,0.0
Riki Fukuda,5,2,3,0.4,70.0,151.4,0.4623513870541612,2.6,5.8,0.4482758620689655,0.0,0.0,220.8,58.0,0.8,-2.25,0.3333333333333333,0.45727482678983833,0.4,0.4623513870541612,182.88,185.42,1981-01-06,1.0
Ateba Gautier,5,5,0,1.0,22.0,58.6,0.37542662116040953,0.2,0.2,1.0,0.0,0.0,1.0,16.8,1.0,0.8,1.0,0.3058252427184466,1.0,0.37542662116040953,,,,
Brad Blackburn,5,3,2,0.6,58.8,165.4,0.3555018137847642,0.8,1.6,0.5,0.6,0.0,116.4,46.4,2.6,0.6923076923076923,0.3333333333333333,0.36486486486486486,0.6,0.3555018137847642,177.8,185.42,1977-05-25,0.0
Ronny Markes,5,3,2,0.6,25.0,46.8,0.5341880341880342,2.4,6.0,0.4,0.4,0.0,334.2,28.0,2.2,-0.09090909090909083,0.3333333333333333,0.27058823529411763,0.6,0.5341880341880342,185.42,190.5,1988-04-21,0.0
Kevin Burns,5,2,3,0.4,29.0,74.6,0.38873994638069703,0.2,0.4,0.5,0.6,0.0,26.4,45.4,4.2,0.9523809523809523,0.0,0.36101083032490977,0.4,0.38873994638069703,177.8,187.96,1980-03-03,0.0
Tim Hague,5,1,4,0.2,19.4,40.8,0.47549019607843135,0.8,2.4,0.3333333333333333,0.4,0.0,98.0,28.8,1.4,0.4285714285714286,0.0,0.4898989898989899,0.2,0.47549019607843135,193.04,193.04,1983-05-09,0.0
Paul Sass,5,3,2,0.6,3.0,11.4,0.2631578947368421,0.2,1.2,0.16666666666666666,2.8,0.0,36.4,10.8,1.2,0.8333333333333334,0.3333333333333333,0.2972972972972973,0.6,0.2631578947368421,182.88,185.42,1988-08-04,0.0
Ian McCall,5,2,3,0.4,57.0,136.4,0.4178885630498534,1.4,6.6,0.21212121212121213,0.0,0.0,141.8,50.0,5.2,0.7307692307692308,0.6666666666666666,0.4302059496567506,0.4,0.4178885630498534,165.1,162.56,1984-05-07,0.0
Jason High,5,2,3,0.4,8.4,23.8,0.35294117647058826,1.6,2.0,0.8,1.8,0.4,184.0,15.4,2.4,0.33333333333333337,0.6666666666666666,0.36585365853658536,0.4,0.35294117647058826,172.72,185.42,1981-10-12,1.0
Sam Hoger,5,2,3,0.4,14.4,57.6,0.25,1.0,2.6,0.38461538461538464,1.2,0.2,120.0,30.2,4.8,0.7916666666666666,0.3333333333333333,0.2785714285714286,0.4,0.25,187.96,,1980-06-28,0.0
Tae Hyun Bang,5,2,3,0.4,33.2,86.6,0.3833718244803695,0.4,1.2,0.3333333333333333,0.4,0.6,53.4,25.2,6.6,0.9393939393939394,0.3333333333333333,0.4076923076923077,0.4,0.3833718244803695,175.26,180.34,1983-04-15,0.0
Xiao Long,5,1,4,0.2,57.2,124.8,0.4583333333333333,0.6,2.0,0.3,0.0,0.0,94.4,49.0,5.0,0.88,0.0,0.3981762917933131,0.2,0.4583333333333333,,,,
Heath Herring,5,2,3,0.4,34.4,82.4,0.4174757281553398,1.0,1.2,0.8333333333333334,0.2,1.2,232.0,35.4,5.2,0.8076923076923077,0.3333333333333333,0.42543859649122806,0.4,0.4174757281553398,193.04,198.12,1978-03-02,0.0
Marvin Eastman,5,1,4,0.2,13.8,39.8,0.34673366834170855,0.4,1.4,0.2857142857142857,0.0,0.0,59.4,24.8,2.2,0.8181818181818181,0.3333333333333333,0.38926174496644295,0.2,0.34673366834170855,175.26,185.42,1971-06-08,0.0
Sean Soriano,5,0,5,0.0,36.0,58.4,0.6164383561643836,1.0,1.8,0.5555555555555556,0.0,1.0,95.8,24.2,8.0,0.875,0.0,0.6284403669724771,0.0,0.6164383561643836,175.26,177.8,1989-10-06,0.0
Fabricio Camoes,5,1,4,0.2,8.8,25.8,0.34108527131782945,0.6,4.0,0.15,0.6,0.2,74.6,13.4,1.4,0.5714285714285714,0.0,0.2857142857142857,0.2,0.34108527131782945,177.8,180.34,1978-12-23,0.0
Frank Shamrock,5,5,0,1.0,15.4,25.4,0.6062992125984252,0.2,0.2,1.0,1.8,1.0,2.6,8.0,4.8,0.9583333333333334,1.0,0.6065573770491803,1.0,0.6062992125984252,177.8,,1972-12-08,0.0
Tra Telligman,5,1,4,0.2,14.0,35.4,0.3954802259887006,0.0,0.2,0.0,0.2,0.0,4.6,21.8,1.8,1.0,0.0,0.4117647058823529,0.2,0.3954802259887006,187.96,,1965-02-07,0.0
Todd Duffee,5,3,2,0.6,18.4,51.6,0.35658914728682173,0.0,0.0,0.0,0.0,0.0,9.2,7.8,2.0,1.0,0.6666666666666666,0.5211267605633803,0.6,0.35658914728682173,190.5,198.12,1985-12-06,0.0
Naoyuki Kotani,5,0,5,0.0,11.0,35.2,0.3125,0.6,3.6,0.16666666666666666,0.6,0.6,130.2,30.2,3.0,0.8,0.0,0.29310344827586204,0.0,0.3125,172.72,167.64,1981-12-08,1.0
Brian Foster,5,3,2,0.6,16.2,40.6,0.39901477832512317,1.2,2.0,0.6,0.6,0.2,81.2,8.0,1.6,0.25,0.6666666666666666,0.5053763440860215,0.6,0.39901477832512317,175.26,180.34,1984-04-03,0.0
Jess Liaudin,5,2,3,0.4,18.0,35.0,0.5142857142857142,1.6,3.0,0.5333333333333333,0.8,0.0,166.0,20.2,2.6,0.3846153846153846,0.0,0.49514563106796117,0.4,0.5142857142857142,175.26,182.88,,0.0
Jon Madsen,5,4,1,0.8,28.0,68.2,0.41055718475073316,1.0,1.4,0.7142857142857143,0.0,0.0,128.0,13.4,2.0,0.5,0.6666666666666666,0.5694444444444444,0.8,0.41055718475073316,182.88,182.88,1980-02-12,0.0
Leandro Issa,5,2,3,0.4,26.2,69.2,0.3786127167630058,2.0,9.0,0.2222222222222222,1.0,0.4,284.6,40.0,0.4,-4.0,0.3333333333333333,0.45751633986928103,0.4,0.3786127167630058,170.18,175.26,1983-09-19,0.0
Shannon Gugerty,5,2,3,0.4,8.8,22.4,0.39285714285714285,1.0,3.6,0.2777777777777778,1.6,0.0,139.0,13.2,0.8,-0.25,0.3333333333333333,0.22413793103448276,0.4,0.39285714285714285,177.8,180.34,1981-12-30,0.0
Ian Freeman,5,3,2,0.6,16.2,28.4,0.5704225352112676,0.2,0.2,1.0,0.2,0.4,130.2,10.8,4.4,0.9545454545454546,0.6666666666666666,0.5603448275862069,0.6,0.5704225352112676,180.34,,1966-11-10,0.0
Rich Attonito,5,3,2,0.6,27.6,57.6,0.4791666666666667,0.6,1.6,0.375,0.0,0.2,185.8,25.8,5.6,0.8928571428571429,0.3333333333333333,0.6223776223776224,0.6,0.4791666666666667,177.8,182.88,1977-06-16,0.0
Nick Osipczak,5,2,3,0.4,35.4,69.8,0.5071633237822349,1.0,2.2,0.45454545454545453,0.8,0.4,165.2,47.2,7.0,0.8571428571428572,0.0,0.536697247706422,0.4,0.5071633237822349,187.96,193.04,1984-12-30,0.0
Kiichi Kunimoto,5,3,2,0.6,17.6,40.0,0.44,1.0,5.0,0.2,0.2,0.2,229.2,37.0,1.4,0.2857142857142857,0.3333333333333333,0.4251497005988024,0.6,0.44,177.8,180.34,1981-05-01,0.0
Katsunori Kikuno,5,2,3,0.4,15.8,35.0,0.4514285714285714,0.8,1.0,0.8,0.2,0.2,115.0,21.8,2.2,0.6363636363636364,0.3333333333333333,0.40963855421686746,0.4,0.4514285714285714,172.72,167.64,1981-10-31,0.0
Daniil Donchenko,5,5,0,1.0,66.4,108.4,0.6125461254612546,0.4,1.4,0.2857142857142857,0.0,0.0,66.8,19.6,3.8,0.8947368421052632,1.0,0.625615763546798,1.0,0.6125461254612546,,,,
Gauge Young,4,2,2,0.5,113.0,215.5,0.5243619489559165,1.5,4.0,0.375,0.0,0.25,114.75,87.25,8.0,0.8125,0.6666666666666666,0.5463917525773195,0.5,0.5243619489559165,,,,
Vagner Rocha,4,1,3,0.25,21.25,50.0,0.425,0.75,2.25,0.3333333333333333,1.0,0.0,105.5,36.25,1.0,0.25,0.3333333333333333,0.4148936170212766,0.25,0.425,177.8,185.42,1982-06-06,0.0
Dan Argueta,4,1,3,0.25,35.5,80.75,0.43962848297213625,4.5,13.0,0.34615384615384615,0.75,0.5,350.5,51.25,3.0,-0.5,0.3333333333333333,0.4356060606060606,0.25,0.43962848297213625,170.18,172.72,1993-08-13,1.0
Jonathan Wilson,4,1,3,0.25,29.25,60.75,0.48148148148148145,0.25,0.25,1.0,0.0,0.0,35.25,56.5,1.25,0.8,0.0,0.4808510638297872,0.25,0.48148148148148145,187.96,190.5,1987-07-17,1.0
Will Brooks,4,1,3,0.25,37.25,62.5,0.596,1.75,4.5,0.3888888888888889,0.25,0.0,135.75,34.75,4.0,0.5625,0.0,0.69,0.25,0.596,177.8,182.88,1986-10-08,0.0
Daria Zhelezniakova,4,2,2,0.5,50.5,125.75,0.40159045725646125,0.25,0.25,1.0,0.0,0.0,10.0,41.25,6.0,0.9583333333333334,0.3333333333333333,0.41076487252124644,0.5,0.40159045725646125,,,,
Luigi Vendramini,4,1,3,0.25,19.0,46.5,0.40860215053763443,0.5,3.25,0.15384615384615385,0.25,0.0,94.75,25.75,0.5,0.0,0.3333333333333333,0.4260355029585799,0.25,0.40860215053763443,172.72,185.42,1996-01-16,0.0
Michael Kuiper,4,1,3,0.25,26.75,48.75,0.5487179487179488,1.25,2.25,0.5555555555555556,0.0,0.25,108.25,29.5,7.25,0.8275862068965517,0.3333333333333333,0.5789473684210527,0.25,0.5487179487179488,182.88,185.42,1989-06-07,0.0
Geane Herrera,4,1,3,0.25,20.5,65.75,0.311787072243346,0.75,2.0,0.375,0.5,0.25,29.0,69.0,3.25,0.7692307692307692,0.3333333333333333,0.3,0.25,0.311787072243346,165.1,167.64,1990-05-27,0.0
Natan Levy,4,2,2,0.5,53.5,103.0,0.5194174757281553,4.75,8.5,0.5588235294117647,0.0,0.0,145.25,47.75,4.0,-0.1875,0.6666666666666666,0.5859649122807018,0.5,0.5194174757281553,175.26,180.34,1991-09-30,1.0
Bogdan Grad,4,2,2,0.5,32.0,54.25,0.5898617511520737,3.5,9.25,0.3783783783783784,0.5,0.0,266.5,28.0,1.0,-2.5,0.3333333333333333,0.543046357615894,0.5,0.5898617511520737,,,,
Zhang Lipeng,4,2,2,0.5,19.25,39.5,0.4873417721518987,1.75,5.75,0.30434782608695654,0.75,0.0,267.5,28.25,5.75,0.6956521739130435,0.3333333333333333,0.5037593984962406,0.5,0.4873417721518987,180.34,180.34,1990-03-10,1.0
Kron Gracie,4,1,3,0.25,31.5,74.5,0.4228187919463087,0.25,1.0,0.25,0.5,0.0,30.75,61.25,0.5,0.5,0.0,0.4305555555555556,0.25,0.4228187919463087,175.26,177.8,1988-07-11,1.0
Louis Gaudinot,4,1,3,0.25,30.5,82.0,0.3719512195121951,0.5,1.25,0.4,0.75,0.0,59.25,84.5,3.5,0.8571428571428572,0.3333333333333333,0.3879598662207358,0.25,0.3719512195121951,160.02,160.02,1984-08-28,0.0
Mark Kerr,4,4,0,1.0,5.75,8.75,0.6571428571428571,0.75,0.75,1.0,0.25,0.0,0.0,0.25,0.0,0.0,1.0,0.6896551724137931,1.0,0.6571428571428571,190.5,,1968-12-21,0.0
Aleksei Kunchenko,4,2,2,0.5,55.0,124.0,0.4435483870967742,0.25,0.75,0.3333333333333333,0.0,0.0,32.25,42.5,6.5,0.9615384615384616,0.3333333333333333,0.5131195335276968,0.5,0.4435483870967742,172.72,177.8,1984-05-02,0.0
Kevin Jackson,4,2,2,0.5,6.25,9.5,0.6578947368421053,1.25,1.25,1.0,0.25,0.0,0.0,1.75,0.5,-1.5,0.3333333333333333,0.6875,0.5,0.6578947368421053,177.8,,,0.0
Joseph Holmes,4,1,3,0.25,26.0,45.0,0.5777777777777777,0.5,1.25,0.4,0.25,0.25,101.25,26.5,2.25,0.7777777777777778,0.3333333333333333,0.6091954022988506,0.25,0.5777777777777777,193.04,203.2,1995-07-04,0.0
Malcolm Wellmaker,4,2,2,0.5,30.75,57.5,0.5347826086956522,0.0,0.75,0.0,0.0,0.0,20.0,28.25,3.5,1.0,0.3333333333333333,0.536697247706422,0.5,0.5347826086956522,,,,
Robert Bryczek,4,1,3,0.25,38.5,96.0,0.4010416666666667,0.25,0.25,1.0,0.25,0.0,29.25,53.0,7.25,0.9655172413793104,0.3333333333333333,0.4860557768924303,0.25,0.4010416666666667,,,,
Teemu Packalen,4,1,3,0.25,12.5,23.0,0.5434782608695652,0.75,3.0,0.25,0.5,0.0,51.0,19.0,0.25,-2.0,0.3333333333333333,0.4838709677419355,0.25,0.5434782608695652,185.42,190.5,1987-05-22,0.0
Jason Young,4,1,3,0.25,33.75,91.0,0.3708791208791209,1.5,2.25,0.6666666666666666,0.0,0.0,152.75,36.25,5.0,0.7,0.3333333333333333,0.3842364532019704,0.25,0.3708791208791209,175.26,185.42,1986-06-28,0.0
Albert Duraev,4,2,2,0.5,39.25,97.5,0.4025641025641026,1.5,5.75,0.2608695652173913,0.25,0.0,189.25,39.75,0.75,-1.0,0.3333333333333333,0.344,0.5,0.4025641025641026,180.34,190.5,1989-01-05,0.0
Cameron Smotherman,4,1,3,0.25,46.5,124.75,0.3727454909819639,0.0,0.0,0.0,0.0,0.0,0.5,39.5,6.0,1.0,0.0,0.375,0.25,0.3727454909819639,,,,
Maria Oliveira,4,1,3,0.25,77.25,199.25,0.3877038895859473,1.0,2.25,0.4444444444444444,0.0,0.0,85.75,82.0,5.0,0.8,0.3333333333333333,0.3925686591276252,0.25,0.3877038895859473,167.64,175.26,1996-12-12,0.0
Mike Grundy,4,1,3,0.25,21.25,47.0,0.4521276595744681,2.75,9.75,0.28205128205128205,0.25,0.0,101.75,45.25,0.5,-4.5,0.0,0.3939393939393939,0.25,0.4521276595744681,170.18,182.88,1987-01-03,0.0
Chris de la Rocha,4,1,3,0.25,30.25,66.25,0.45660377358490567,1.0,3.25,0.3076923076923077,0.5,0.0,140.0,47.25,0.75,-0.33333333333333326,0.3333333333333333,0.4743083003952569,0.25,0.45660377358490567,190.5,203.2,1979-05-15,0.0
Impa Kasanganay,4,2,2,0.5,33.0,81.75,0.4036697247706422,0.5,1.75,0.2857142857142857,0.25,0.0,47.25,34.25,0.75,0.33333333333333337,0.3333333333333333,0.3643410852713178,0.5,0.4036697247706422,180.34,190.5,1994-01-17,0.0
Yadier del Valle,4,3,1,0.75,7.0,15.25,0.45901639344262296,0.25,0.25,1.0,1.0,0.0,100.75,5.0,2.5,0.9,0.6666666666666666,0.3877551020408163,0.75,0.45901639344262296,,,,
Zac Pauga,4,1,3,0.25,43.75,69.5,0.6294964028776978,0.25,3.25,0.07692307692307693,0.0,0.0,180.25,26.75,0.5,0.5,0.3333333333333333,0.6271929824561403,0.25,0.6294964028776978,187.96,193.04,1988-02-25,0.0
Hector Sandoval,4,2,2,0.5,17.75,34.0,0.5220588235294118,1.25,5.0,0.25,0.5,0.25,56.0,12.5,3.5,0.6428571428571428,0.6666666666666666,0.5365853658536586,0.5,0.5220588235294118,157.48,162.56,1986-07-19,0.0
Jerome Rivera,4,0,4,0.0,18.5,64.25,0.28793774319066145,0.0,1.5,0.0,0.0,0.25,16.75,20.0,1.5,1.0,0.0,0.24858757062146894,0.0,0.28793774319066145,177.8,182.88,1995-04-22,1.0
Danilo Marques,4,2,2,0.5,13.75,17.25,0.7971014492753623,2.5,8.75,0.2857142857142857,0.5,0.0,339.25,24.0,0.5,-4.0,0.3333333333333333,0.8297872340425532,0.5,0.7971014492753623,198.12,195.58,1985-12-26,0.0
Chris Fishgold,4,1,3,0.25,17.5,54.25,0.3225806451612903,1.5,3.25,0.46153846153846156,0.75,0.25,65.75,23.5,2.25,0.33333333333333337,0.3333333333333333,0.352112676056338,0.25,0.3225806451612903,172.72,172.72,1992-06-06,0.0
Walel Watson,4,1,3,0.25,17.0,58.0,0.29310344827586204,0.0,0.25,0.0,0.75,0.25,19.75,30.75,3.25,1.0,0.0,0.28921568627450983,0.25,0.29310344827586204,180.34,190.5,1984-07-16,0.0
Vinicius Moreira,4,0,4,0.0,9.5,17.25,0.5507246376811594,0.0,2.25,0.0,0.0,0.0,43.0,21.5,0.25,1.0,0.0,0.5625,0.0,0.5507246376811594,193.04,193.04,1989-02-28,0.0
Carlos Leal,4,2,2,0.5,76.5,162.75,0.4700460829493088,0.25,2.25,0.1111111111111111,0.0,0.0,39.0,68.0,5.5,0.9545454545454546,0.6666666666666666,0.49135802469135803,0.5,0.4700460829493088,,,,
Alvin Robinson,4,1,3,0.25,14.25,28.25,0.504424778761062,0.75,1.5,0.5,0.75,1.0,167.25,11.75,2.0,0.625,0.3333333333333333,0.5257731958762887,0.25,0.504424778761062,175.26,172.72,1982-07-16,1.0
Papy Abedi,4,1,3,0.25,24.25,44.0,0.5511363636363636,2.0,3.5,0.5714285714285714,0.75,0.0,201.75,27.25,2.0,0.0,0.3333333333333333,0.6014492753623188,0.25,0.5511363636363636,180.34,,1978-06-30,1.0
Yohan Lainesse,4,1,3,0.25,16.5,39.75,0.41509433962264153,0.5,1.5,0.3333333333333333,0.25,0.0,29.75,26.5,2.75,0.8181818181818181,0.3333333333333333,0.31645569620253167,0.25,0.41509433962264153,185.42,193.04,1992-08-14,0.0
Alvaro Herrera Mendoza,4,1,3,0.25,6.25,16.25,0.38461538461538464,0.0,0.0,0.0,0.25,0.0,2.75,11.25,1.5,1.0,0.0,0.375,0.25,0.38461538461538464,182.88,187.96,1990-05-14,0.0
Alex Nicholson,4,1,3,0.25,29.25,67.0,0.43656716417910446,0.0,0.0,0.0,0.25,0.0,0.25,33.0,2.5,1.0,0.3333333333333333,0.46543778801843316,0.25,0.43656716417910446,193.04,195.58,1990-05-02,0.0
Wesley Correira,4,2,2,0.5,16.25,40.0,0.40625,0.0,0.25,0.0,0.0,0.0,5.25,51.5,2.25,1.0,0.6666666666666666,0.4105263157894737,0.5,0.40625,190.5,,1978-11-11,0.0
Mike van Arsdale,4,2,2,0.5,17.5,44.0,0.3977272727272727,0.75,3.75,0.2,0.25,0.25,132.75,14.5,3.25,0.7692307692307692,0.3333333333333333,0.41346153846153844,0.5,0.3977272727272727,187.96,,1965-06-20,0.0
Kyle Bradley,4,1,3,0.25,11.5,28.75,0.4,0.25,0.5,0.5,0.0,0.0,8.75,20.0,2.5,0.9,0.3333333333333333,0.4107142857142857,0.25,0.4,175.26,180.34,1982-08-19,0.0
Bart Palaszewski,4,1,3,0.25,24.5,81.25,0.30153846153846153,0.0,0.0,0.0,0.75,0.0,6.75,34.75,3.0,1.0,0.0,0.3127413127413127,0.25,0.30153846153846153,175.26,177.8,1983-05-30,0.0
Martin Day,4,0,4,0.0,44.75,96.0,0.4661458333333333,0.5,0.75,0.6666666666666666,0.5,0.5,62.5,48.75,5.0,0.9,0.0,0.395,0.0,0.4661458333333333,177.8,185.42,1988-11-10,0.0
Darren Uyenoyama,4,2,2,0.5,16.5,41.25,0.4,1.0,3.75,0.26666666666666666,0.75,0.5,141.5,27.25,3.0,0.6666666666666667,0.3333333333333333,0.3469387755102041,0.5,0.4,167.64,165.1,1979-10-15,0.0
Bevon Lewis,4,1,3,0.25,40.25,99.5,0.4045226130653266,0.0,3.5,0.0,0.0,0.0,237.5,33.75,0.5,1.0,0.3333333333333333,0.38589211618257263,0.25,0.4045226130653266,190.5,200.66,1991-05-05,0.0
AJ Fletcher,4,1,3,0.25,38.25,78.25,0.48881789137380194,1.0,3.0,0.3333333333333333,0.75,0.75,153.0,55.0,2.25,0.5555555555555556,0.3333333333333333,0.4779116465863454,0.25,0.48881789137380194,177.8,170.18,1997-02-18,0.0
Ryo Chonan,4,1,3,0.25,38.0,100.25,0.3790523690773067,0.5,1.0,0.5,0.0,1.0,279.5,45.0,5.0,0.9,0.3333333333333333,0.37261146496815284,0.25,0.3790523690773067,175.26,177.8,1976-10-08,0.0
Chris Wilson,4,1,3,0.25,33.25,65.25,0.5095785440613027,1.25,2.5,0.5,1.5,0.25,205.0,19.5,8.75,0.8571428571428572,0.3333333333333333,0.5311004784688995,0.25,0.5095785440613027,185.42,190.5,1977-06-07,0.0
Fernie Garcia,4,0,4,0.0,24.75,73.0,0.339041095890411,0.25,0.5,0.5,0.5,0.5,35.0,47.75,4.5,0.9444444444444444,0.0,0.328042328042328,0.0,0.339041095890411,170.18,170.18,1992-04-12,0.0
Cung Le,4,2,2,0.5,33.25,80.0,0.415625,0.5,0.75,0.6666666666666666,0.0,0.0,18.75,49.5,0.5,0.0,0.6666666666666666,0.4225941422594142,0.5,0.415625,175.26,177.8,1972-05-25,1.0
AJ Dobson,4,1,3,0.25,48.0,107.75,0.44547563805104406,1.25,1.5,0.8333333333333334,0.0,0.25,106.0,69.5,5.0,0.75,0.3333333333333333,0.41055718475073316,0.25,0.44547563805104406,185.42,193.04,1992-01-18,0.0
Anderson Dos Santos,4,1,3,0.25,31.0,121.5,0.2551440329218107,0.75,5.25,0.14285714285714285,0.5,0.0,109.0,61.5,1.5,0.5,0.3333333333333333,0.2468354430379747,0.25,0.2551440329218107,165.1,177.8,1985-07-24,0.0
Lance Benoist,4,2,2,0.5,55.25,108.0,0.5115740740740741,1.5,4.5,0.3333333333333333,0.0,0.25,287.75,40.5,3.25,0.5384615384615384,0.3333333333333333,0.4972677595628415,0.5,0.5115740740740741,180.34,182.88,1988-08-26,1.0
Juan Adams,4,1,3,0.25,44.25,86.75,0.5100864553314121,0.5,0.75,0.6666666666666666,0.0,0.0,90.5,32.0,1.0,0.5,0.0,0.4482758620689655,0.25,0.5100864553314121,195.58,203.2,1992-01-16,0.0
Saimon Oliveira,4,0,4,0.0,21.5,49.75,0.4321608040201005,0.25,1.75,0.14285714285714285,1.0,0.5,63.75,37.5,5.25,0.9523809523809523,0.0,0.3984375,0.0,0.4321608040201005,162.56,182.88,1991-04-21,0.0
Laverne Clark,4,3,1,0.75,8.75,20.75,0.42168674698795183,0.5,0.5,1.0,0.0,0.5,85.0,0.5,3.5,0.8571428571428572,0.6666666666666666,0.37735849056603776,0.75,0.42168674698795183,180.34,,1973-12-02,0.0
Darrell Horcher,4,1,3,0.25,22.25,49.75,0.4472361809045226,0.25,0.5,0.5,0.5,0.25,148.0,45.75,4.25,0.9411764705882353,0.3333333333333333,0.48255813953488375,0.25,0.4472361809045226,177.8,177.8,1987-07-28,1.0
Goran Reljic,4,1,3,0.25,22.5,60.75,0.37037037037037035,1.5,3.0,0.5,1.0,0.5,234.5,35.75,2.25,0.33333333333333337,0.0,0.31666666666666665,0.25,0.37037037037037035,190.5,205.74,1984-03-20,1.0
Lavar Johnson,4,2,2,0.5,36.0,55.5,0.6486486486486487,0.25,0.25,1.0,0.0,0.0,54.0,13.75,3.0,0.9166666666666666,0.3333333333333333,0.6076923076923076,0.5,0.6486486486486487,193.04,208.28,1977-06-11,0.0
Kleydson Rodrigues,4,1,3,0.25,34.75,65.25,0.5325670498084292,0.5,2.0,0.25,0.25,0.5,63.5,23.5,2.25,0.7777777777777778,0.3333333333333333,0.4915254237288136,0.25,0.5325670498084292,165.1,170.18,1995-10-22,0.0
Ken Stone,4,2,2,0.5,22.5,44.0,0.5113636363636364,0.5,1.25,0.4,0.25,0.0,114.5,16.5,1.0,0.5,0.6666666666666666,0.5373134328358209,0.5,0.5113636363636364,172.72,180.34,1982-10-08,1.0
Antonio Carvalho,4,2,2,0.5,26.0,88.25,0.29461756373937675,0.0,0.75,0.0,0.0,0.0,37.0,31.0,0.5,1.0,0.6666666666666666,0.335,0.5,0.29461756373937675,175.26,177.8,1979-05-30,0.0
Andrey Pulyaev,4,1,3,0.25,25.5,53.75,0.4744186046511628,0.0,1.0,0.0,0.0,0.0,27.75,29.5,2.75,1.0,0.3333333333333333,0.525,0.25,0.4744186046511628,,,,
Matt Sayles,4,1,3,0.25,41.75,105.0,0.3976190476190476,0.25,1.0,0.25,0.5,0.25,77.25,28.5,5.25,0.9523809523809523,0.3333333333333333,0.4864864864864865,0.25,0.3976190476190476,170.18,172.72,1994-02-21,0.0
Rolando Dy,4,1,3,0.25,37.75,100.25,0.3765586034912718,0.25,1.25,0.2,0.0,0.25,51.0,55.5,5.5,0.9545454545454546,0.3333333333333333,0.3898809523809524,0.25,0.3765586034912718,172.72,175.26,1990-08-11,0.0
Waylon Lowe,4,2,2,0.5,22.0,39.0,0.5641025641025641,3.5,6.75,0.5185185185185185,0.25,0.0,336.75,27.75,1.0,-2.5,0.6666666666666666,0.58,0.5,0.5641025641025641,170.18,,1980-10-31,1.0
Cheyanne Vlismas,4,2,2,0.5,52.25,106.5,0.49061032863849763,0.25,0.25,1.0,0.25,0.75,25.25,30.5,3.25,0.9230769230769231,0.6666666666666666,0.4930747922437673,0.5,0.49061032863849763,160.02,160.02,1995-06-25,0.0
Terrion Ware,4,0,4,0.0,60.25,185.25,0.3252361673414305,0.5,2.25,0.2222222222222222,0.0,0.0,43.5,91.0,7.25,0.9310344827586207,0.0,0.3073005093378608,0.0,0.3252361673414305,172.72,180.34,1986-03-31,0.0
Claude Patrick,4,3,1,0.75,23.25,41.75,0.5568862275449101,2.0,3.75,0.5333333333333333,1.5,0.0,350.25,11.5,4.75,0.5789473684210527,0.6666666666666666,0.5369127516778524,0.75,0.5568862275449101,180.34,190.5,1980-06-14,0.0
Marco Tulio,4,2,2,0.5,61.25,111.5,0.5493273542600897,0.5,1.25,0.4,0.0,0.0,55.5,26.75,0.5,0.0,0.3333333333333333,0.5510204081632653,0.5,0.5493273542600897,,,,
Rafael Alves,4,1,3,0.25,19.75,39.75,0.4968553459119497,0.25,1.0,0.25,1.0,0.25,58.75,35.0,2.0,0.875,0.3333333333333333,0.5104166666666666,0.25,0.4968553459119497,172.72,172.72,1990-11-14,0.0
Bruno Lopes,4,1,3,0.25,19.5,41.75,0.46706586826347307,1.5,5.75,0.2608695652173913,0.0,0.0,155.5,39.75,0.75,-1.0,0.0,0.4639175257731959,0.25,0.46706586826347307,,,,
James Wilks,4,2,2,0.5,21.5,47.5,0.45263157894736844,1.0,4.5,0.2222222222222222,3.0,1.0,188.25,24.0,3.0,0.6666666666666667,0.3333333333333333,0.42857142857142855,0.5,0.45263157894736844,185.42,190.5,1978-05-04,0.0
Edgar Garcia,4,0,4,0.0,17.25,63.5,0.27165354330708663,1.0,1.75,0.5714285714285714,0.25,0.0,53.5,28.25,0.5,-1.0,0.0,0.43478260869565216,0.0,0.27165354330708663,177.8,180.34,1984-02-22,0.0
Luke Jumeau,4,2,2,0.5,44.0,100.75,0.43672456575682383,0.25,0.25,1.0,0.0,0.0,58.75,47.5,7.5,0.9666666666666667,0.3333333333333333,0.425,0.5,0.43672456575682383,180.34,182.88,1988-02-12,0.0
Danny Henry,4,2,2,0.5,26.25,50.5,0.5198019801980198,0.25,0.75,0.3333333333333333,0.75,0.0,91.5,21.0,1.0,0.75,0.3333333333333333,0.42857142857142855,0.5,0.5198019801980198,182.88,185.42,1988-07-17,0.0
Kris Moutinho,4,0,4,0.0,28.75,86.5,0.33236994219653176,0.0,0.75,0.0,0.0,0.0,10.0,80.25,2.5,1.0,0.0,0.3515625,0.0,0.33236994219653176,170.18,172.72,1992-08-09,1.0
JP Buys,4,0,4,0.0,9.0,30.25,0.2975206611570248,0.25,2.75,0.09090909090909091,1.0,0.0,35.5,23.0,1.75,0.8571428571428572,0.0,0.2923076923076923,0.0,0.2975206611570248,165.1,170.18,1996-04-30,0.0
Tallison Teixeira,4,2,2,0.5,15.5,23.0,0.6739130434782609,0.75,2.5,0.3,0.0,0.0,107.75,14.5,0.0,0.0,0.3333333333333333,0.6506024096385542,0.5,0.6739130434782609,,,,
Christian Morecraft,4,1,3,0.25,19.5,56.75,0.3436123348017621,1.5,2.25,0.6666666666666666,1.0,0.5,210.0,17.0,0.5,-2.0,0.3333333333333333,0.2709677419354839,0.25,0.3436123348017621,198.12,205.74,1986-09-08,0.0
Tiki Ghosn,4,0,4,0.0,14.75,33.25,0.44360902255639095,0.0,0.0,0.0,0.0,0.0,38.5,18.25,3.25,1.0,0.0,0.5,0.0,0.44360902255639095,177.8,,1977-02-09,0.0
Rashad Coulter,4,1,3,0.25,43.5,79.0,0.5506329113924051,0.0,0.75,0.0,0.0,0.0,12.75,64.25,1.75,1.0,0.3333333333333333,0.592274678111588,0.25,0.5506329113924051,180.34,193.04,1981-11-27,0.0
Austin Arnett,4,1,3,0.25,51.5,120.75,0.42650103519668736,0.5,2.75,0.18181818181818182,0.0,0.0,106.5,76.25,1.75,0.7142857142857143,0.3333333333333333,0.44274809160305345,0.25,0.42650103519668736,182.88,182.88,1991-10-22,0.0
Gloria de Paula,4,1,3,0.25,57.25,109.0,0.5252293577981652,0.75,2.0,0.375,0.0,0.0,94.5,54.5,2.25,0.6666666666666667,0.3333333333333333,0.5308310991957105,0.25,0.5252293577981652,165.1,170.18,1995-06-10,0.0
Julius Walker,4,1,3,0.25,34.25,63.75,0.5372549019607843,2.5,6.5,0.38461538461538464,0.0,0.0,301.0,38.5,0.25,-9.0,0.3333333333333333,0.6071428571428571,0.25,0.5372549019607843,,,,
Benito Lopez,4,2,2,0.5,39.0,89.0,0.43820224719101125,0.0,0.0,0.0,0.25,0.0,28.0,48.25,0.75,1.0,0.3333333333333333,0.46153846153846156,0.5,0.43820224719101125,177.8,185.42,1994-04-06,0.0
Danny Silva,4,3,1,0.75,53.0,110.0,0.4818181818181818,1.75,5.5,0.3181818181818182,0.25,0.25,116.0,67.0,3.75,0.5333333333333333,0.6666666666666666,0.5015015015015015,0.75,0.4818181818181818,,,,
Kai Asakura,4,2,2,0.5,18.5,46.75,0.39572192513368987,0.0,0.25,0.0,0.0,0.0,16.75,19.0,2.5,1.0,0.6666666666666666,0.36075949367088606,0.5,0.39572192513368987,,,,
Robelis Despaigne,4,2,2,0.5,23.5,44.0,0.5340909090909091,0.5,0.5,1.0,0.0,0.0,82.25,27.0,4.5,0.8888888888888888,0.3333333333333333,0.5209580838323353,0.5,0.5340909090909091,,,,
Murilo Bustamante,4,3,1,0.75,13.0,25.75,0.5048543689320388,2.5,8.25,0.30303030303030304,0.75,0.0,180.5,19.0,0.75,-2.3333333333333335,0.6666666666666666,0.5,0.75,0.5048543689320388,187.96,,1966-07-30,0.0
Azamat Bekoev,4,2,2,0.5,34.5,66.0,0.5227272727272727,1.75,4.0,0.4375,0.0,0.0,128.25,51.5,2.0,0.125,0.3333333333333333,0.49159663865546216,0.5,0.5227272727272727,,,,
Marcelo Golm,4,1,3,0.25,35.5,60.75,0.5843621399176955,0.25,0.5,0.5,0.25,0.0,43.25,35.75,2.0,0.875,0.0,0.5661375661375662,0.25,0.5843621399176955,190.5,190.5,1992-09-15,0.0
Ricardo Funch,4,0,4,0.0,23.75,36.5,0.6506849315068494,0.75,4.0,0.1875,0.0,0.0,159.75,32.5,5.0,0.85,0.0,0.6583333333333333,0.0,0.6506849315068494,177.8,187.96,1980-08-14,1.0
Liang Na,4,0,4,0.0,14.5,34.25,0.4233576642335766,1.75,3.0,0.5833333333333334,0.25,0.75,111.5,28.75,1.0,-0.75,0.0,0.35454545454545455,0.0,0.4233576642335766,165.1,170.18,1996-07-27,0.0
Jodie Esquibel,4,0,4,0.0,61.5,196.0,0.3137755102040816,0.75,3.5,0.21428571428571427,0.0,0.0,94.25,110.5,3.0,0.75,0.0,0.29720853858784896,0.0,0.3137755102040816,154.94,162.56,1986-05-07,0.0
Gerald Harris,4,3,1,0.75,14.0,54.0,0.25925925925925924,2.0,3.5,0.5714285714285714,0.0,0.25,121.75,17.0,1.75,-0.1428571428571428,0.6666666666666666,0.25925925925925924,0.75,0.25925925925925924,180.34,195.58,1979-11-19,1.0
Syuri Kondo,4,1,3,0.25,61.5,137.0,0.4489051094890511,0.0,0.0,0.0,0.25,0.0,5.0,82.25,1.5,1.0,0.0,0.42045454545454547,0.25,0.4489051094890511,162.56,167.64,1989-02-08,0.0
Alex Reyes,4,0,4,0.0,25.75,57.25,0.4497816593886463,0.5,2.25,0.2222222222222222,0.0,0.0,69.0,45.25,0.0,0.0,0.0,0.44907407407407407,0.0,0.4497816593886463,180.34,185.42,1986-10-02,0.0
Arjan Bhullar,4,3,1,0.75,30.25,53.5,0.5654205607476636,1.5,2.0,0.75,0.0,0.0,325.25,42.25,0.25,-5.0,0.6666666666666666,0.5914634146341463,0.75,0.5654205607476636,185.42,190.5,1986-05-13,0.0
Mario Miranda,4,1,3,0.25,21.5,39.75,0.5408805031446541,0.75,1.25,0.6,0.0,0.5,158.0,27.0,8.25,0.9090909090909091,0.3333333333333333,0.5882352941176471,0.25,0.5408805031446541,190.5,187.96,1979-07-12,0.0
Mike Guymon,4,1,3,0.25,16.5,25.25,0.6534653465346535,0.75,2.0,0.375,0.5,0.25,116.5,4.75,2.75,0.7272727272727273,0.3333333333333333,0.7228915662650602,0.25,0.6534653465346535,182.88,187.96,1974-09-17,0.0
Bekzat Almakhan,4,1,3,0.25,29.75,76.25,0.3901639344262295,0.0,0.25,0.0,0.0,0.0,9.75,48.75,5.5,1.0,0.3333333333333333,0.4013840830449827,0.25,0.3901639344262295,,,,
Talita Bernardo,4,1,3,0.25,43.5,103.25,0.4213075060532688,1.5,6.75,0.2222222222222222,0.5,0.5,295.0,56.25,1.75,0.1428571428571429,0.3333333333333333,0.4676923076923077,0.25,0.4213075060532688,162.56,172.72,1987-03-04,0.0
Billy Elekana,4,3,1,0.75,24.0,42.5,0.5647058823529412,0.5,2.25,0.2222222222222222,0.5,0.0,85.25,31.75,0.0,0.0,1.0,0.5352112676056338,0.75,0.5647058823529412,,,,
Humberto Bandenay,4,1,3,0.25,17.25,41.25,0.41818181818181815,1.5,3.25,0.46153846153846156,0.25,0.0,57.5,37.25,2.0,0.25,0.0,0.4050632911392405,0.25,0.41818181818181815,180.34,180.34,1994-09-04,1.0
Chris Tuchscherer,4,1,3,0.25,8.5,26.75,0.3177570093457944,0.5,2.75,0.18181818181818182,0.25,0.0,90.25,20.0,0.25,-1.0,0.3333333333333333,0.32075471698113206,0.25,0.3177570093457944,187.96,193.04,1975-09-08,0.0
Tucker Lutz,4,1,3,0.25,45.0,99.75,0.45112781954887216,1.75,4.5,0.3888888888888889,0.0,0.0,181.75,46.25,3.75,0.5333333333333333,0.0,0.36486486486486486,0.25,0.45112781954887216,172.72,182.88,1994-07-12,0.0
Jarred Brooks,4,2,2,0.5,28.0,60.75,0.4609053497942387,4.0,7.0,0.5714285714285714,0.5,0.0,339.0,22.0,3.25,-0.23076923076923084,0.3333333333333333,0.5214723926380368,0.5,0.4609053497942387,160.02,157.48,1993-05-02,0.0
Rachael Ostovich,4,1,3,0.25,23.5,54.5,0.43119266055045874,1.25,1.5,0.8333333333333334,0.5,0.25,25.0,36.75,5.25,0.7619047619047619,0.0,0.44390243902439025,0.25,0.43119266055045874,160.02,157.48,1991-02-25,0.0
Daniel Spitz,4,1,3,0.25,26.25,73.0,0.3595890410958904,0.5,0.75,0.6666666666666666,0.0,0.0,16.25,53.5,0.0,0.0,0.3333333333333333,0.34615384615384615,0.25,0.3595890410958904,200.66,208.28,1990-07-31,0.0
Pascal Krauss,4,2,2,0.5,66.75,140.25,0.47593582887700536,1.25,2.5,0.5,0.75,0.0,205.0,47.5,5.0,0.75,0.3333333333333333,0.468682505399568,0.5,0.47593582887700536,185.42,,1987-04-19,0.0
Rodolfo Bellato,4,2,2,0.5,45.75,80.75,0.56656346749226,0.75,2.5,0.3,0.0,0.0,143.75,57.25,1.5,0.5,0.3333333333333333,0.5364583333333334,0.5,0.56656346749226,,,,
Alexia Thainara,4,4,0,1.0,52.25,100.75,0.5186104218362283,3.5,7.25,0.4827586206896552,1.25,0.0,460.75,33.0,1.0,-2.5,1.0,0.518324607329843,1.0,0.5186104218362283,,,,
Gan McGee,4,2,2,0.5,10.75,31.75,0.33858267716535434,0.5,2.0,0.25,0.0,0.0,134.0,10.5,2.0,0.75,0.6666666666666666,0.3113207547169811,0.5,0.33858267716535434,208.28,,1976-11-20,0.0
Marcin Held,4,1,3,0.25,25.75,78.75,0.326984126984127,3.0,5.25,0.5714285714285714,0.75,0.0,347.75,26.75,1.25,-1.4,0.3333333333333333,0.3133047210300429,0.25,0.326984126984127,175.26,180.34,1992-01-18,0.0
Zhang Tiequan,4,1,3,0.25,13.0,35.25,0.36879432624113473,0.5,0.5,1.0,1.25,0.0,30.25,20.0,2.0,0.75,0.0,0.36923076923076925,0.25,0.36879432624113473,172.72,175.26,1978-07-25,0.0
Brian Bowles,4,2,2,0.5,21.25,71.75,0.2961672473867596,0.5,0.5,1.0,0.5,0.25,106.0,27.75,0.25,-1.0,0.3333333333333333,0.2920353982300885,0.5,0.2961672473867596,170.18,177.8,1980-06-22,0.0
Francisco Figueiredo,4,2,2,0.5,18.25,29.5,0.6186440677966102,1.5,2.0,0.75,0.25,0.25,170.5,23.25,5.25,0.7142857142857143,0.3333333333333333,0.676923076923077,0.5,0.6186440677966102,167.64,172.72,1989-10-23,1.0
Joachim Christensen,4,1,3,0.25,23.25,56.25,0.41333333333333333,0.0,0.5,0.0,0.0,0.0,125.0,20.25,0.25,1.0,0.3333333333333333,0.42574257425742573,0.25,0.41333333333333333,190.5,193.04,1978-11-07,0.0
Reuben Duran,4,1,3,0.25,36.75,75.0,0.49,0.75,3.25,0.23076923076923078,0.5,0.0,237.25,30.0,2.0,0.625,0.3333333333333333,0.5095541401273885,0.25,0.49,170.18,180.34,1983-07-02,0.0
Tony Kelley,4,2,2,0.5,59.75,126.5,0.4723320158102767,0.0,0.25,0.0,1.0,0.0,81.0,52.25,5.25,1.0,0.6666666666666666,0.44642857142857145,0.5,0.4723320158102767,175.26,177.8,1987-01-21,0.0
Danny Barlow,4,2,2,0.5,62.5,121.25,0.5154639175257731,0.0,0.5,0.0,0.0,0.0,22.25,51.5,1.0,1.0,0.3333333333333333,0.5166666666666667,0.5,0.5154639175257731,,,,
Nick Maximov,4,2,2,0.5,20.25,49.5,0.4090909090909091,3.75,8.0,0.46875,0.25,0.75,272.5,39.25,3.5,-0.0714285714285714,0.3333333333333333,0.4240506329113924,0.5,0.4090909090909091,182.88,193.04,1997-12-23,1.0
Kevin Vallejos,4,4,0,1.0,40.0,85.75,0.46647230320699706,0.5,1.5,0.3333333333333333,0.0,0.0,51.25,25.0,2.5,0.8,1.0,0.4620253164556962,1.0,0.46647230320699706,,,,
Jason Gonzalez,4,1,3,0.25,11.5,29.0,0.39655172413793105,0.0,0.0,0.0,0.25,0.0,1.75,11.75,2.5,1.0,0.3333333333333333,0.4186046511627907,0.25,0.39655172413793105,187.96,187.96,1990-02-28,1.0
Klaudia Sygula,4,2,2,0.5,71.75,153.0,0.46895424836601307,0.25,2.25,0.1111111111111111,0.0,0.25,98.5,58.5,3.0,0.9166666666666666,0.6666666666666666,0.47413793103448276,0.5,0.46895424836601307,,,,
Mike Breeden,4,1,3,0.25,50.75,101.75,0.4987714987714988,0.75,1.5,0.5,0.0,0.0,30.0,61.25,6.25,0.88,0.3333333333333333,0.5025510204081632,0.25,0.4987714987714988,177.8,177.8,1989-04-21,0.0
Jessin Ayari,4,1,3,0.25,40.75,108.0,0.3773148148148148,0.0,2.0,0.0,0.25,0.0,16.0,41.5,1.0,1.0,0.0,0.3576923076923077,0.25,0.3773148148148148,182.88,185.42,1992-05-31,0.0
Pingyuan Liu,4,2,2,0.5,34.75,103.25,0.3365617433414044,0.25,1.25,0.2,1.0,0.25,105.5,44.0,4.0,0.9375,0.3333333333333333,0.31845238095238093,0.5,0.3365617433414044,167.64,182.88,1993-02-13,0.0
Jeremy Kennedy,4,3,1,0.75,30.5,66.0,0.4621212121212121,5.25,10.0,0.525,0.0,0.0,448.5,35.5,1.5,-2.5,0.6666666666666666,0.49222797927461137,0.75,0.4621212121212121,180.34,180.34,1992-09-16,0.0
Silvana Gomez Juarez,4,1,3,0.25,24.5,76.5,0.3202614379084967,0.0,0.0,0.0,0.0,0.0,20.25,23.25,2.5,1.0,0.3333333333333333,0.3242320819112628,0.25,0.3202614379084967,160.02,165.1,1984-12-06,0.0
Darko Stosic,4,1,3,0.25,31.5,69.25,0.4548736462093863,2.75,5.5,0.5,0.0,0.0,147.5,48.75,3.0,0.08333333333333337,0.0,0.4482758620689655,0.25,0.4548736462093863,182.88,193.04,1992-02-09,0.0
Nad Narimani,4,2,2,0.5,45.5,106.5,0.4272300469483568,1.75,4.25,0.4117647058823529,0.0,0.0,224.25,41.0,2.5,0.30000000000000004,0.3333333333333333,0.38375350140056025,0.5,0.4272300469483568,172.72,177.8,1987-04-14,0.0
Martin Bravo,4,1,3,0.25,55.25,139.75,0.3953488372093023,1.25,3.5,0.35714285714285715,0.0,0.0,65.0,41.25,1.75,0.2857142857142857,0.0,0.3767123287671233,0.25,0.3953488372093023,172.72,180.34,1993-09-21,1.0
Miguel Torres,4,2,2,0.5,38.75,89.5,0.4329608938547486,0.0,0.5,0.0,0.75,0.5,119.25,17.5,2.0,1.0,0.3333333333333333,0.4823529411764706,0.5,0.4329608938547486,175.26,193.04,1981-01-18,0.0
Mario Pinto,4,4,0,1.0,31.0,45.25,0.6850828729281768,2.75,6.5,0.4230769230769231,0.5,0.25,263.5,16.75,0.75,-2.6666666666666665,1.0,0.7025316455696202,1.0,0.6850828729281768,,,,
Lauren Mueller,4,1,3,0.25,44.0,115.5,0.38095238095238093,0.75,1.0,0.75,0.0,0.0,98.25,51.75,2.25,0.6666666666666667,0.0,0.38562091503267976,0.25,0.38095238095238093,165.1,170.18,1991-11-15,0.0
Jeremy Kimball,4,1,3,0.25,7.5,16.0,0.46875,0.25,1.25,0.2,0.0,0.0,21.5,10.25,0.5,0.5,0.3333333333333333,0.5319148936170213,0.25,0.46875,182.88,182.88,1991-01-03,0.0
Jordan Johnson,4,4,0,1.0,43.75,91.75,0.4768392370572207,2.75,6.5,0.4230769230769231,1.0,0.0,334.25,33.5,0.75,-2.6666666666666665,1.0,0.4533333333333333,1.0,0.4768392370572207,187.96,200.66,1988-11-18,0.0
Ozzy Diaz,4,1,3,0.25,38.25,74.25,0.5151515151515151,0.0,0.75,0.0,0.0,0.0,15.75,46.75,0.75,1.0,0.3333333333333333,0.5052631578947369,0.25,0.5151515151515151,,,,
Charles Byrd,4,1,3,0.25,15.25,27.0,0.5648148148148148,0.5,1.75,0.2857142857142857,0.25,0.25,128.25,16.5,0.75,0.33333333333333337,0.0,0.5319148936170213,0.25,0.5648148148148148,177.8,185.42,1983-10-11,0.0
Devin Powell,4,1,3,0.25,33.75,81.0,0.4166666666666667,0.0,1.25,0.0,0.5,0.25,36.75,43.0,1.75,1.0,0.3333333333333333,0.46311475409836067,0.25,0.4166666666666667,182.88,185.42,1988-03-01,0.0
Djorden Santos,4,1,3,0.25,81.0,205.0,0.3951219512195122,0.25,1.25,0.2,0.0,0.0,40.5,95.25,1.25,0.8,0.3333333333333333,0.4063157894736842,0.25,0.3951219512195122,,,,
Shane Nelson,4,2,2,0.5,15.75,50.75,0.3103448275862069,1.0,5.5,0.18181818181818182,1.25,0.0,140.5,32.5,2.75,0.6363636363636364,0.3333333333333333,0.30994152046783624,0.5,0.3103448275862069,175.26,177.8,1984-11-29,1.0
Viviane Pereira,4,2,2,0.5,40.5,135.0,0.3,0.25,0.25,1.0,0.25,0.0,86.25,67.25,1.75,0.8571428571428572,0.3333333333333333,0.309255079006772,0.5,0.3,154.94,160.02,1993-08-28,0.0
Emil Meek,4,1,3,0.25,37.75,95.75,0.39425587467362927,0.25,0.75,0.3333333333333333,1.0,0.0,130.25,38.0,10.0,0.975,0.0,0.404,0.25,0.39425587467362927,180.34,187.96,1988-08-20,0.0
Ryan Janes,4,2,2,0.5,81.75,169.5,0.4823008849557522,0.25,0.25,1.0,0.0,0.25,93.75,58.75,3.0,0.9166666666666666,0.3333333333333333,0.5280172413793104,0.5,0.4823008849557522,190.5,193.04,1981-08-22,0.0
SuYoung You,4,3,1,0.75,30.25,58.0,0.521551724137931,2.75,7.25,0.3793103448275862,0.25,0.0,232.25,27.25,0.25,-10.0,0.6666666666666666,0.5448275862068965,0.75,0.521551724137931,,,,
Mana Martinez,4,2,2,0.5,66.25,136.0,0.48713235294117646,0.75,1.75,0.42857142857142855,0.25,0.25,30.0,76.25,2.75,0.7272727272727273,0.3333333333333333,0.4806201550387597,0.5,0.48713235294117646,177.8,177.8,1996-03-25,0.0
Saparbeg Safarov,4,1,3,0.25,30.0,62.25,0.4819277108433735,1.25,3.0,0.4166666666666667,0.0,0.0,184.0,22.0,0.75,-0.6666666666666667,0.3333333333333333,0.7033898305084746,0.25,0.4819277108433735,185.42,198.12,1986-10-14,0.0
Jose Ochoa,4,2,2,0.5,64.75,137.75,0.47005444646098005,0.25,1.0,0.25,0.75,0.0,43.5,37.5,7.25,0.9655172413793104,0.6666666666666666,0.5318066157760815,0.5,0.47005444646098005,,,,
Jenel Lausa,4,1,3,0.25,19.5,46.0,0.42391304347826086,0.5,0.75,0.6666666666666666,0.75,0.0,40.25,47.75,6.75,0.9259259259259259,0.0,0.29333333333333333,0.25,0.42391304347826086,165.1,172.72,1988-08-01,0.0
Will Campuzano,4,0,4,0.0,30.75,85.5,0.35964912280701755,1.25,2.75,0.45454545454545453,0.25,0.5,130.75,56.75,6.75,0.8148148148148149,0.0,0.36769759450171824,0.0,0.35964912280701755,175.26,177.8,1986-05-27,0.0
Josh Grispi,4,0,4,0.0,10.0,26.75,0.37383177570093457,1.75,4.0,0.4375,1.0,0.0,120.0,47.5,1.0,-0.75,0.0,0.375,0.0,0.37383177570093457,180.34,187.96,1988-10-14,0.0
Chance Rencountre,4,2,2,0.5,12.25,59.75,0.20502092050209206,1.0,3.75,0.26666666666666666,0.25,0.0,204.25,40.25,1.5,0.33333333333333337,0.6666666666666666,0.28448275862068967,0.5,0.20502092050209206,187.96,190.5,1986-12-31,1.0
Mark Godbeer,4,2,2,0.5,31.0,57.5,0.5391304347826087,0.0,0.5,0.0,0.0,0.25,73.25,25.75,1.75,1.0,0.6666666666666666,0.54337899543379,0.5,0.5391304347826087,193.04,195.58,1983-11-22,0.0
Diyar Nurgozhay,4,2,2,0.5,41.5,65.75,0.6311787072243346,0.75,1.0,0.75,0.0,0.25,40.75,20.75,2.5,0.7,0.6666666666666666,0.6651785714285714,0.5,0.6311787072243346,,,,
Josh Quinlan,4,1,3,0.25,36.25,89.0,0.40730337078651685,0.25,2.25,0.1111111111111111,0.0,0.0,13.75,70.0,1.5,0.8333333333333334,0.0,0.4127906976744186,0.25,0.40730337078651685,182.88,182.88,1993-02-06,0.0
Tony Fryklund,4,2,2,0.5,17.25,29.25,0.5897435897435898,0.25,0.5,0.5,0.5,0.0,104.5,5.5,0.75,0.6666666666666667,0.6666666666666666,0.5948275862068966,0.5,0.5897435897435898,182.88,,1971-03-26,0.0
Justin Eilers,4,1,3,0.25,5.0,16.25,0.3076923076923077,0.0,0.5,0.0,0.0,0.0,28.75,17.25,0.0,0.0,0.0,0.2857142857142857,0.25,0.3076923076923077,185.42,,1978-06-28,0.0
Scott Smith,4,1,3,0.25,16.5,48.75,0.3384615384615385,0.0,0.75,0.0,0.5,0.0,69.5,29.0,3.0,1.0,0.3333333333333333,0.3333333333333333,0.25,0.3384615384615385,182.88,177.8,1979-05-21,0.0
Stewart Nicoll,4,0,4,0.0,32.0,86.0,0.37209302325581395,2.0,8.75,0.22857142857142856,0.0,0.0,119.25,51.25,3.0,0.33333333333333337,0.0,0.3669724770642202,0.0,0.37209302325581395,,,,
Mitch Raposo,4,2,2,0.5,27.25,64.25,0.42412451361867703,1.75,5.5,0.3181818181818182,0.0,0.0,90.75,43.25,6.0,0.7083333333333333,0.6666666666666666,0.425414364640884,0.5,0.42412451361867703,,,,
Diego Rivas,4,2,2,0.5,17.25,42.75,0.40350877192982454,1.5,2.5,0.6,0.75,1.0,155.5,27.0,3.5,0.5714285714285714,0.3333333333333333,0.4122137404580153,0.5,0.40350877192982454,172.72,175.26,1991-11-11,0.0
Nurullo Aliev,4,4,0,1.0,29.5,71.0,0.4154929577464789,3.5,6.0,0.5833333333333334,0.5,0.5,528.25,25.0,2.5,-0.3999999999999999,1.0,0.41422594142259417,1.0,0.4154929577464789,177.8,182.88,2000-12-08,0.0
Kevin Casey,4,1,3,0.25,24.0,52.0,0.46153846153846156,0.25,2.0,0.125,0.5,0.25,179.0,42.25,1.75,0.8571428571428572,0.3333333333333333,0.44086021505376344,0.25,0.46153846153846156,180.34,195.58,1981-06-15,1.0
Stephanie Luciano,4,3,1,0.75,58.5,149.25,0.39195979899497485,1.25,2.0,0.625,0.5,0.0,86.0,41.5,4.5,0.7222222222222222,0.6666666666666666,0.38388625592417064,0.75,0.39195979899497485,,,,
Abubakar Nurmagomedov,4,2,2,0.5,33.25,62.5,0.532,1.0,4.5,0.2222222222222222,0.0,0.0,304.75,31.25,2.25,0.5555555555555556,0.6666666666666666,0.5352697095435685,0.5,0.532,180.34,182.88,1989-11-13,0.0
Khadis Ibragimov,4,0,4,0.0,41.0,82.25,0.49848024316109424,0.75,2.5,0.3,0.25,0.25,171.75,49.25,5.25,0.8571428571428572,0.0,0.4691358024691358,0.0,0.49848024316109424,190.5,198.12,1995-05-21,0.0
Loik Radzhabov,4,2,2,0.5,35.0,78.75,0.4444444444444444,3.75,6.5,0.5769230769230769,0.0,0.0,161.25,45.5,3.5,-0.0714285714285714,0.3333333333333333,0.43478260869565216,0.5,0.4444444444444444,180.34,175.26,1990-09-17,0.0
Liana Jojua,4,1,3,0.25,21.25,70.5,0.30141843971631205,1.0,1.5,0.6666666666666666,0.75,0.0,71.25,46.75,0.5,-1.0,0.3333333333333333,0.27848101265822783,0.25,0.30141843971631205,162.56,157.48,1995-03-22,0.0
Chris Kelades,4,2,2,0.5,34.75,79.5,0.4371069182389937,1.0,5.5,0.18181818181818182,0.25,0.25,171.5,38.25,6.5,0.8461538461538461,0.3333333333333333,0.38197424892703863,0.5,0.4371069182389937,170.18,172.72,1981-02-21,0.0
Karl Williams,4,3,1,0.75,44.25,92.0,0.48097826086956524,4.5,10.0,0.45,0.25,0.0,389.5,40.0,0.25,-17.0,0.6666666666666666,0.4483870967741935,0.75,0.48097826086956524,190.5,200.66,1990-01-06,0.0
Gabriel Santos,4,2,2,0.5,55.75,92.0,0.6059782608695652,3.25,6.0,0.5416666666666666,1.0,0.0,276.25,55.25,2.0,-0.625,0.6666666666666666,0.6260162601626016,0.5,0.6059782608695652,175.26,177.8,1996-11-28,0.0
Richie Vaculik,4,1,3,0.25,41.5,88.75,0.4676056338028169,2.25,5.0,0.45,0.75,0.5,134.5,46.0,4.75,0.5263157894736843,0.3333333333333333,0.47126436781609193,0.25,0.4676056338028169,167.64,175.26,1983-06-19,0.0
Matt Dwyer,4,1,3,0.25,22.0,64.25,0.3424124513618677,0.25,2.5,0.1,0.0,0.0,48.0,27.75,1.25,0.8,0.3333333333333333,0.350597609561753,0.25,0.3424124513618677,193.04,193.04,1989-12-17,0.0
Josh Hokit,4,4,0,1.0,77.25,121.0,0.6384297520661157,0.75,1.5,0.5,0.25,0.0,127.5,46.0,2.25,0.6666666666666667,1.0,0.6423982869379015,1.0,0.6384297520661157,,,,
Mizuki,4,3,1,0.75,66.75,126.5,0.5276679841897233,0.75,2.25,0.3333333333333333,0.0,0.25,277.0,69.75,6.5,0.8846153846153846,0.6666666666666666,0.5761589403973509,0.75,0.5276679841897233,160.02,165.1,1994-08-19,0.0
Alden Coria,4,4,0,1.0,51.75,123.0,0.42073170731707316,2.0,3.25,0.6153846153846154,1.0,0.75,158.75,25.5,5.0,0.6,1.0,0.4156171284634761,1.0,0.42073170731707316,,,,
Jason Dent,4,1,3,0.25,22.25,56.75,0.3920704845814978,0.0,0.0,0.0,1.0,0.25,11.5,41.0,4.75,1.0,0.3333333333333333,0.3469387755102041,0.25,0.3920704845814978,177.8,180.34,1980-06-12,0.0
Alptekin Ozkilic,4,1,3,0.25,47.5,147.0,0.3231292517006803,3.5,6.0,0.5833333333333334,0.0,0.0,187.0,71.25,4.0,0.125,0.0,0.3453389830508475,0.25,0.3231292517006803,165.1,165.1,1986-03-27,0.0
Jon Delos Reyes,4,1,3,0.25,17.5,45.5,0.38461538461538464,1.25,1.5,0.8333333333333334,0.75,0.25,126.5,24.25,2.25,0.4444444444444444,0.3333333333333333,0.39869281045751637,0.25,0.38461538461538464,167.64,170.18,1987-08-19,0.0
Trevor Prangley,4,2,2,0.5,27.75,47.0,0.5904255319148937,3.5,5.5,0.6363636363636364,1.0,0.0,396.0,19.25,6.75,0.4814814814814815,0.3333333333333333,0.5823529411764706,0.5,0.5904255319148937,185.42,190.5,1972-08-24,0.0
Toshiomi Kazama,4,1,3,0.25,5.25,11.5,0.45652173913043476,0.5,3.0,0.16666666666666666,0.5,0.5,66.0,29.75,0.0,0.0,0.3333333333333333,0.4722222222222222,0.25,0.45652173913043476,170.18,175.26,1997-05-15,0.0
Mike Rio,4,1,3,0.25,12.25,31.0,0.3951612903225806,1.25,4.5,0.2777777777777778,0.5,0.0,107.75,21.75,0.5,-1.5,0.0,0.3333333333333333,0.25,0.3951612903225806,177.8,177.8,1981-07-06,0.0
Isaac Vallie-Flagg,4,1,3,0.25,71.0,154.75,0.4588045234248788,0.25,2.0,0.125,0.0,0.0,135.25,84.25,2.5,0.9,0.0,0.5239294710327456,0.25,0.4588045234248788,172.72,177.8,1978-04-08,0.0
Mounir Lazzez,4,2,2,0.5,62.5,113.0,0.5530973451327433,1.0,1.75,0.5714285714285714,0.0,0.0,99.0,45.25,1.75,0.4285714285714286,0.3333333333333333,0.5527272727272727,0.5,0.5530973451327433,185.42,193.04,1987-11-16,0.0
Viktoriia Dudakova,4,2,2,0.5,34.75,76.0,0.45723684210526316,1.5,5.0,0.3,0.0,0.25,114.75,40.25,1.25,-0.19999999999999996,0.3333333333333333,0.4641638225255973,0.5,0.45723684210526316,165.1,170.18,1999-01-26,0.0
Miranda Granger,4,1,3,0.25,27.75,59.0,0.4703389830508475,0.0,0.0,0.0,0.0,0.25,53.0,25.5,2.25,1.0,0.0,0.5376344086021505,0.25,0.4703389830508475,170.18,172.72,1992-04-13,0.0
Caolan Loughran,4,2,2,0.5,71.0,166.25,0.4270676691729323,3.0,8.75,0.34285714285714286,0.0,0.0,283.25,78.0,2.0,-0.5,0.6666666666666666,0.4427767354596623,0.5,0.4270676691729323,167.64,172.72,1996-05-18,0.0
Carmelo Marrero,4,1,3,0.25,6.75,20.75,0.3253012048192771,1.5,3.75,0.4,0.0,0.0,151.0,16.0,2.5,0.4,0.0,0.21153846153846154,0.25,0.3253012048192771,182.88,185.42,1981-01-26,0.0
Scott Ferrozzo,4,2,2,0.5,24.75,37.5,0.66,1.0,1.75,0.5714285714285714,0.5,0.0,0.0,10.0,0.25,-3.0,0.6666666666666666,0.6521739130434783,0.5,0.66,180.34,,1965-04-26,0.0
Kazuki Tokudome,4,1,3,0.25,29.75,72.25,0.4117647058823529,1.75,4.5,0.3888888888888889,0.0,0.0,326.0,47.75,4.75,0.631578947368421,0.0,0.4056603773584906,0.25,0.4117647058823529,180.34,185.42,1987-03-04,1.0
Bobby Voelker,4,0,4,0.0,47.75,137.75,0.3466424682395644,1.0,2.0,0.5,0.0,0.5,119.25,72.25,5.0,0.8,0.0,0.2872340425531915,0.0,0.3466424682395644,182.88,187.96,1979-04-26,0.0
Kazula Vargas,4,1,3,0.25,34.5,64.0,0.5390625,0.25,1.0,0.25,0.25,0.5,109.5,16.75,2.5,0.9,0.3333333333333333,0.5514018691588785,0.25,0.5390625,172.72,180.34,1985-08-15,1.0
Jamal Pogues,4,2,2,0.5,50.75,110.5,0.4592760180995475,1.25,3.25,0.38461538461538464,0.0,0.0,107.5,58.5,2.25,0.4444444444444444,0.3333333333333333,0.44502617801047123,0.5,0.4592760180995475,190.5,195.58,1995-12-01,0.0
Mairon Santos,4,4,0,1.0,39.0,81.0,0.48148148148148145,0.0,0.5,0.0,0.0,0.0,42.0,26.25,3.25,1.0,1.0,0.48638132295719844,1.0,0.48148148148148145,,,,
Seth Petruzelli,4,0,4,0.0,16.5,40.0,0.4125,0.25,0.5,0.5,1.25,0.0,23.75,17.0,5.25,0.9523809523809523,0.0,0.4019607843137255,0.0,0.4125,182.88,193.04,1979-12-03,0.0
Tuco Tokkos,4,1,3,0.25,25.0,59.75,0.41841004184100417,2.0,6.0,0.3333333333333333,0.5,0.0,189.0,34.75,1.5,-0.33333333333333326,0.3333333333333333,0.4127659574468085,0.25,0.41841004184100417,,,,
Tor Troeng,4,1,3,0.25,14.0,30.0,0.4666666666666667,0.5,6.5,0.07692307692307693,0.25,0.75,240.5,39.25,2.25,0.7777777777777778,0.0,0.45871559633027525,0.25,0.4666666666666667,187.96,,1983-01-25,0.0
Yanal Ashmouz,4,2,2,0.5,33.25,65.5,0.5076335877862596,2.5,6.5,0.38461538461538464,0.0,0.25,157.75,55.25,7.0,0.6428571428571428,0.3333333333333333,0.48760330578512395,0.5,0.5076335877862596,175.26,172.72,1995-03-31,0.0
Hunter Azure,4,2,2,0.5,47.5,96.5,0.49222797927461137,1.25,3.75,0.3333333333333333,0.25,0.5,193.5,29.25,8.5,0.8529411764705882,0.3333333333333333,0.5559701492537313,0.5,0.49222797927461137,172.72,175.26,1992-03-02,0.0
Jay Hieron,4,0,4,0.0,11.75,41.0,0.2865853658536585,2.25,4.25,0.5294117647058824,0.75,0.0,111.25,19.5,1.25,-0.8,0.0,0.2709677419354839,0.0,0.2865853658536585,182.88,190.5,1976-07-29,0.0
Rory Singer,4,2,2,0.5,24.25,61.25,0.39591836734693875,0.25,1.0,0.25,0.5,0.0,38.75,23.0,4.25,0.9411764705882353,0.3333333333333333,0.3941908713692946,0.5,0.39591836734693875,187.96,195.58,1976-05-28,0.0
Jose Johnson,4,1,3,0.25,21.0,38.75,0.5419354838709678,0.5,0.75,0.6666666666666666,0.5,0.5,92.75,16.5,6.25,0.92,0.3333333333333333,0.5314685314685315,0.25,0.5419354838709678,182.88,180.34,1995-05-20,0.0
Darrius Flowers,4,1,3,0.25,28.25,56.0,0.5044642857142857,1.0,2.25,0.4444444444444444,0.25,0.25,39.25,48.25,4.25,0.7647058823529411,0.3333333333333333,0.48125,0.25,0.5044642857142857,175.26,180.34,1994-08-25,0.0
Tiago dos Santos e Silva,4,2,2,0.5,44.25,124.25,0.3561368209255533,0.5,4.5,0.1111111111111111,0.25,0.5,155.25,50.75,1.5,0.6666666666666667,0.3333333333333333,0.344311377245509,0.5,0.3561368209255533,175.26,177.8,1987-04-12,0.0
Akbarh Arreola,4,1,3,0.25,24.25,53.5,0.4532710280373832,0.75,0.75,1.0,0.25,0.0,43.5,42.0,1.5,0.5,0.3333333333333333,0.475177304964539,0.25,0.4532710280373832,177.8,180.34,1983-01-14,1.0
Ivan Jorge,4,2,2,0.5,41.0,83.0,0.4939759036144578,1.25,7.75,0.16129032258064516,0.5,0.25,244.5,35.0,1.0,-0.25,0.3333333333333333,0.39915966386554624,0.5,0.4939759036144578,175.26,185.42,1980-11-07,0.0
Chris Dempsey,4,1,3,0.25,12.75,39.25,0.3248407643312102,1.0,4.25,0.23529411764705882,0.0,0.0,99.0,16.0,1.5,0.33333333333333337,0.3333333333333333,0.32894736842105265,0.25,0.3248407643312102,177.8,182.88,1987-09-08,0.0
Keith Hackney,4,2,2,0.5,11.75,20.25,0.5802469135802469,0.0,0.0,0.0,0.25,0.0,0.0,4.75,1.5,1.0,0.3333333333333333,0.41935483870967744,0.5,0.5802469135802469,180.34,,,0.0
Felipe Bunes,4,1,3,0.25,33.0,71.5,0.46153846153846156,0.75,3.0,0.25,1.0,0.0,91.5,47.5,2.5,0.7,0.3333333333333333,0.4205128205128205,0.25,0.46153846153846156,,,,
Igor Araujo,4,2,2,0.5,20.0,47.5,0.42105263157894735,0.75,4.75,0.15789473684210525,0.5,0.5,246.25,37.5,2.25,0.6666666666666667,0.3333333333333333,0.4244604316546763,0.5,0.42105263157894735,185.42,195.58,1980-12-06,0.0
Hailey Cowan,4,0,4,0.0,27.5,67.25,0.40892193308550184,1.25,3.75,0.3333333333333333,0.0,0.0,202.5,34.25,0.25,-4.0,0.0,0.3949579831932773,0.0,0.40892193308550184,172.72,170.18,1992-02-12,1.0
Zarrukh Adashev,4,1,3,0.25,28.75,71.25,0.40350877192982454,0.0,1.25,0.0,0.25,0.0,11.75,24.0,0.25,1.0,0.3333333333333333,0.4050179211469534,0.25,0.40350877192982454,165.1,165.1,1992-07-29,1.0
Ivana Petrovic,4,1,3,0.25,27.0,65.75,0.41064638783269963,2.0,5.25,0.38095238095238093,0.75,1.0,305.0,29.0,4.5,0.5555555555555556,0.3333333333333333,0.42786069651741293,0.25,0.41064638783269963,172.72,177.8,1994-06-11,1.0
Westin Wilson,4,1,3,0.25,3.75,11.75,0.3191489361702128,0.25,1.5,0.16666666666666666,1.25,0.0,9.75,16.0,0.75,0.6666666666666667,0.3333333333333333,0.28205128205128205,0.25,0.3191489361702128,185.42,185.42,1989-01-24,1.0
Daniel Barez,4,1,3,0.25,57.75,121.25,0.4762886597938144,0.5,2.0,0.25,0.0,0.0,36.5,87.25,3.0,0.8333333333333334,0.3333333333333333,0.46813186813186813,0.25,0.4762886597938144,167.64,167.64,1988-12-10,0.0
Eddie Gordon,4,1,3,0.25,19.75,60.5,0.32644628099173556,1.25,1.5,0.8333333333333334,0.0,0.25,202.75,25.0,5.5,0.7727272727272727,0.0,0.285,0.25,0.32644628099173556,182.88,193.04,1983-07-22,0.0
Yorgan De Castro,4,1,3,0.25,19.5,48.0,0.40625,0.0,0.25,0.0,0.0,0.0,53.25,37.25,0.25,1.0,0.0,0.4111111111111111,0.25,0.40625,182.88,187.96,1986-12-19,0.0
Zarah Fairn,4,0,4,0.0,42.75,135.75,0.3149171270718232,0.0,0.5,0.0,0.0,0.25,8.75,69.5,1.25,1.0,0.0,0.3141263940520446,0.0,0.3149171270718232,172.72,182.88,1983-12-10,0.0
Felipe Lima,4,3,1,0.75,57.5,120.0,0.4791666666666667,2.0,6.0,0.3333333333333333,0.5,0.0,114.25,39.0,2.5,0.19999999999999996,0.6666666666666666,0.47073170731707314,0.75,0.4791666666666667,,,,
Jessamyn Duke,4,1,3,0.25,57.25,107.75,0.531322505800464,1.0,2.75,0.36363636363636365,1.5,0.5,74.75,52.5,1.0,0.0,0.0,0.43089430894308944,0.25,0.531322505800464,180.34,185.42,1986-06-24,0.0
Edimilson Souza,4,3,1,0.75,38.75,87.0,0.4454022988505747,0.0,0.0,0.0,0.0,0.0,32.25,24.25,2.5,1.0,0.6666666666666666,0.4858490566037736,0.75,0.4454022988505747,182.88,187.96,1984-10-17,0.0
Viscardi Andrade,4,3,1,0.75,38.0,89.5,0.4245810055865922,1.5,3.0,0.5,0.25,0.0,148.0,32.25,2.25,0.33333333333333337,0.6666666666666666,0.4117647058823529,0.75,0.4245810055865922,180.34,190.5,1984-03-08,0.0
Tainara Lisboa,4,2,2,0.5,27.0,61.0,0.4426229508196721,1.5,4.75,0.3157894736842105,0.25,0.0,170.75,38.75,3.75,0.6,0.3333333333333333,0.40993788819875776,0.5,0.4426229508196721,170.18,170.18,1991-03-02,0.0
Kay Hansen,4,1,3,0.25,43.25,85.75,0.5043731778425656,1.75,7.75,0.22580645161290322,0.75,0.0,217.5,45.75,2.0,0.125,0.0,0.4930555555555556,0.25,0.5043731778425656,157.48,160.02,1999-08-14,0.0
William Macario,4,1,3,0.25,50.0,91.0,0.5494505494505495,1.25,2.75,0.45454545454545453,0.0,0.0,86.75,40.25,3.5,0.6428571428571428,0.3333333333333333,0.5374592833876222,0.25,0.5494505494505495,180.34,190.5,1991-07-01,0.0
Clay Collard,4,1,3,0.25,62.0,192.5,0.3220779220779221,2.75,7.0,0.39285714285714285,0.5,0.25,170.75,73.5,1.75,-0.5714285714285714,0.3333333333333333,0.3172905525846702,0.25,0.3220779220779221,180.34,185.42,1993-03-10,0.0
Billy Ray Goff,4,1,3,0.25,45.5,98.5,0.4619289340101523,0.25,5.5,0.045454545454545456,0.0,0.0,119.0,61.75,1.0,0.75,0.0,0.459546925566343,0.25,0.4619289340101523,,,,
Brendan O'Reilly,4,1,3,0.25,22.5,47.5,0.47368421052631576,1.75,4.0,0.4375,0.5,0.75,231.25,32.75,2.75,0.36363636363636365,0.3333333333333333,0.5357142857142857,0.25,0.47368421052631576,170.18,175.26,1987-06-24,0.0
Tom Niinimaki,4,1,3,0.25,14.5,26.5,0.5471698113207547,1.5,3.25,0.46153846153846156,0.25,0.25,191.75,17.5,1.5,0.0,0.0,0.5189873417721519,0.25,0.5471698113207547,175.26,175.26,1982-07-25,0.0
Yao Zhikui,4,1,3,0.25,16.5,76.25,0.21639344262295082,0.5,3.0,0.16666666666666666,0.0,0.5,98.25,32.25,3.0,0.8333333333333334,0.3333333333333333,0.1638655462184874,0.25,0.21639344262295082,165.1,162.56,1991-02-07,0.0
Irina Alekseeva,4,1,3,0.25,33.75,88.25,0.38243626062322944,0.25,1.25,0.2,0.25,0.0,38.25,49.5,1.5,0.8333333333333334,0.0,0.3786407766990291,0.25,0.38243626062322944,172.72,170.18,1990-06-27,0.0
Elizabeth Phillips,4,1,3,0.25,39.0,114.75,0.33986928104575165,0.75,3.0,0.25,0.25,0.75,345.0,46.0,3.75,0.8,0.3333333333333333,0.4708994708994709,0.25,0.33986928104575165,167.64,165.1,1986-08-20,0.0
Guangyou Ning,4,2,2,0.5,36.5,87.75,0.41595441595441596,1.0,2.0,0.5,0.25,0.0,178.5,26.25,2.0,0.5,0.3333333333333333,0.4423076923076923,0.5,0.41595441595441596,162.56,162.56,1981-12-15,1.0
Isaac Dulgarian,4,2,2,0.5,24.5,38.5,0.6363636363636364,2.5,5.0,0.5,1.0,0.0,347.0,13.5,0.0,0.0,0.3333333333333333,0.6237623762376238,0.5,0.6363636363636364,170.18,180.34,1996-07-04,0.0
Vanessa Melo,4,1,3,0.25,52.25,169.75,0.3078055964653903,0.0,0.75,0.0,0.0,0.0,6.25,92.0,3.5,1.0,0.3333333333333333,0.32867132867132864,0.25,0.3078055964653903,165.1,165.1,1988-03-27,0.0
Rolando Bedoya,4,0,4,0.0,93.5,195.5,0.4782608695652174,0.0,1.75,0.0,0.25,0.0,29.5,82.5,5.0,1.0,0.0,0.39267015706806285,0.0,0.4782608695652174,180.34,187.96,1997-01-13,0.0
Shinsho Anzai,4,2,2,0.5,26.5,45.5,0.5824175824175825,1.0,6.25,0.16,0.0,0.0,184.25,30.75,1.0,0.0,0.6666666666666666,0.5514705882352942,0.5,0.5824175824175825,170.18,177.8,1985-12-01,0.0
Josh Sampo,4,1,3,0.25,21.25,58.25,0.3648068669527897,0.75,2.25,0.3333333333333333,1.5,0.25,107.25,31.5,2.5,0.7,0.0,0.33727810650887574,0.25,0.3648068669527897,162.56,162.56,1984-07-24,0.0
Alberto Mina,4,3,1,0.75,32.75,84.0,0.3898809523809524,1.25,6.0,0.20833333333333334,0.0,0.25,62.5,37.5,2.0,0.375,0.6666666666666666,0.3489208633093525,0.75,0.3898809523809524,182.88,195.58,1982-05-02,0.0
Axel Sola,4,3,1,0.75,38.0,74.25,0.5117845117845118,1.0,2.75,0.36363636363636365,0.25,0.0,112.25,37.75,0.75,-0.33333333333333326,0.6666666666666666,0.5572916666666666,0.75,0.5117845117845118,,,,
Rei Tsuruya,4,3,1,0.75,26.25,52.5,0.5,2.5,9.0,0.2777777777777778,0.5,0.0,245.75,19.0,0.5,-4.0,0.6666666666666666,0.4943820224719101,0.75,0.5,,,,
Santiago Luna,4,3,1,0.75,42.5,83.0,0.5120481927710844,1.25,2.0,0.625,0.5,0.25,92.75,25.5,2.0,0.375,0.6666666666666666,0.5308219178082192,0.75,0.5120481927710844,,,,
Colton Smith,4,1,3,0.25,13.5,32.5,0.4153846153846154,2.25,6.25,0.36,0.75,0.0,237.0,19.0,1.0,-1.25,0.0,0.3482142857142857,0.25,0.4153846153846154,182.88,180.34,1987-08-14,0.0
Cody Pfister,4,1,3,0.25,15.0,57.75,0.2597402597402597,2.0,6.5,0.3076923076923077,0.0,0.5,244.5,29.75,1.25,-0.6000000000000001,0.3333333333333333,0.24120603015075376,0.25,0.2597402597402597,177.8,185.42,1990-07-12,0.0
Iwo Baraniewski,4,3,1,0.75,26.25,47.0,0.5585106382978723,0.25,1.25,0.2,0.0,0.0,72.75,23.0,1.5,0.8333333333333334,0.6666666666666666,0.532051282051282,0.75,0.5585106382978723,,,,
Jackson McVey,4,2,2,0.5,29.75,48.75,0.6102564102564103,0.0,0.25,0.0,0.25,0.25,72.0,16.5,1.25,1.0,0.6666666666666666,0.6388888888888888,0.5,0.6102564102564103,,,,
Aleksandra Albu,4,2,2,0.5,47.75,101.25,0.47160493827160493,1.5,3.0,0.5,0.25,0.0,95.0,55.0,4.5,0.6666666666666667,0.3333333333333333,0.43440233236151604,0.5,0.47160493827160493,157.48,160.02,1990-07-14,0.0
Ravena Oliveira,4,0,4,0.0,18.0,58.0,0.3103448275862069,0.5,1.0,0.5,0.0,0.0,85.0,37.75,4.25,0.8823529411764706,0.0,0.2835820895522388,0.0,0.3103448275862069,,,,
Charlie Campbell,4,3,1,0.75,38.75,71.5,0.541958041958042,1.0,2.75,0.36363636363636365,0.0,0.25,90.75,25.25,2.0,0.5,0.6666666666666666,0.5233644859813084,0.75,0.541958041958042,182.88,182.88,1995-07-03,0.0
Antonio Trocoli,4,0,4,0.0,9.5,21.0,0.4523809523809524,0.25,5.25,0.047619047619047616,0.0,0.0,149.5,40.5,1.5,0.8333333333333334,0.0,0.44,0.0,0.4523809523809524,,,,
Yosdenis Cedeno,4,1,3,0.25,20.5,68.5,0.29927007299270075,0.0,0.5,0.0,0.25,1.25,87.5,20.0,4.0,1.0,0.3333333333333333,0.2931937172774869,0.25,0.29927007299270075,172.72,175.26,1985-02-12,0.0
Ivan Erslan,4,1,3,0.25,30.5,62.25,0.4899598393574297,0.75,2.0,0.375,0.0,0.25,234.0,55.25,6.75,0.8888888888888888,0.3333333333333333,0.46111111111111114,0.25,0.4899598393574297,,,,
Keith Wisniewski,4,0,4,0.0,31.25,61.75,0.5060728744939271,1.5,3.5,0.42857142857142855,0.25,0.25,214.25,69.5,3.25,0.5384615384615384,0.0,0.5362318840579711,0.0,0.5060728744939271,182.88,,1981-10-25,0.0
Leonardo Mafra,4,1,3,0.25,40.25,83.0,0.48493975903614456,1.25,1.5,0.8333333333333334,0.25,0.0,102.75,38.75,3.25,0.6153846153846154,0.3333333333333333,0.5099601593625498,0.25,0.48493975903614456,177.8,177.8,1989-04-25,0.0
Fredy Serrano,4,2,2,0.5,16.75,62.5,0.268,2.0,8.0,0.25,0.0,0.0,87.75,20.0,3.25,0.3846153846153846,0.3333333333333333,0.3092105263157895,0.5,0.268,160.02,165.1,1979-09-22,0.0
MarQuel Mederos,4,4,0,1.0,71.75,121.25,0.5917525773195876,0.0,2.5,0.0,0.0,0.5,109.5,54.0,6.0,1.0,1.0,0.6696165191740413,1.0,0.5917525773195876,,,,
Vik Grujic,4,1,3,0.25,21.25,44.0,0.48295454545454547,0.75,2.25,0.3333333333333333,0.25,0.0,129.75,32.25,3.75,0.8,0.3333333333333333,0.5625,0.25,0.48295454545454547,180.34,185.42,1977-02-06,0.0
Felipe dos Santos,4,1,3,0.25,56.25,142.75,0.39404553415061294,0.0,4.0,0.0,0.5,0.0,39.0,57.0,5.0,1.0,0.3333333333333333,0.47191011235955055,0.25,0.39404553415061294,170.18,177.8,2000-09-11,0.0
Marcelo Guimaraes,4,2,2,0.5,52.75,101.5,0.5197044334975369,1.5,10.75,0.13953488372093023,0.0,0.0,233.75,49.75,0.25,-5.0,0.3333333333333333,0.47896440129449835,0.5,0.5197044334975369,182.88,185.42,1983-06-25,0.0
Tamires Vidal,4,1,3,0.25,31.5,59.0,0.5338983050847458,0.0,1.25,0.0,0.5,0.0,79.5,48.25,3.5,1.0,0.0,0.5265700483091788,0.25,0.5338983050847458,167.64,172.72,1998-07-27,0.0
Lucas Alexander,4,1,3,0.25,32.75,57.0,0.5745614035087719,0.0,0.5,0.0,0.0,0.25,47.0,20.0,3.75,1.0,0.3333333333333333,0.5752212389380531,0.25,0.5745614035087719,180.34,185.42,1995-07-28,0.0
Josefine Knutsson,4,3,1,0.75,78.0,138.75,0.5621621621621622,1.5,2.0,0.75,0.0,0.25,354.5,29.0,4.25,0.6470588235294117,0.6666666666666666,0.5409836065573771,0.75,0.5621621621621622,160.02,152.4,1996-01-16,0.0
Cristian Quinonez,4,2,2,0.5,24.75,54.75,0.4520547945205479,2.25,4.25,0.5294117647058824,0.5,0.0,155.25,24.75,3.75,0.4,0.3333333333333333,0.46511627906976744,0.5,0.4520547945205479,172.72,177.8,1996-04-26,0.0
Alex Da Silva,4,1,3,0.25,28.5,61.5,0.4634146341463415,1.75,4.0,0.4375,0.25,0.25,415.75,33.5,3.25,0.46153846153846156,0.3333333333333333,0.4669603524229075,0.25,0.4634146341463415,172.72,185.42,1996-02-04,0.0
Gabriel Miranda,4,1,3,0.25,12.75,29.0,0.4396551724137931,1.25,3.25,0.38461538461538464,0.5,0.0,51.0,23.75,0.75,-0.6666666666666667,0.3333333333333333,0.3924050632911392,0.25,0.4396551724137931,180.34,180.34,1990-03-25,0.0
Mark Eddiva,4,1,3,0.25,34.75,76.0,0.45723684210526316,1.0,4.5,0.2222222222222222,0.0,0.0,193.0,30.75,5.5,0.8181818181818181,0.0,0.4166666666666667,0.25,0.45723684210526316,172.72,172.72,1986-02-16,0.0
Chris Clements,4,2,2,0.5,31.75,63.75,0.4980392156862745,0.0,0.5,0.0,0.25,0.0,34.5,23.5,4.0,1.0,0.3333333333333333,0.44696969696969696,0.5,0.4980392156862745,177.8,177.8,1976-02-09,0.0
Alen Amedovski,4,0,4,0.0,5.0,16.5,0.30303030303030304,0.0,0.0,0.0,0.0,0.25,3.25,19.5,1.25,1.0,0.0,0.2857142857142857,0.0,0.30303030303030304,177.8,187.96,1988-04-06,0.0
Marcio Cruz,4,2,2,0.5,20.75,45.0,0.46111111111111114,0.25,3.5,0.07142857142857142,0.75,0.0,91.25,10.75,2.0,0.875,0.3333333333333333,0.46710526315789475,0.5,0.46111111111111114,193.04,,1978-04-24,0.0
Shanna Young,4,1,3,0.25,35.0,76.25,0.45901639344262296,0.0,0.25,0.0,0.5,0.25,25.5,56.5,6.25,1.0,0.3333333333333333,0.42735042735042733,0.25,0.45901639344262296,170.18,165.1,1991-02-20,0.0
Noad Lahat,4,2,2,0.5,26.5,56.5,0.4690265486725664,1.5,5.75,0.2608695652173913,1.5,1.0,174.0,14.0,1.5,0.0,0.6666666666666666,0.46568627450980393,0.5,0.4690265486725664,175.26,175.26,1984-06-08,0.0
Nate Mohr,4,1,3,0.25,31.5,75.25,0.4186046511627907,0.25,0.5,0.5,0.0,0.0,30.25,20.75,1.75,0.8571428571428572,0.3333333333333333,0.41379310344827586,0.25,0.4186046511627907,175.26,182.88,1983-03-03,0.0
Jarno Errens,4,1,3,0.25,40.25,90.5,0.4447513812154696,0.0,1.75,0.0,0.25,0.0,30.75,40.25,2.25,1.0,0.3333333333333333,0.4563106796116505,0.25,0.4447513812154696,180.34,185.42,1994-11-17,0.0
Cristiano Marcello,4,1,3,0.25,42.5,126.75,0.33530571992110453,0.5,4.25,0.11764705882352941,0.25,0.0,66.0,52.5,1.5,0.6666666666666667,0.3333333333333333,0.31414868105515587,0.25,0.33530571992110453,175.26,182.88,1977-12-03,0.0
Justin McCully,4,2,2,0.5,18.5,48.75,0.37948717948717947,1.0,2.25,0.4444444444444444,0.0,0.25,308.25,23.75,4.0,0.75,0.3333333333333333,0.3419354838709677,0.5,0.37948717948717947,185.42,185.42,1976-02-18,0.0
Anton Turkalj,4,0,4,0.0,24.25,59.5,0.40756302521008403,1.25,5.75,0.21739130434782608,0.0,0.25,74.5,36.5,3.0,0.5833333333333333,0.0,0.4050632911392405,0.0,0.40756302521008403,193.04,198.12,1996-06-10,0.0
Rafael Estevam,4,3,1,0.75,26.5,82.0,0.3231707317073171,4.75,14.5,0.3275862068965517,0.25,0.0,441.75,61.75,1.5,-2.1666666666666665,0.6666666666666666,0.3087719298245614,0.75,0.3231707317073171,,,,
Gasan Umalatov,4,1,3,0.25,33.5,84.25,0.39762611275964393,0.75,4.25,0.17647058823529413,0.0,0.0,106.25,61.5,7.5,0.9,0.3333333333333333,0.3831417624521073,0.25,0.39762611275964393,180.34,180.34,1982-09-11,0.0
Claudio Ribeiro,4,1,3,0.25,23.0,44.75,0.5139664804469274,0.25,0.5,0.5,0.0,0.0,70.5,32.75,1.5,0.8333333333333334,0.3333333333333333,0.49324324324324326,0.25,0.5139664804469274,185.42,195.58,1992-07-17,0.0
Askar Askarov,4,3,1,0.75,49.75,90.25,0.5512465373961218,2.25,10.5,0.21428571428571427,0.5,0.25,292.5,44.0,3.5,0.3571428571428571,0.6666666666666666,0.5971563981042654,0.75,0.5512465373961218,167.64,170.18,1992-10-09,0.0
Kuniyoshi Hironaka,4,1,3,0.25,16.5,37.75,0.4370860927152318,2.0,6.25,0.32,0.75,0.0,206.25,32.5,1.5,-0.33333333333333326,0.3333333333333333,0.4626865671641791,0.25,0.4370860927152318,177.8,177.8,1976-06-17,0.0
Renee Forte,4,1,3,0.25,23.5,73.0,0.3219178082191781,1.75,3.0,0.5833333333333334,0.0,0.0,243.75,24.0,4.5,0.6111111111111112,0.3333333333333333,0.3148148148148148,0.25,0.3219178082191781,170.18,180.34,1987-03-27,0.0
Kevin Jousset,4,2,2,0.5,72.0,139.5,0.5161290322580645,0.5,1.25,0.4,0.25,0.0,35.75,70.75,1.0,0.5,0.3333333333333333,0.518,0.5,0.5161290322580645,187.96,190.5,1993-05-02,0.0
Jeka Saragih,4,1,3,0.25,6.0,11.5,0.5217391304347826,0.25,0.5,0.5,0.0,0.0,16.75,13.75,2.25,0.8888888888888888,0.3333333333333333,0.47619047619047616,0.25,0.5217391304347826,172.72,175.26,1995-01-01,0.0
Yizha,4,1,3,0.25,36.5,73.0,0.5,2.0,7.0,0.2857142857142857,0.0,0.0,146.0,37.25,2.25,0.11111111111111116,0.3333333333333333,0.5213675213675214,0.25,0.5,,,,
Willie Gates,4,1,3,0.25,16.75,43.0,0.38953488372093026,0.0,0.0,0.0,0.25,0.0,100.0,39.75,7.0,1.0,0.3333333333333333,0.4639175257731959,0.25,0.38953488372093026,172.72,182.88,1987-01-21,0.0
Mallory Martin,4,1,3,0.25,29.0,71.25,0.4070175438596491,0.5,2.0,0.25,0.25,0.0,103.75,48.5,1.0,0.5,0.3333333333333333,0.4196078431372549,0.25,0.4070175438596491,162.56,160.02,1994-01-29,0.0
Mike Wilkinson,4,2,2,0.5,19.25,50.25,0.38308457711442784,0.5,3.5,0.14285714285714285,0.5,0.25,108.25,30.25,2.25,0.7777777777777778,0.3333333333333333,0.5476190476190477,0.5,0.38308457711442784,170.18,167.64,1987-09-15,0.0
Frankie Perez,4,1,3,0.25,17.5,42.0,0.4166666666666667,1.25,3.0,0.4166666666666667,0.25,0.0,110.0,23.25,6.5,0.8076923076923077,0.3333333333333333,0.4186046511627907,0.25,0.4166666666666667,180.34,185.42,1989-05-11,0.0
Patrick Williams,4,1,3,0.25,28.5,55.25,0.5158371040723982,1.25,3.0,0.4166666666666667,0.25,0.0,32.5,28.5,0.25,-4.0,0.3333333333333333,0.5376344086021505,0.25,0.5158371040723982,172.72,185.42,1981-09-07,0.0
Seo Hee Ham,4,1,3,0.25,63.0,158.75,0.3968503937007874,0.0,2.0,0.0,0.25,0.25,58.75,77.25,2.25,1.0,0.3333333333333333,0.3702290076335878,0.25,0.3968503937007874,157.48,157.48,1987-03-08,1.0
Andreas Michailidis,4,1,3,0.25,29.25,56.75,0.5154185022026432,0.75,2.75,0.2727272727272727,0.0,0.25,101.5,36.0,2.5,0.7,0.3333333333333333,0.5193370165745856,0.25,0.5154185022026432,182.88,193.04,1988-07-18,0.0
Louie Sutherland,4,1,3,0.25,9.0,13.0,0.6923076923076923,1.5,3.75,0.4,0.0,0.5,189.0,9.75,0.75,-1.0,0.3333333333333333,0.7021276595744681,0.25,0.6923076923076923,,,,
Aaron Phillips,4,0,4,0.0,19.75,37.0,0.5337837837837838,0.75,1.5,0.5,0.5,0.25,108.5,48.0,6.25,0.88,0.0,0.5648148148148148,0.0,0.5337837837837838,175.26,180.34,1989-08-05,1.0
Cody Donovan,4,1,3,0.25,25.25,42.75,0.5906432748538012,0.5,1.75,0.2857142857142857,0.5,0.0,60.0,24.5,0.25,-1.0,0.0,0.5694444444444444,0.25,0.5906432748538012,190.5,187.96,1981-02-20,0.0
Phil Harris,4,1,3,0.25,24.25,92.75,0.261455525606469,1.25,5.25,0.23809523809523808,0.0,0.0,61.0,33.25,1.25,0.0,0.3333333333333333,0.2770700636942675,0.25,0.261455525606469,162.56,165.1,1983-09-04,0.0
JeongYeong Lee,4,2,2,0.5,36.5,74.75,0.4882943143812709,0.5,0.75,0.6666666666666666,0.0,0.0,80.75,43.75,10.5,0.9523809523809523,0.3333333333333333,0.5,0.5,0.4882943143812709,177.8,185.42,1995-11-13,0.0
Azat Maksum,4,1,3,0.25,41.25,149.75,0.27545909849749584,3.5,11.0,0.3181818181818182,0.25,0.25,138.5,63.75,3.5,0.0,0.0,0.29024390243902437,0.25,0.27545909849749584,170.18,177.8,1995-02-02,1.0
Aleksa Camur,4,1,3,0.25,66.75,119.75,0.55741127348643,0.5,2.25,0.2222222222222222,0.0,0.0,96.75,68.25,2.5,0.8,0.0,0.5955414012738853,0.25,0.55741127348643,185.42,187.96,1995-09-25,0.0
Luan Lacerda,4,1,3,0.25,48.5,113.0,0.42920353982300885,2.25,5.75,0.391304347826087,0.5,0.25,168.0,73.5,1.5,-0.5,0.3333333333333333,0.42066420664206644,0.25,0.42920353982300885,170.18,180.34,1993-01-07,0.0
Sultan Aliev,4,2,2,0.5,15.0,32.75,0.4580152671755725,1.25,3.25,0.38461538461538464,0.0,0.25,261.5,23.5,1.5,0.16666666666666663,0.6666666666666666,0.4444444444444444,0.5,0.4580152671755725,180.34,187.96,1984-09-17,0.0
Dequan Townsend,4,0,4,0.0,15.0,43.0,0.3488372093023256,0.0,0.0,0.0,0.0,0.0,6.0,48.0,3.75,1.0,0.0,0.33098591549295775,0.0,0.3488372093023256,190.5,200.66,1986-05-11,0.0
Danny Martinez,4,1,3,0.25,48.25,152.0,0.31743421052631576,3.5,7.0,0.5,0.0,0.25,249.5,57.0,7.0,0.5,0.3333333333333333,0.321285140562249,0.25,0.31743421052631576,167.64,170.18,1985-06-14,0.0
Harry Hunsucker,3,0,3,0.0,3.0,6.333333333333333,0.47368421052631576,0.0,0.3333333333333333,0.0,0.3333333333333333,0.0,0.0,8.333333333333334,0.0,0.0,0.0,0.47368421052631576,0.0,0.47368421052631576,187.96,190.5,1989-01-03,0.0
Fabio Cherant,3,0,3,0.0,9.333333333333334,21.666666666666668,0.4307692307692308,0.0,0.0,0.0,0.0,0.0,7.333333333333333,27.666666666666668,1.0,1.0,0.0,0.4307692307692308,0.0,0.4307692307692308,185.42,187.96,1994-11-25,1.0
Irwin Rivera,3,1,2,0.3333333333333333,50.333333333333336,114.33333333333333,0.4402332361516035,1.0,6.0,0.16666666666666666,0.0,0.3333333333333333,27.666666666666668,76.0,3.3333333333333335,0.7,0.3333333333333333,0.4402332361516035,0.3333333333333333,0.4402332361516035,167.64,170.18,1989-02-14,1.0
Colby Thicknesse,3,2,1,0.6666666666666666,48.666666666666664,118.33333333333333,0.4112676056338028,0.6666666666666666,9.333333333333334,0.07142857142857142,1.6666666666666667,0.3333333333333333,215.33333333333334,44.0,2.0,0.6666666666666667,0.6666666666666666,0.4112676056338028,0.6666666666666666,0.4112676056338028,,,,
Bia Mesquita,3,3,0,1.0,19.0,33.333333333333336,0.57,1.0,1.3333333333333333,0.75,1.0,0.0,137.0,5.333333333333333,0.3333333333333333,-2.0,1.0,0.57,1.0,0.57,,,,
Jake Rosholt,3,1,2,0.3333333333333333,9.333333333333334,19.333333333333332,0.4827586206896552,2.3333333333333335,3.3333333333333335,0.7,0.6666666666666666,0.0,98.33333333333333,6.333333333333333,0.6666666666666666,-2.5,0.3333333333333333,0.4827586206896552,0.3333333333333333,0.4827586206896552,185.42,,1982-02-09,0.0
Jesse Forbes,3,0,3,0.0,14.666666666666666,63.333333333333336,0.23157894736842105,0.3333333333333333,0.6666666666666666,0.5,0.3333333333333333,0.0,34.0,22.666666666666668,3.3333333333333335,0.9,0.0,0.23157894736842105,0.0,0.23157894736842105,187.96,190.5,1984-10-24,1.0
Alice Pereira,3,1,2,0.3333333333333333,35.333333333333336,101.66666666666667,0.3475409836065574,0.0,2.0,0.0,0.0,0.0,13.666666666666666,40.333333333333336,4.333333333333333,1.0,0.3333333333333333,0.3475409836065574,0.3333333333333333,0.3475409836065574,,,,
Donte Johnson,3,3,0,1.0,22.0,51.666666666666664,0.4258064516129032,1.0,1.0,1.0,0.3333333333333333,0.3333333333333333,132.0,14.0,4.333333333333333,0.7692307692307692,1.0,0.4258064516129032,1.0,0.4258064516129032,,,,
Kevin Croom,3,0,3,0.0,26.0,79.0,0.3291139240506329,0.3333333333333333,5.666666666666667,0.058823529411764705,0.0,0.3333333333333333,166.33333333333334,31.666666666666668,3.0,0.8888888888888888,0.0,0.3291139240506329,0.0,0.3291139240506329,180.34,185.42,1987-07-15,0.0
Christian Aguilera,3,1,2,0.3333333333333333,9.0,24.0,0.375,0.0,0.3333333333333333,0.0,0.0,0.0,10.666666666666666,14.333333333333334,1.6666666666666667,1.0,0.3333333333333333,0.375,0.3333333333333333,0.375,175.26,182.88,1991-11-25,0.0
Matt Veach,3,1,2,0.3333333333333333,7.666666666666667,26.666666666666668,0.2875,1.6666666666666667,4.333333333333333,0.38461538461538464,0.6666666666666666,0.0,117.0,33.666666666666664,1.0,-0.6666666666666667,0.3333333333333333,0.2875,0.3333333333333333,0.2875,180.34,,1981-05-31,0.0
James McSweeney,3,1,2,0.3333333333333333,37.666666666666664,68.33333333333333,0.551219512195122,0.3333333333333333,1.0,0.3333333333333333,0.6666666666666666,0.6666666666666666,168.33333333333334,41.333333333333336,1.3333333333333333,0.75,0.3333333333333333,0.551219512195122,0.3333333333333333,0.551219512195122,193.04,195.58,1980-10-24,0.0
Charles McCarthy,3,1,2,0.3333333333333333,1.0,8.333333333333334,0.12,1.0,1.6666666666666667,0.6,1.0,0.0,88.0,22.666666666666668,0.0,0.0,0.3333333333333333,0.12,0.3333333333333333,0.12,177.8,180.34,1980-08-06,0.0
Ronnie Lawrence,3,2,1,0.6666666666666666,46.0,78.66666666666667,0.5847457627118644,5.0,6.0,0.8333333333333334,0.0,0.3333333333333333,320.6666666666667,28.666666666666668,6.0,0.16666666666666663,0.6666666666666666,0.5847457627118644,0.6666666666666666,0.5847457627118644,172.72,172.72,1992-06-13,0.0
Brok Weaver,3,1,2,0.3333333333333333,25.0,45.666666666666664,0.5474452554744526,0.3333333333333333,2.0,0.16666666666666666,0.3333333333333333,0.3333333333333333,56.0,40.333333333333336,2.0,0.8333333333333334,0.3333333333333333,0.5474452554744526,0.3333333333333333,0.5474452554744526,182.88,185.42,1991-12-05,1.0
Marwan Rahiki,3,2,1,0.6666666666666666,63.666666666666664,127.33333333333333,0.5,0.3333333333333333,0.6666666666666666,0.5,0.0,0.0,35.333333333333336,54.333333333333336,2.0,0.8333333333333334,0.6666666666666666,0.5,0.6666666666666666,0.5,,,,
Jason Von Flue,3,1,2,0.3333333333333333,15.0,42.333333333333336,0.3543307086614173,0.6666666666666666,3.6666666666666665,0.18181818181818182,1.0,0.3333333333333333,162.33333333333334,20.666666666666668,3.3333333333333335,0.8,0.3333333333333333,0.3543307086614173,0.3333333333333333,0.3543307086614173,182.88,,1975-08-01,0.0
Paul Daley,3,2,1,0.6666666666666666,15.333333333333334,37.0,0.4144144144144144,0.0,0.0,0.0,0.0,0.0,1.6666666666666667,11.666666666666666,2.6666666666666665,1.0,0.6666666666666666,0.4144144144144144,0.6666666666666666,0.4144144144144144,175.26,193.04,1983-02-21,0.0
Luis Saldana,3,2,1,0.6666666666666666,65.66666666666667,138.66666666666666,0.4735576923076923,0.6666666666666666,3.3333333333333335,0.2,0.3333333333333333,0.3333333333333333,84.33333333333333,57.333333333333336,3.0,0.7777777777777778,0.6666666666666666,0.4735576923076923,0.6666666666666666,0.4735576923076923,180.34,185.42,1991-01-27,0.0
Benardo Sopaj,3,2,1,0.6666666666666666,54.333333333333336,93.66666666666667,0.5800711743772242,2.0,3.3333333333333335,0.6,0.6666666666666666,0.0,177.33333333333334,58.0,4.333333333333333,0.5384615384615384,0.6666666666666666,0.5800711743772242,0.6666666666666666,0.5800711743772242,,,,
Jonathan Micallef,3,3,0,1.0,53.0,121.0,0.4380165289256198,0.6666666666666666,1.6666666666666667,0.4,0.3333333333333333,0.3333333333333333,103.33333333333333,48.666666666666664,2.3333333333333335,0.7142857142857143,1.0,0.4380165289256198,1.0,0.4380165289256198,,,,
Jesse Lennox,3,1,2,0.3333333333333333,32.0,120.66666666666667,0.26519337016574585,1.0,1.6666666666666667,0.6,0.3333333333333333,0.0,89.66666666666667,46.333333333333336,3.3333333333333335,0.7,0.3333333333333333,0.26519337016574585,0.3333333333333333,0.26519337016574585,175.26,182.88,1982-03-10,0.0
Brad Imes,3,0,3,0.0,39.666666666666664,124.33333333333333,0.3190348525469169,1.6666666666666667,2.3333333333333335,0.7142857142857143,1.0,0.3333333333333333,129.66666666666666,61.666666666666664,0.3333333333333333,-4.0,0.0,0.3190348525469169,0.0,0.3190348525469169,200.66,,1977-03-13,0.0
Wulijiburen,3,0,3,0.0,21.666666666666668,50.666666666666664,0.4276315789473684,3.0,7.0,0.42857142857142855,0.3333333333333333,0.6666666666666666,208.33333333333334,39.333333333333336,2.3333333333333335,-0.2857142857142858,0.0,0.4276315789473684,0.0,0.4276315789473684,,,,
Assuerio Silva,3,0,3,0.0,19.333333333333332,40.0,0.48333333333333334,2.3333333333333335,6.0,0.3888888888888889,0.0,0.0,177.66666666666666,52.333333333333336,0.0,0.0,0.0,0.48333333333333334,0.0,0.48333333333333334,177.8,,1974-06-18,0.0
Brando Pericic,3,3,0,1.0,45.666666666666664,79.33333333333333,0.5756302521008403,0.0,0.0,0.0,0.0,0.0,16.0,17.666666666666668,2.3333333333333335,1.0,1.0,0.5756302521008403,1.0,0.5756302521008403,,,,
Marcelo Rojo,3,0,3,0.0,53.333333333333336,134.66666666666666,0.39603960396039606,0.3333333333333333,0.6666666666666666,0.5,0.0,0.0,19.333333333333332,69.66666666666667,4.0,0.9166666666666666,0.0,0.39603960396039606,0.0,0.39603960396039606,172.72,180.34,1988-07-02,0.0
Hamdy Abdelwahab,3,2,1,0.6666666666666666,66.0,116.33333333333333,0.5673352435530086,3.3333333333333335,5.333333333333333,0.625,0.0,0.0,235.66666666666666,57.666666666666664,1.6666666666666667,-1.0,0.6666666666666666,0.5673352435530086,0.6666666666666666,0.5673352435530086,187.96,182.88,1993-01-22,1.0
Melissa Croden,3,2,1,0.6666666666666666,63.333333333333336,134.0,0.472636815920398,2.0,4.0,0.5,0.3333333333333333,0.3333333333333333,220.33333333333334,31.666666666666668,5.0,0.6,0.6666666666666666,0.472636815920398,0.6666666666666666,0.472636815920398,,,,
Rob MacDonald,3,1,2,0.3333333333333333,5.0,10.0,0.5,1.3333333333333333,1.6666666666666667,0.8,1.0,0.0,62.666666666666664,5.666666666666667,1.6666666666666667,0.19999999999999996,0.3333333333333333,0.5,0.3333333333333333,0.5,190.5,198.12,1978-09-05,0.0
Elijah Smith,3,3,0,1.0,31.0,56.666666666666664,0.5470588235294118,1.0,1.3333333333333333,0.75,0.6666666666666666,1.3333333333333333,165.66666666666666,14.333333333333334,4.333333333333333,0.7692307692307692,1.0,0.5470588235294118,1.0,0.5470588235294118,,,,
Antonio Arroyo,3,0,3,0.0,31.666666666666668,51.666666666666664,0.6129032258064516,0.3333333333333333,0.3333333333333333,1.0,0.0,0.3333333333333333,118.0,27.666666666666668,9.666666666666666,0.9655172413793104,0.0,0.6129032258064516,0.0,0.6129032258064516,190.5,185.42,1989-07-01,0.0
Cam Rowston,3,3,0,1.0,49.333333333333336,101.66666666666667,0.4852459016393443,1.0,2.3333333333333335,0.42857142857142855,0.0,0.0,256.6666666666667,17.666666666666668,0.3333333333333333,-2.0,1.0,0.4852459016393443,1.0,0.4852459016393443,,,,
Rodney Wallace,3,0,3,0.0,17.0,36.666666666666664,0.4636363636363636,6.0,11.0,0.5454545454545454,1.0,0.3333333333333333,226.33333333333334,51.666666666666664,2.3333333333333335,-1.5714285714285716,0.0,0.4636363636363636,0.0,0.4636363636363636,175.26,182.88,1981-11-21,0.0
Jason Miller,3,0,3,0.0,19.0,64.66666666666667,0.29381443298969073,0.6666666666666666,5.666666666666667,0.11764705882352941,0.6666666666666666,0.3333333333333333,83.66666666666667,65.0,4.0,0.8333333333333334,0.0,0.29381443298969073,0.0,0.29381443298969073,185.42,,1980-12-24,0.0
Yousri Belgaroui,3,3,0,1.0,80.66666666666667,125.0,0.6453333333333333,0.3333333333333333,0.3333333333333333,1.0,0.0,0.0,33.0,18.666666666666668,5.333333333333333,0.9375,1.0,0.6453333333333333,1.0,0.6453333333333333,,,,
Allen Crowder,3,1,2,0.3333333333333333,9.0,23.0,0.391304347826087,0.3333333333333333,1.0,0.3333333333333333,0.3333333333333333,0.0,47.666666666666664,18.333333333333332,0.0,0.0,0.3333333333333333,0.391304347826087,0.3333333333333333,0.391304347826087,190.5,193.04,1989-11-08,0.0
Danny Chavez,3,1,2,0.3333333333333333,30.333333333333332,77.33333333333333,0.3922413793103448,1.6666666666666667,1.6666666666666667,1.0,0.0,0.0,45.0,43.0,4.333333333333333,0.6153846153846154,0.3333333333333333,0.3922413793103448,0.3333333333333333,0.3922413793103448,172.72,170.18,1987-03-14,0.0
Josh Haynes,3,0,3,0.0,13.333333333333334,59.333333333333336,0.2247191011235955,0.6666666666666666,3.6666666666666665,0.18181818181818182,0.0,0.3333333333333333,82.0,43.0,2.3333333333333335,0.7142857142857143,0.0,0.2247191011235955,0.0,0.2247191011235955,175.26,,1977-07-30,0.0
Sergey Khandozhko,3,2,1,0.6666666666666666,44.666666666666664,108.33333333333333,0.4123076923076923,0.6666666666666666,2.3333333333333335,0.2857142857142857,0.0,0.0,38.666666666666664,31.0,6.0,0.8888888888888888,0.6666666666666666,0.4123076923076923,0.6666666666666666,0.4123076923076923,185.42,187.96,1992-05-19,0.0
Edwin DeWees,3,0,3,0.0,5.0,12.666666666666666,0.39473684210526316,0.6666666666666666,0.6666666666666666,1.0,1.0,0.0,39.0,22.0,0.0,0.0,0.0,0.39473684210526316,0.0,0.39473684210526316,185.42,,1982-08-07,0.0
Jason Reinhardt,3,0,3,0.0,1.3333333333333333,3.3333333333333335,0.4,0.3333333333333333,2.6666666666666665,0.125,0.0,0.0,26.333333333333332,10.666666666666666,0.6666666666666666,0.5,0.0,0.4,0.0,0.4,167.64,,1969-10-31,0.0
Bea Malecki,3,2,1,0.6666666666666666,61.333333333333336,133.33333333333334,0.46,0.0,0.0,0.0,0.6666666666666666,0.0,90.66666666666667,62.333333333333336,4.666666666666667,1.0,0.6666666666666666,0.46,0.6666666666666666,0.46,175.26,187.96,1991-08-23,0.0
Serhiy Sidey,3,2,1,0.6666666666666666,67.33333333333333,167.33333333333334,0.40239043824701193,1.6666666666666667,6.666666666666667,0.25,1.3333333333333333,0.3333333333333333,107.66666666666667,63.666666666666664,1.6666666666666667,0.0,0.6666666666666666,0.40239043824701193,0.6666666666666666,0.40239043824701193,,,,
Genki Sudo,3,2,1,0.6666666666666666,13.0,33.333333333333336,0.39,2.0,3.3333333333333335,0.6,2.3333333333333335,0.0,210.0,18.666666666666668,0.6666666666666666,-2.0,0.6666666666666666,0.39,0.6666666666666666,0.39,175.26,,1978-03-08,0.0
Matheus Camilo,3,2,1,0.6666666666666666,18.666666666666668,43.333333333333336,0.4307692307692308,2.3333333333333335,4.333333333333333,0.5384615384615384,0.3333333333333333,0.0,118.33333333333333,25.666666666666668,0.0,0.0,0.6666666666666666,0.4307692307692308,0.6666666666666666,0.4307692307692308,,,,
Alan Baudot,3,0,3,0.0,35.666666666666664,64.66666666666667,0.5515463917525774,0.0,0.0,0.0,0.0,0.0,42.333333333333336,33.666666666666664,4.333333333333333,1.0,0.0,0.5515463917525774,0.0,0.5515463917525774,190.5,200.66,1988-02-01,0.0
Jeff Curran,3,0,3,0.0,27.0,97.66666666666667,0.2764505119453925,0.0,2.3333333333333335,0.0,0.6666666666666666,0.6666666666666666,19.0,46.0,5.0,1.0,0.0,0.2764505119453925,0.0,0.2764505119453925,167.64,175.26,1977-09-02,0.0
JooSang Yoo,3,1,2,0.3333333333333333,27.666666666666668,64.0,0.4322916666666667,0.3333333333333333,1.3333333333333333,0.25,0.0,0.0,46.0,33.0,1.0,0.6666666666666667,0.3333333333333333,0.4322916666666667,0.3333333333333333,0.4322916666666667,,,,
Renato Verissimo,3,1,2,0.3333333333333333,11.0,23.333333333333332,0.4714285714285714,1.0,4.0,0.25,2.3333333333333335,0.6666666666666666,211.33333333333334,16.0,4.0,0.75,0.3333333333333333,0.4714285714285714,0.3333333333333333,0.4714285714285714,185.42,,1973-08-03,0.0
Matt Arroyo,3,1,2,0.3333333333333333,15.333333333333334,32.333333333333336,0.4742268041237113,1.3333333333333333,3.6666666666666665,0.36363636363636365,3.3333333333333335,0.0,104.0,19.0,0.6666666666666666,-1.0,0.3333333333333333,0.4742268041237113,0.3333333333333333,0.4742268041237113,177.8,182.88,1982-09-01,0.0
John Yannis,3,1,2,0.3333333333333333,25.333333333333332,51.333333333333336,0.4935064935064935,0.0,0.0,0.0,0.0,0.0,3.0,29.0,1.6666666666666667,1.0,0.3333333333333333,0.4935064935064935,0.3333333333333333,0.4935064935064935,,,,
Steven Asplund,3,2,1,0.6666666666666666,99.0,186.33333333333334,0.5313059033989267,0.0,0.3333333333333333,0.0,0.3333333333333333,0.0,99.66666666666667,67.66666666666667,1.6666666666666667,1.0,0.6666666666666666,0.5313059033989267,0.6666666666666666,0.5313059033989267,,,,
Dan Lauzon,3,0,3,0.0,11.666666666666666,40.666666666666664,0.28688524590163933,1.0,2.3333333333333335,0.42857142857142855,0.0,0.0,103.0,30.666666666666668,1.0,0.0,0.0,0.28688524590163933,0.0,0.28688524590163933,177.8,,1988-03-30,0.0
Rameau Thierry Sokoudjou,3,1,2,0.3333333333333333,20.0,50.666666666666664,0.39473684210526316,0.6666666666666666,1.6666666666666667,0.4,0.6666666666666666,0.0,8.333333333333334,22.666666666666668,0.0,0.0,0.3333333333333333,0.39473684210526316,0.3333333333333333,0.39473684210526316,177.8,198.12,1984-04-18,0.0
Rayanne dos Santos,3,0,3,0.0,73.0,168.33333333333334,0.43366336633663366,0.3333333333333333,3.3333333333333335,0.1,0.0,0.0,31.0,95.0,3.3333333333333335,0.9,0.0,0.43366336633663366,0.0,0.43366336633663366,,,,
Akihiro Gono,3,1,2,0.3333333333333333,30.0,57.0,0.5263157894736842,1.3333333333333333,1.6666666666666667,0.8,0.3333333333333333,0.3333333333333333,113.66666666666667,42.666666666666664,2.3333333333333335,0.4285714285714286,0.3333333333333333,0.5263157894736842,0.3333333333333333,0.5263157894736842,170.18,172.72,1974-10-07,0.0
Mark Weir,3,1,2,0.3333333333333333,8.333333333333334,13.0,0.6410256410256411,0.0,0.0,0.0,1.0,0.3333333333333333,54.0,8.666666666666666,1.3333333333333333,1.0,0.3333333333333333,0.6410256410256411,0.3333333333333333,0.6410256410256411,187.96,,1967-09-19,1.0
Corey Hill,3,1,2,0.3333333333333333,23.666666666666668,51.0,0.46405228758169936,1.3333333333333333,1.6666666666666667,0.8,0.0,0.0,166.33333333333334,10.666666666666666,3.3333333333333335,0.6,0.3333333333333333,0.46405228758169936,0.3333333333333333,0.46405228758169936,193.04,203.2,1978-10-03,0.0
Rizvan Kuniev,3,2,1,0.6666666666666666,51.333333333333336,107.0,0.4797507788161994,0.0,0.0,0.0,0.0,0.0,187.33333333333334,35.666666666666664,8.333333333333334,1.0,0.6666666666666666,0.4797507788161994,0.6666666666666666,0.4797507788161994,,,,
Zelim Imadaev,3,0,3,0.0,38.333333333333336,103.66666666666667,0.36977491961414793,0.3333333333333333,0.6666666666666666,0.5,0.0,0.0,121.66666666666667,57.333333333333336,6.666666666666667,0.95,0.0,0.36977491961414793,0.0,0.36977491961414793,182.88,193.04,1995-01-25,0.0
Tofiq Musayev,3,2,1,0.6666666666666666,27.333333333333332,62.666666666666664,0.43617021276595747,1.0,2.0,0.5,0.0,0.3333333333333333,181.66666666666666,26.666666666666668,2.3333333333333335,0.5714285714285714,0.6666666666666666,0.43617021276595747,0.6666666666666666,0.43617021276595747,,,,
Roque Martinez,3,0,3,0.0,43.0,80.0,0.5375,0.3333333333333333,0.6666666666666666,0.5,0.3333333333333333,0.0,143.66666666666666,64.33333333333333,4.333333333333333,0.9230769230769231,0.0,0.5375,0.0,0.5375,177.8,182.88,1986-03-04,0.0
Jeff Hughes,3,0,3,0.0,33.333333333333336,73.66666666666667,0.45248868778280543,0.0,0.3333333333333333,0.0,0.0,0.3333333333333333,40.333333333333336,39.666666666666664,2.3333333333333335,1.0,0.0,0.45248868778280543,0.0,0.45248868778280543,187.96,195.58,1988-05-17,0.0
Ben Askren,3,1,2,0.3333333333333333,21.0,42.666666666666664,0.4921875,1.6666666666666667,3.0,0.5555555555555556,0.3333333333333333,0.3333333333333333,77.66666666666667,32.666666666666664,0.3333333333333333,-4.0,0.3333333333333333,0.4921875,0.3333333333333333,0.4921875,180.34,185.42,1984-07-18,0.0
Seokhyeon Ko,3,2,1,0.6666666666666666,45.0,90.33333333333333,0.4981549815498155,3.3333333333333335,5.666666666666667,0.5882352941176471,0.3333333333333333,0.3333333333333333,504.0,22.0,2.0,-0.6666666666666667,0.6666666666666666,0.4981549815498155,0.6666666666666666,0.4981549815498155,,,,
Klidson Abreu,3,1,2,0.3333333333333333,30.333333333333332,76.33333333333333,0.39737991266375544,0.6666666666666666,3.3333333333333335,0.2,0.0,0.0,61.666666666666664,40.666666666666664,1.6666666666666667,0.6,0.3333333333333333,0.39737991266375544,0.3333333333333333,0.39737991266375544,182.88,187.96,1992-12-24,0.0
Kai Kamaka,3,1,2,0.3333333333333333,74.0,132.0,0.5606060606060606,2.3333333333333335,3.0,0.7777777777777778,0.3333333333333333,0.3333333333333333,226.66666666666666,82.33333333333333,4.0,0.41666666666666663,0.3333333333333333,0.5606060606060606,0.3333333333333333,0.5606060606060606,170.18,175.26,1995-01-05,0.0
Niklas Stolze,3,0,3,0.0,16.0,33.0,0.48484848484848486,0.3333333333333333,0.3333333333333333,1.0,0.3333333333333333,0.0,7.0,17.0,6.0,0.9444444444444444,0.0,0.48484848484848486,0.0,0.48484848484848486,185.42,187.96,1992-12-28,0.0
Wes Sims,3,0,3,0.0,6.333333333333333,9.333333333333334,0.6785714285714286,0.0,0.3333333333333333,0.0,1.0,0.0,21.0,15.0,3.0,1.0,0.0,0.6785714285714286,0.0,0.6785714285714286,208.28,,1979-08-04,0.0
Diego Saraiva,3,0,3,0.0,24.666666666666668,75.66666666666667,0.32599118942731276,1.3333333333333333,3.3333333333333335,0.4,0.6666666666666666,0.3333333333333333,160.0,53.666666666666664,1.0,-0.33333333333333326,0.0,0.32599118942731276,0.0,0.32599118942731276,167.64,,1982-04-23,0.0
Cole Smith,3,1,2,0.3333333333333333,26.666666666666668,75.33333333333333,0.35398230088495575,1.6666666666666667,5.0,0.3333333333333333,1.6666666666666667,0.0,396.3333333333333,29.333333333333332,3.6666666666666665,0.5454545454545454,0.3333333333333333,0.35398230088495575,0.3333333333333333,0.35398230088495575,180.34,170.18,1989-04-05,0.0
Callan Potter,3,1,2,0.3333333333333333,19.333333333333332,38.333333333333336,0.5043478260869565,1.3333333333333333,2.0,0.6666666666666666,0.0,0.3333333333333333,169.33333333333334,28.666666666666668,0.6666666666666666,-1.0,0.3333333333333333,0.5043478260869565,0.3333333333333333,0.5043478260869565,182.88,182.88,1984-06-09,0.0
Alexander Munoz,3,1,2,0.3333333333333333,53.666666666666664,141.33333333333334,0.37971698113207547,2.6666666666666665,8.0,0.3333333333333333,0.0,0.0,143.0,77.0,0.6666666666666666,-3.0,0.3333333333333333,0.37971698113207547,0.3333333333333333,0.37971698113207547,175.26,182.88,1990-02-27,0.0
Geraldo de Freitas,3,1,2,0.3333333333333333,55.0,105.33333333333333,0.5221518987341772,3.0,6.666666666666667,0.45,0.0,0.6666666666666666,174.66666666666666,39.333333333333336,9.0,0.6666666666666667,0.3333333333333333,0.5221518987341772,0.3333333333333333,0.5221518987341772,170.18,182.88,1991-09-30,0.0
Jordan Williams,3,0,3,0.0,21.666666666666668,61.0,0.3551912568306011,0.3333333333333333,1.6666666666666667,0.2,0.0,0.0,65.0,32.333333333333336,3.3333333333333335,0.9,0.0,0.3551912568306011,0.0,0.3551912568306011,185.42,190.5,1990-10-13,1.0
Per Eklund,3,1,2,0.3333333333333333,20.0,32.666666666666664,0.6122448979591837,1.3333333333333333,12.0,0.1111111111111111,2.3333333333333335,0.0,152.33333333333334,23.0,0.6666666666666666,-1.0,0.3333333333333333,0.6122448979591837,0.3333333333333333,0.6122448979591837,177.8,182.88,,0.0
Juan Espino,3,2,1,0.6666666666666666,14.666666666666666,20.666666666666668,0.7096774193548387,3.6666666666666665,4.666666666666667,0.7857142857142857,1.0,0.0,177.0,12.0,1.3333333333333333,-1.75,0.6666666666666666,0.7096774193548387,0.6666666666666666,0.7096774193548387,190.5,203.2,1980-10-09,
Denis Kang,3,1,2,0.3333333333333333,22.666666666666668,57.666666666666664,0.3930635838150289,2.6666666666666665,4.0,0.6666666666666666,0.6666666666666666,0.0,350.3333333333333,20.333333333333332,1.0,-1.6666666666666665,0.3333333333333333,0.3930635838150289,0.3333333333333333,0.3930635838150289,180.34,195.58,1977-09-17,0.0
Alex Karalexis,3,1,2,0.3333333333333333,14.0,46.0,0.30434782608695654,0.3333333333333333,1.6666666666666667,0.2,1.0,0.0,87.0,22.333333333333332,1.6666666666666667,0.8,0.3333333333333333,0.30434782608695654,0.3333333333333333,0.30434782608695654,172.72,167.64,1977-09-20,0.0
Guilherme Pat,3,1,2,0.3333333333333333,42.0,69.0,0.6086956521739131,0.0,0.0,0.0,0.0,0.0,71.33333333333333,42.333333333333336,2.0,1.0,0.3333333333333333,0.6086956521739131,0.3333333333333333,0.6086956521739131,,,,
Tristan Connelly,3,1,2,0.3333333333333333,49.666666666666664,97.33333333333333,0.5102739726027398,0.3333333333333333,2.3333333333333335,0.14285714285714285,0.3333333333333333,0.0,160.66666666666666,44.333333333333336,6.666666666666667,0.95,0.3333333333333333,0.5102739726027398,0.3333333333333333,0.5102739726027398,177.8,172.72,1985-12-12,0.0
Wes Schultz,3,1,2,0.3333333333333333,13.0,24.333333333333332,0.5342465753424658,0.3333333333333333,3.3333333333333335,0.1,2.0,0.3333333333333333,63.333333333333336,21.666666666666668,0.6666666666666666,0.5,0.3333333333333333,0.5342465753424658,0.3333333333333333,0.5342465753424658,,,,
Gideon Ray,3,0,3,0.0,7.0,17.333333333333332,0.40384615384615385,0.3333333333333333,0.3333333333333333,1.0,0.0,0.0,11.666666666666666,8.666666666666666,0.3333333333333333,0.0,0.0,0.40384615384615385,0.0,0.40384615384615385,177.8,,1973-05-27,1.0
Hector Aldana,3,0,3,0.0,38.666666666666664,100.66666666666667,0.3841059602649007,0.6666666666666666,0.6666666666666666,1.0,0.0,0.0,20.666666666666668,54.666666666666664,0.3333333333333333,-1.0,0.0,0.3841059602649007,0.0,0.3841059602649007,180.34,182.88,1988-08-17,0.0
Ryan Gandra,3,3,0,1.0,13.333333333333334,27.666666666666668,0.4819277108433735,0.0,0.0,0.0,0.0,0.0,2.6666666666666665,2.6666666666666665,0.0,0.0,1.0,0.4819277108433735,1.0,0.4819277108433735,,,,
Yuki Kondo,3,1,2,0.3333333333333333,12.0,20.333333333333332,0.5901639344262295,0.0,0.6666666666666666,0.0,0.0,0.6666666666666666,86.0,15.666666666666666,4.333333333333333,1.0,0.3333333333333333,0.5901639344262295,0.3333333333333333,0.5901639344262295,180.34,,1975-07-17,1.0
Timur Valiev,3,2,1,0.6666666666666666,68.0,138.66666666666666,0.49038461538461536,2.0,5.0,0.4,0.3333333333333333,0.0,281.3333333333333,49.0,2.3333333333333335,0.1428571428571429,0.6666666666666666,0.49038461538461536,0.6666666666666666,0.49038461538461536,167.64,170.18,1990-01-19,0.0
Lara Procopio,3,1,2,0.3333333333333333,80.66666666666667,137.66666666666666,0.585956416464891,3.0,6.333333333333333,0.47368421052631576,0.3333333333333333,0.0,298.3333333333333,93.0,0.6666666666666666,-3.5,0.3333333333333333,0.585956416464891,0.3333333333333333,0.585956416464891,162.56,170.18,1995-11-14,0.0
Carlo Pedersoli Jr.,3,1,2,0.3333333333333333,28.666666666666668,76.0,0.37719298245614036,1.3333333333333333,3.0,0.4444444444444444,0.0,0.0,35.0,28.333333333333332,0.0,0.0,0.3333333333333333,0.37719298245614036,0.3333333333333333,0.37719298245614036,180.34,190.5,1993-06-08,1.0
Ante Delija,3,1,2,0.3333333333333333,30.0,78.66666666666667,0.3813559322033898,0.0,0.3333333333333333,0.0,0.0,0.0,15.0,27.666666666666668,1.3333333333333333,1.0,0.3333333333333333,0.3813559322033898,0.3333333333333333,0.3813559322033898,,,,
Rolando Delgado,3,1,2,0.3333333333333333,13.333333333333334,33.333333333333336,0.4,0.6666666666666666,3.0,0.2222222222222222,2.0,0.3333333333333333,166.33333333333334,15.666666666666666,0.3333333333333333,-1.0,0.3333333333333333,0.4,0.3333333333333333,0.4,190.5,195.58,1981-11-22,0.0
Dan Moret,3,0,3,0.0,32.0,73.0,0.4383561643835616,1.0,3.6666666666666665,0.2727272727272727,0.3333333333333333,0.0,195.0,42.666666666666664,3.6666666666666665,0.7272727272727273,0.0,0.4383561643835616,0.0,0.4383561643835616,182.88,185.42,1986-11-21,1.0
Ronaldo Rodriguez,3,2,1,0.6666666666666666,43.333333333333336,96.33333333333333,0.44982698961937717,0.6666666666666666,2.3333333333333335,0.2857142857142857,0.3333333333333333,1.3333333333333333,262.3333333333333,53.666666666666664,3.0,0.7777777777777778,0.6666666666666666,0.44982698961937717,0.6666666666666666,0.44982698961937717,,,,
Mostapha Al-Turk,3,0,3,0.0,10.333333333333334,53.666666666666664,0.19254658385093168,0.0,3.0,0.0,0.0,0.0,33.0,27.333333333333332,1.0,1.0,0.0,0.19254658385093168,0.0,0.19254658385093168,187.96,195.58,1973-07-14,0.0
Gustavo Lopez,3,1,2,0.3333333333333333,21.0,50.333333333333336,0.41721854304635764,0.6666666666666666,1.3333333333333333,0.5,0.3333333333333333,0.0,22.666666666666668,43.666666666666664,6.0,0.8888888888888888,0.3333333333333333,0.41721854304635764,0.3333333333333333,0.41721854304635764,165.1,170.18,1989-06-27,0.0
Steve Bruno,3,1,2,0.3333333333333333,12.333333333333334,23.666666666666668,0.5211267605633803,1.6666666666666667,6.666666666666667,0.25,0.3333333333333333,0.0,130.0,43.666666666666664,4.333333333333333,0.6153846153846154,0.3333333333333333,0.5211267605633803,0.3333333333333333,0.5211267605633803,177.8,,1981-11-03,0.0
Gil Castillo,3,1,2,0.3333333333333333,9.0,20.0,0.45,3.3333333333333335,7.333333333333333,0.45454545454545453,0.0,0.0,493.6666666666667,33.333333333333336,1.3333333333333333,-1.5,0.3333333333333333,0.45,0.3333333333333333,0.45,175.26,,1965-10-21,1.0
David Bielkheden,3,1,2,0.3333333333333333,13.666666666666666,19.666666666666668,0.6949152542372882,2.3333333333333335,3.6666666666666665,0.6363636363636364,0.0,0.0,205.66666666666666,18.666666666666668,1.3333333333333333,-0.75,0.3333333333333333,0.6949152542372882,0.3333333333333333,0.6949152542372882,177.8,180.34,1979-06-06,0.0
Kanako Murata,3,1,2,0.3333333333333333,28.666666666666668,50.333333333333336,0.5695364238410596,3.0,5.333333333333333,0.5625,0.6666666666666666,0.0,441.6666666666667,32.0,0.3333333333333333,-8.0,0.3333333333333333,0.5695364238410596,0.3333333333333333,0.5695364238410596,154.94,157.48,1993-08-10,0.0
Luke Riley,3,3,0,1.0,52.333333333333336,89.0,0.5880149812734082,0.0,0.0,0.0,0.0,0.0,5.666666666666667,30.333333333333332,2.6666666666666665,1.0,1.0,0.5880149812734082,1.0,0.5880149812734082,,,,
Mike Kyle,3,2,1,0.6666666666666666,10.0,15.333333333333334,0.6521739130434783,0.3333333333333333,0.6666666666666666,0.5,0.3333333333333333,0.0,107.33333333333333,2.3333333333333335,0.6666666666666666,0.5,0.6666666666666666,0.6521739130434783,0.6666666666666666,0.6521739130434783,193.04,195.58,1980-03-31,0.0
Charlie Ontiveros,3,0,3,0.0,10.333333333333334,24.0,0.4305555555555556,0.0,0.0,0.0,0.0,0.0,2.6666666666666665,27.333333333333332,3.0,1.0,0.0,0.4305555555555556,0.0,0.4305555555555556,187.96,187.96,1991-07-04,0.0
Kevin Natividad,3,0,3,0.0,25.666666666666668,75.33333333333333,0.3407079646017699,2.3333333333333335,4.666666666666667,0.5,0.0,0.0,100.0,41.0,4.0,0.41666666666666663,0.0,0.3407079646017699,0.0,0.3407079646017699,167.64,177.8,1993-04-02,0.0
Ramon Taveras,3,1,2,0.3333333333333333,58.0,138.66666666666666,0.4182692307692308,0.0,1.3333333333333333,0.0,0.0,0.3333333333333333,35.0,97.0,3.6666666666666665,1.0,0.3333333333333333,0.4182692307692308,0.3333333333333333,0.4182692307692308,,,,
Jason Day,3,1,2,0.3333333333333333,14.0,26.666666666666668,0.525,0.0,0.0,0.0,0.0,0.0,1.0,12.666666666666666,1.0,1.0,0.3333333333333333,0.525,0.3333333333333333,0.525,182.88,182.88,1981-05-19,0.0
Baisangur Susurkaev,3,3,0,1.0,65.33333333333333,121.0,0.5399449035812672,1.6666666666666667,6.333333333333333,0.2631578947368421,0.6666666666666666,0.0,176.0,51.0,0.6666666666666666,-1.5,1.0,0.5399449035812672,1.0,0.5399449035812672,,,,
Raphael Pessoa,3,1,2,0.3333333333333333,19.333333333333332,71.66666666666667,0.26976744186046514,0.0,1.0,0.0,0.0,0.0,2.0,30.666666666666668,0.3333333333333333,1.0,0.3333333333333333,0.26976744186046514,0.3333333333333333,0.26976744186046514,190.5,198.12,1989-03-09,0.0
David Terrell,3,2,1,0.6666666666666666,6.333333333333333,10.0,0.6333333333333333,1.0,2.0,0.5,1.0,0.0,34.333333333333336,7.333333333333333,0.0,0.0,0.6666666666666666,0.6333333333333333,0.6666666666666666,0.6333333333333333,185.42,,1978-01-09,1.0
Eduardo Garagorri,3,1,2,0.3333333333333333,35.666666666666664,69.66666666666667,0.5119617224880383,0.3333333333333333,0.3333333333333333,1.0,0.0,0.0,47.333333333333336,24.666666666666668,11.333333333333334,0.9705882352941176,0.3333333333333333,0.5119617224880383,0.3333333333333333,0.5119617224880383,175.26,177.8,1989-05-28,0.0
Sasha Palatnikov,3,1,2,0.3333333333333333,46.333333333333336,87.33333333333333,0.5305343511450382,0.3333333333333333,0.3333333333333333,1.0,0.0,0.0,84.0,37.666666666666664,5.666666666666667,0.9411764705882353,0.3333333333333333,0.5305343511450382,0.3333333333333333,0.5305343511450382,185.42,182.88,1989-03-15,0.0
Abdul Rakhman Yakhyaev,3,3,0,1.0,6.333333333333333,11.0,0.5757575757575758,1.0,1.3333333333333333,0.75,0.6666666666666666,0.0,47.666666666666664,2.6666666666666665,0.0,0.0,1.0,0.5757575757575758,1.0,0.5757575757575758,,,,
Rory Markham,3,1,2,0.3333333333333333,3.6666666666666665,17.0,0.21568627450980393,0.0,0.0,0.0,0.0,0.0,0.3333333333333333,19.0,0.0,0.0,0.3333333333333333,0.21568627450980393,0.3333333333333333,0.21568627450980393,182.88,180.34,1982-03-25,0.0
Dale Hartt,3,1,2,0.3333333333333333,4.666666666666667,13.333333333333334,0.35,0.3333333333333333,0.3333333333333333,1.0,0.6666666666666666,0.0,12.0,6.333333333333333,1.3333333333333333,0.75,0.3333333333333333,0.35,0.3333333333333333,0.35,177.8,175.26,1979-04-04,0.0
Abu Azaitar,3,1,2,0.3333333333333333,65.66666666666667,151.0,0.434878587196468,1.0,2.6666666666666665,0.375,0.0,0.3333333333333333,117.0,64.66666666666667,2.3333333333333335,0.5714285714285714,0.3333333333333333,0.434878587196468,0.3333333333333333,0.434878587196468,175.26,193.04,1986-03-10,0.0
Gabe Ruediger,3,0,3,0.0,8.333333333333334,26.666666666666668,0.3125,0.6666666666666666,6.0,0.1111111111111111,0.0,0.0,65.66666666666667,25.333333333333332,2.3333333333333335,0.7142857142857143,0.0,0.3125,0.0,0.3125,177.8,,1977-08-29,0.0
Hu Yaozong,3,0,3,0.0,41.666666666666664,85.66666666666667,0.48638132295719844,0.0,0.3333333333333333,0.0,0.3333333333333333,0.0,116.33333333333333,63.333333333333336,4.0,1.0,0.0,0.48638132295719844,0.0,0.48638132295719844,190.5,182.88,1995-04-07,0.0
Jim Alers,3,1,2,0.3333333333333333,36.666666666666664,85.33333333333333,0.4296875,2.3333333333333335,5.666666666666667,0.4117647058823529,0.3333333333333333,0.0,227.33333333333334,58.666666666666664,3.3333333333333335,0.30000000000000004,0.3333333333333333,0.4296875,0.3333333333333333,0.4296875,175.26,180.34,1986-10-14,0.0
Jeff Molina,3,3,0,1.0,97.33333333333333,188.66666666666666,0.5159010600706714,0.0,0.3333333333333333,0.0,0.0,0.0,87.66666666666667,57.666666666666664,6.333333333333333,1.0,1.0,0.5159010600706714,1.0,0.5159010600706714,167.64,175.26,1997-07-17,0.0
Stanislav Nedkov,3,1,2,0.3333333333333333,24.0,45.666666666666664,0.5255474452554745,1.6666666666666667,2.6666666666666665,0.625,0.0,0.0,58.0,28.0,0.0,0.0,0.3333333333333333,0.5255474452554745,0.3333333333333333,0.5255474452554745,180.34,180.34,1981-12-09,0.0
Glaico Franca Moreira,3,1,2,0.3333333333333333,35.0,82.33333333333333,0.4251012145748988,2.6666666666666665,6.333333333333333,0.42105263157894735,0.3333333333333333,0.0,243.33333333333334,51.666666666666664,10.0,0.7333333333333334,0.3333333333333333,0.4251012145748988,0.3333333333333333,0.4251012145748988,182.88,195.58,1991-02-28,0.0
Issei Tamura,3,1,2,0.3333333333333333,10.333333333333334,19.333333333333332,0.5344827586206896,0.3333333333333333,1.3333333333333333,0.25,0.0,0.0,83.33333333333333,25.0,1.0,0.6666666666666667,0.3333333333333333,0.5344827586206896,0.3333333333333333,0.5344827586206896,165.1,160.02,1984-03-12,0.0
Brogan Walker,3,0,3,0.0,27.0,84.33333333333333,0.3201581027667984,1.0,1.3333333333333333,0.75,0.0,0.3333333333333333,105.0,48.666666666666664,3.0,0.6666666666666667,0.0,0.3201581027667984,0.0,0.3201581027667984,162.56,170.18,1988-08-02,0.0
Dominic Waters,3,0,3,0.0,5.333333333333333,23.0,0.2318840579710145,3.0,5.666666666666667,0.5294117647058824,0.0,0.0,271.3333333333333,28.0,2.3333333333333335,-0.2857142857142858,0.0,0.2318840579710145,0.0,0.2318840579710145,185.42,200.66,1989-04-11,0.0
Steve Bosse,3,2,1,0.6666666666666666,32.666666666666664,61.666666666666664,0.5297297297297298,0.3333333333333333,1.0,0.3333333333333333,0.0,0.0,54.666666666666664,29.333333333333332,1.0,0.6666666666666667,0.6666666666666666,0.5297297297297298,0.6666666666666666,0.5297297297297298,180.34,182.88,1981-07-29,0.0
Tony Sims,3,1,2,0.3333333333333333,12.666666666666666,20.0,0.6333333333333333,0.3333333333333333,0.6666666666666666,0.5,0.3333333333333333,0.0,33.333333333333336,5.333333333333333,4.0,0.9166666666666666,0.3333333333333333,0.6333333333333333,0.3333333333333333,0.6333333333333333,180.34,177.8,1985-10-14,1.0
Simeon Thoresen,3,1,2,0.3333333333333333,34.333333333333336,78.66666666666667,0.4364406779661017,0.6666666666666666,1.6666666666666667,0.4,1.0,0.3333333333333333,142.0,34.333333333333336,0.6666666666666666,0.0,0.3333333333333333,0.4364406779661017,0.3333333333333333,0.4364406779661017,185.42,200.66,1984-03-14,0.0
Lukasz Sajewski,3,0,3,0.0,20.333333333333332,56.666666666666664,0.3588235294117647,0.6666666666666666,2.6666666666666665,0.25,0.0,0.0,104.0,38.333333333333336,3.0,0.7777777777777778,0.0,0.3588235294117647,0.0,0.3588235294117647,172.72,180.34,1990-11-27,0.0
Marcus LeVesseur,3,1,2,0.3333333333333333,23.0,35.666666666666664,0.6448598130841121,2.3333333333333335,6.333333333333333,0.3684210526315789,0.3333333333333333,0.0,294.3333333333333,33.333333333333336,2.0,-0.16666666666666674,0.3333333333333333,0.6448598130841121,0.3333333333333333,0.6448598130841121,175.26,177.8,1982-07-17,1.0
Sean Sharaf,3,1,2,0.3333333333333333,40.666666666666664,92.33333333333333,0.4404332129963899,0.3333333333333333,3.0,0.1111111111111111,0.0,0.0,16.0,80.66666666666667,0.0,0.0,0.3333333333333333,0.4404332129963899,0.3333333333333333,0.4404332129963899,,,,
Jeremy Larsen,3,0,3,0.0,29.333333333333332,60.666666666666664,0.4835164835164835,1.0,3.0,0.3333333333333333,0.0,0.0,102.66666666666667,34.666666666666664,0.3333333333333333,-2.0,0.0,0.4835164835164835,0.0,0.4835164835164835,177.8,177.8,1984-05-18,0.0
Melissa Martinez,3,1,2,0.3333333333333333,53.666666666666664,114.0,0.47076023391812866,0.3333333333333333,0.6666666666666666,0.5,0.0,0.0,64.66666666666667,74.0,2.0,0.8333333333333334,0.3333333333333333,0.47076023391812866,0.3333333333333333,0.47076023391812866,157.48,167.64,1997-08-18,1.0
Justin Lawrence,3,1,2,0.3333333333333333,28.666666666666668,82.33333333333333,0.3481781376518219,0.6666666666666666,2.3333333333333335,0.2857142857142857,0.0,0.0,20.666666666666668,22.0,2.3333333333333335,0.7142857142857143,0.3333333333333333,0.3481781376518219,0.3333333333333333,0.3481781376518219,172.72,170.18,1990-05-15,0.0
James Llontop,3,0,3,0.0,67.33333333333333,175.0,0.38476190476190475,0.0,2.0,0.0,0.0,0.0,28.333333333333332,58.333333333333336,1.3333333333333333,1.0,0.0,0.38476190476190475,0.0,0.38476190476190475,,,,
Mickael Lebout,3,1,2,0.3333333333333333,39.0,111.66666666666667,0.3492537313432836,0.0,1.3333333333333333,0.0,0.0,1.0,154.66666666666666,44.666666666666664,5.0,1.0,0.3333333333333333,0.3492537313432836,0.3333333333333333,0.3492537313432836,180.34,185.42,1987-08-16,0.0
Tereza Bleda,3,1,2,0.3333333333333333,25.666666666666668,52.666666666666664,0.4873417721518987,1.3333333333333333,7.0,0.19047619047619047,0.6666666666666666,0.0,342.3333333333333,28.0,1.0,-0.33333333333333326,0.3333333333333333,0.4873417721518987,0.3333333333333333,0.4873417721518987,175.26,180.34,2001-11-30,0.0
Erik Silva,3,0,3,0.0,8.666666666666666,13.0,0.6666666666666666,1.0,1.3333333333333333,0.75,0.0,0.3333333333333333,56.0,9.333333333333334,3.3333333333333335,0.7,0.0,0.6666666666666666,0.0,0.6666666666666666,175.26,180.34,1987-03-16,0.0
Ramazan Temirov,3,3,0,1.0,35.0,85.0,0.4117647058823529,0.3333333333333333,0.6666666666666666,0.5,0.0,0.0,11.333333333333334,27.0,1.3333333333333333,0.75,1.0,0.4117647058823529,1.0,0.4117647058823529,,,,
Marcos Vinicius,3,1,2,0.3333333333333333,19.666666666666668,40.0,0.49166666666666664,0.0,0.0,0.0,0.3333333333333333,0.0,54.0,29.666666666666668,2.6666666666666665,1.0,0.3333333333333333,0.49166666666666664,0.3333333333333333,0.49166666666666664,175.26,,1979-12-05,0.0
Ernesta Kareckaite,3,1,2,0.3333333333333333,84.33333333333333,210.33333333333334,0.4009508716323296,0.6666666666666666,1.0,0.6666666666666666,0.0,1.0,125.0,73.33333333333333,9.333333333333334,0.9285714285714286,0.3333333333333333,0.4009508716323296,0.3333333333333333,0.4009508716323296,,,,
Thiago Perpetuo,3,1,2,0.3333333333333333,28.666666666666668,41.0,0.6991869918699187,1.0,2.0,0.5,0.0,0.0,124.0,18.666666666666668,2.0,0.5,0.3333333333333333,0.6991869918699187,0.3333333333333333,0.6991869918699187,177.8,,1987-12-14,0.0
Masio Fullen,3,1,2,0.3333333333333333,26.0,81.0,0.32098765432098764,0.3333333333333333,1.0,0.3333333333333333,0.0,0.0,34.666666666666664,37.0,4.333333333333333,0.9230769230769231,0.3333333333333333,0.32098765432098764,0.3333333333333333,0.32098765432098764,177.8,177.8,1986-10-06,0.0
Mateus Mendonca,3,0,3,0.0,16.666666666666668,45.0,0.37037037037037035,2.0,7.333333333333333,0.2727272727272727,0.3333333333333333,0.0,245.66666666666666,47.666666666666664,3.0,0.33333333333333337,0.0,0.37037037037037035,0.0,0.37037037037037035,167.64,180.34,1999-01-17,0.0
Ron Stallings,3,1,2,0.3333333333333333,28.0,46.0,0.6086956521739131,0.0,0.0,0.0,0.0,0.0,24.666666666666668,28.333333333333332,4.666666666666667,1.0,0.3333333333333333,0.6086956521739131,0.3333333333333333,0.6086956521739131,187.96,190.5,1983-01-25,1.0
Anshul Jubli,3,1,2,0.3333333333333333,47.0,82.0,0.573170731707317,0.6666666666666666,3.3333333333333335,0.2,0.3333333333333333,0.0,144.0,37.333333333333336,0.3333333333333333,-1.0,0.3333333333333333,0.573170731707317,0.3333333333333333,0.573170731707317,182.88,175.26,1995-01-13,0.0
Reginaldo Vieira,3,1,2,0.3333333333333333,47.666666666666664,117.0,0.4074074074074074,1.6666666666666667,6.0,0.2777777777777778,0.6666666666666666,0.0,185.33333333333334,36.666666666666664,1.3333333333333333,-0.25,0.3333333333333333,0.4074074074074074,0.3333333333333333,0.4074074074074074,170.18,165.1,1982-11-26,0.0
Anton Kuivanen,3,1,2,0.3333333333333333,28.333333333333332,74.33333333333333,0.3811659192825112,1.0,1.0,1.0,0.3333333333333333,0.6666666666666666,165.33333333333334,20.333333333333332,9.333333333333334,0.8928571428571429,0.3333333333333333,0.3811659192825112,0.3333333333333333,0.3811659192825112,172.72,182.88,1984-05-01,0.0
Caio Machado,3,0,3,0.0,76.0,158.33333333333334,0.48,0.0,0.3333333333333333,0.0,0.0,0.0,7.333333333333333,51.666666666666664,3.3333333333333335,1.0,0.0,0.48,0.0,0.48,,,,
Rafael Cerquiera,3,0,3,0.0,9.666666666666666,21.666666666666668,0.4461538461538462,0.0,0.0,0.0,0.0,0.0,9.0,29.333333333333332,3.3333333333333335,1.0,0.0,0.4461538461538462,0.0,0.4461538461538462,,,,
Genaro Valdez,3,0,3,0.0,41.0,144.0,0.2847222222222222,0.0,0.3333333333333333,0.0,0.0,0.0,3.6666666666666665,74.33333333333333,3.6666666666666665,1.0,0.0,0.2847222222222222,0.0,0.2847222222222222,175.26,182.88,1992-01-16,0.0
Denys Bondar,3,0,3,0.0,40.333333333333336,79.33333333333333,0.5084033613445378,2.3333333333333335,4.0,0.5833333333333334,0.0,0.3333333333333333,79.33333333333333,45.333333333333336,2.6666666666666665,0.125,0.0,0.5084033613445378,0.0,0.5084033613445378,167.64,175.26,1992-06-27,0.0
Blood Diamond,3,0,3,0.0,36.0,65.0,0.5538461538461539,0.0,1.3333333333333333,0.0,0.0,0.0,30.666666666666668,25.0,6.333333333333333,1.0,0.0,0.5538461538461539,0.0,0.5538461538461539,180.34,193.04,1988-07-10,0.0
Clifford Starks,3,1,2,0.3333333333333333,15.0,45.333333333333336,0.33088235294117646,1.0,1.0,1.0,0.0,0.3333333333333333,177.33333333333334,19.333333333333332,1.6666666666666667,0.4,0.3333333333333333,0.33088235294117646,0.3333333333333333,0.33088235294117646,182.88,198.12,1981-04-25,0.0
Connor Matthews,3,0,3,0.0,23.0,57.0,0.40350877192982454,1.0,2.0,0.5,0.0,0.0,29.0,37.666666666666664,0.3333333333333333,-2.0,0.0,0.40350877192982454,0.0,0.40350877192982454,,,,
Che Mills,3,2,1,0.6666666666666666,8.333333333333334,17.0,0.49019607843137253,0.6666666666666666,0.6666666666666666,1.0,0.0,0.0,49.333333333333336,16.666666666666668,1.0,0.33333333333333337,0.6666666666666666,0.49019607843137253,0.6666666666666666,0.49019607843137253,185.42,193.04,1982-09-29,0.0
Augusto Mendes,3,1,2,0.3333333333333333,27.666666666666668,79.33333333333333,0.3487394957983193,1.3333333333333333,4.0,0.3333333333333333,0.0,0.3333333333333333,108.66666666666667,44.666666666666664,3.3333333333333335,0.6,0.3333333333333333,0.3487394957983193,0.3333333333333333,0.3487394957983193,167.64,165.1,1983-03-03,0.0
Jay Perrin,3,0,3,0.0,44.666666666666664,94.0,0.475177304964539,1.6666666666666667,4.0,0.4166666666666667,0.0,0.0,154.66666666666666,49.0,4.0,0.5833333333333333,0.0,0.475177304964539,0.0,0.475177304964539,170.18,170.18,1993-06-15,0.0
Mike Jackson,3,1,2,0.3333333333333333,10.333333333333334,19.333333333333332,0.5344827586206896,0.0,0.6666666666666666,0.0,0.0,0.0,3.0,20.0,0.0,0.0,0.3333333333333333,0.5344827586206896,0.3333333333333333,0.5344827586206896,187.96,187.96,1985-03-22,0.0
Damian Grabowski,3,0,3,0.0,23.333333333333332,64.66666666666667,0.36082474226804123,0.0,2.0,0.0,0.0,0.0,0.3333333333333333,44.666666666666664,0.3333333333333333,1.0,0.0,0.36082474226804123,0.0,0.36082474226804123,185.42,190.5,1980-05-12,0.0
Ramona Pascual,3,0,3,0.0,42.666666666666664,74.33333333333333,0.5739910313901345,1.3333333333333333,7.0,0.19047619047619047,0.0,0.0,102.0,93.0,1.3333333333333333,0.0,0.0,0.5739910313901345,0.0,0.5739910313901345,170.18,167.64,1988-09-23,1.0
Jocelyn Jones-Lybarger,3,0,3,0.0,43.0,138.0,0.3115942028985507,0.3333333333333333,1.3333333333333333,0.25,0.0,0.0,84.66666666666667,70.33333333333333,3.6666666666666665,0.9090909090909091,0.0,0.3115942028985507,0.0,0.3115942028985507,170.18,162.56,1985-10-04,0.0
Henry Martinez,3,1,2,0.3333333333333333,35.333333333333336,139.0,0.2541966426858513,0.0,1.0,0.0,0.0,0.0,47.0,50.666666666666664,3.3333333333333335,1.0,0.3333333333333333,0.2541966426858513,0.3333333333333333,0.2541966426858513,170.18,175.26,1983-08-07,1.0
John Cholish,3,1,2,0.3333333333333333,31.0,63.333333333333336,0.48947368421052634,0.6666666666666666,4.333333333333333,0.15384615384615385,0.0,0.6666666666666666,76.66666666666667,30.0,3.3333333333333335,0.8,0.3333333333333333,0.48947368421052634,0.3333333333333333,0.48947368421052634,180.34,187.96,1983-12-17,0.0
Jake Hecht,3,1,2,0.3333333333333333,24.0,50.333333333333336,0.4768211920529801,1.0,2.6666666666666665,0.375,0.0,0.0,63.333333333333336,20.333333333333332,1.6666666666666667,0.4,0.3333333333333333,0.4768211920529801,0.3333333333333333,0.4768211920529801,182.88,185.42,1984-02-09,0.0
Carlo Prater,3,1,2,0.3333333333333333,23.0,46.666666666666664,0.4928571428571429,0.0,3.3333333333333335,0.0,1.3333333333333333,0.3333333333333333,55.666666666666664,43.0,4.666666666666667,1.0,0.3333333333333333,0.4928571428571429,0.3333333333333333,0.4928571428571429,180.34,182.88,1981-06-25,0.0
Nathan Coy,3,1,2,0.3333333333333333,23.666666666666668,60.0,0.39444444444444443,1.6666666666666667,2.3333333333333335,0.7142857142857143,0.0,0.0,162.33333333333334,17.333333333333332,2.6666666666666665,0.375,0.3333333333333333,0.39444444444444443,0.3333333333333333,0.39444444444444443,177.8,175.26,1978-07-24,1.0
Mikey Burnett,3,2,1,0.6666666666666666,36.0,86.0,0.4186046511627907,1.0,1.0,1.0,1.3333333333333333,0.3333333333333333,0.0,19.666666666666668,5.666666666666667,0.8235294117647058,0.6666666666666666,0.4186046511627907,0.6666666666666666,0.4186046511627907,167.64,,1974-04-12,0.0
Dylan Budka,3,0,3,0.0,6.333333333333333,24.666666666666668,0.25675675675675674,1.0,2.0,0.5,0.0,0.0,117.66666666666667,19.666666666666668,1.6666666666666667,0.4,0.0,0.25675675675675674,0.0,0.25675675675675674,,,,
Adam Wieczorek,3,2,1,0.6666666666666666,20.666666666666668,53.333333333333336,0.3875,0.3333333333333333,1.0,0.3333333333333333,0.3333333333333333,0.0,88.33333333333333,23.0,5.666666666666667,0.9411764705882353,0.6666666666666666,0.3875,0.6666666666666666,0.3875,195.58,205.74,1992-02-05,0.0
Erick Montano,3,1,2,0.3333333333333333,24.333333333333332,54.666666666666664,0.4451219512195122,1.3333333333333333,3.6666666666666665,0.36363636363636365,0.0,0.3333333333333333,158.33333333333334,18.0,2.0,0.33333333333333337,0.3333333333333333,0.4451219512195122,0.3333333333333333,0.4451219512195122,182.88,185.42,1985-11-19,0.0
Yoji Anjo,3,0,3,0.0,3.0,5.333333333333333,0.5625,0.0,0.6666666666666666,0.0,0.3333333333333333,0.3333333333333333,8.0,13.666666666666666,2.6666666666666665,1.0,0.0,0.5625,0.0,0.5625,180.34,,1967-03-28,0.0
Jared Papazian,3,0,3,0.0,37.0,93.66666666666667,0.39501779359430605,0.0,1.3333333333333333,0.0,0.0,0.3333333333333333,104.33333333333333,42.333333333333336,6.0,1.0,0.0,0.39501779359430605,0.0,0.39501779359430605,172.72,170.18,1988-02-01,1.0
Kayla Harrison,3,3,0,1.0,45.333333333333336,73.0,0.6210045662100456,2.0,5.333333333333333,0.375,0.6666666666666666,0.0,376.6666666666667,11.666666666666666,0.6666666666666666,-2.0,1.0,0.6210045662100456,1.0,0.6210045662100456,,,,
Ben Alloway,3,1,2,0.3333333333333333,10.333333333333334,21.0,0.49206349206349204,0.3333333333333333,0.6666666666666666,0.5,0.0,0.0,38.333333333333336,15.333333333333334,5.0,0.9333333333333333,0.3333333333333333,0.49206349206349204,0.3333333333333333,0.49206349206349204,180.34,193.04,1981-02-19,0.0
Nathan Fletcher,3,1,2,0.3333333333333333,25.333333333333332,42.333333333333336,0.5984251968503937,1.6666666666666667,4.333333333333333,0.38461538461538464,0.3333333333333333,0.0,148.0,16.0,4.0,0.5833333333333333,0.3333333333333333,0.5984251968503937,0.3333333333333333,0.5984251968503937,,,,
Angela Magana,3,0,3,0.0,19.0,66.66666666666667,0.285,0.3333333333333333,1.3333333333333333,0.25,0.3333333333333333,0.0,160.33333333333334,61.0,2.3333333333333335,0.8571428571428572,0.0,0.285,0.0,0.285,154.94,165.1,1983-08-02,0.0
Mike Rhodes,3,0,3,0.0,33.333333333333336,84.66666666666667,0.3937007874015748,0.6666666666666666,2.0,0.3333333333333333,0.3333333333333333,0.0,63.0,43.0,5.333333333333333,0.875,0.0,0.3937007874015748,0.0,0.3937007874015748,185.42,187.96,1989-12-04,0.0
Jake Lindsey,3,0,3,0.0,26.333333333333332,50.0,0.5266666666666666,0.3333333333333333,1.0,0.3333333333333333,0.0,0.0,62.0,30.666666666666668,3.3333333333333335,0.9,0.0,0.5266666666666666,0.0,0.5266666666666666,180.34,,1986-06-21,0.0
Ruslan Magomedov,3,3,0,1.0,60.333333333333336,126.0,0.47883597883597884,0.3333333333333333,0.3333333333333333,1.0,0.0,0.0,56.0,22.0,6.0,0.9444444444444444,1.0,0.47883597883597884,1.0,0.47883597883597884,190.5,198.12,1986-11-26,0.0
Niklas Backstrom,3,1,2,0.3333333333333333,7.666666666666667,18.333333333333332,0.41818181818181815,1.3333333333333333,1.6666666666666667,0.8,1.0,0.3333333333333333,127.0,25.0,3.6666666666666665,0.6363636363636364,0.3333333333333333,0.41818181818181815,0.3333333333333333,0.41818181818181815,185.42,,1989-08-22,0.0
Pawel Pawlak,3,1,2,0.3333333333333333,25.0,74.0,0.33783783783783783,1.0,2.6666666666666665,0.375,0.0,0.0,69.33333333333333,33.333333333333336,6.666666666666667,0.85,0.3333333333333333,0.33783783783783783,0.3333333333333333,0.33783783783783783,182.88,185.42,1989-02-08,0.0
Matt Hobar,3,1,2,0.3333333333333333,35.333333333333336,83.66666666666667,0.42231075697211157,2.6666666666666665,6.0,0.4444444444444444,0.0,0.0,350.3333333333333,46.666666666666664,1.3333333333333333,-1.0,0.3333333333333333,0.42231075697211157,0.3333333333333333,0.42231075697211157,177.8,177.8,1987-01-07,1.0
Marcio Alexandre Junior,3,0,3,0.0,22.333333333333332,49.666666666666664,0.44966442953020136,0.3333333333333333,1.6666666666666667,0.2,0.3333333333333333,0.0,38.333333333333336,40.0,6.0,0.9444444444444444,0.0,0.44966442953020136,0.0,0.44966442953020136,182.88,190.5,1989-05-05,1.0
David Michaud,3,1,2,0.3333333333333333,45.0,104.33333333333333,0.43130990415335463,2.3333333333333335,4.0,0.5833333333333334,0.6666666666666666,0.0,220.66666666666666,61.666666666666664,7.333333333333333,0.6818181818181819,0.3333333333333333,0.43130990415335463,0.3333333333333333,0.43130990415335463,175.26,,1988-11-10,0.0
Ruan Potts,3,0,3,0.0,5.666666666666667,15.0,0.37777777777777777,0.3333333333333333,2.0,0.16666666666666666,1.0,0.3333333333333333,35.666666666666664,39.333333333333336,3.0,0.8888888888888888,0.0,0.37777777777777777,0.0,0.37777777777777777,187.96,190.5,1978-02-23,0.0
ChangHo Lee,3,2,1,0.6666666666666666,47.666666666666664,73.0,0.6529680365296804,2.3333333333333335,7.0,0.3333333333333333,0.3333333333333333,1.0,277.0,34.0,4.0,0.41666666666666663,0.6666666666666666,0.6529680365296804,0.6666666666666666,0.6529680365296804,,,,
Johnny Rhodes,3,2,1,0.6666666666666666,9.333333333333334,18.333333333333332,0.509090909090909,0.3333333333333333,0.3333333333333333,1.0,0.3333333333333333,0.0,0.0,4.333333333333333,0.0,0.0,0.6666666666666666,0.509090909090909,0.6666666666666666,0.509090909090909,182.88,,,0.0
Royston Wee,3,2,1,0.6666666666666666,14.666666666666666,24.333333333333332,0.6027397260273972,3.0,3.6666666666666665,0.8181818181818182,0.0,0.0,433.3333333333333,32.666666666666664,0.6666666666666666,-3.5,0.6666666666666666,0.6027397260273972,0.6666666666666666,0.6027397260273972,170.18,170.18,1986-11-15,0.0
Luke Zachrich,3,1,2,0.3333333333333333,30.666666666666668,94.33333333333333,0.3250883392226148,0.3333333333333333,1.0,0.3333333333333333,0.0,0.0,0.3333333333333333,30.0,1.6666666666666667,0.8,0.3333333333333333,0.3250883392226148,0.3333333333333333,0.3250883392226148,187.96,187.96,1981-12-19,0.0
Bruno Santos,3,1,2,0.3333333333333333,17.666666666666668,38.333333333333336,0.4608695652173913,3.0,8.0,0.375,0.3333333333333333,0.0,329.6666666666667,34.0,4.0,0.25,0.3333333333333333,0.4608695652173913,0.3333333333333333,0.4608695652173913,175.26,,1987-07-17,0.0
Sheldon Westcott,3,1,2,0.3333333333333333,21.0,51.666666666666664,0.4064516129032258,2.0,5.333333333333333,0.375,0.0,0.0,316.3333333333333,34.666666666666664,2.3333333333333335,0.1428571428571429,0.3333333333333333,0.4064516129032258,0.3333333333333333,0.4064516129032258,185.42,180.34,1984-08-20,1.0
Sarah Kaufman,3,1,2,0.3333333333333333,98.0,181.33333333333334,0.5404411764705882,0.6666666666666666,1.6666666666666667,0.4,0.0,0.0,179.0,48.333333333333336,5.666666666666667,0.8823529411764706,0.3333333333333333,0.5404411764705882,0.3333333333333333,0.5404411764705882,165.1,167.64,1985-09-20,0.0
Andy Enz,3,0,3,0.0,37.333333333333336,160.66666666666666,0.23236514522821577,0.0,0.3333333333333333,0.0,0.0,0.0,0.0,56.666666666666664,4.0,1.0,0.0,0.23236514522821577,0.0,0.23236514522821577,190.5,198.12,1991-08-15,0.0
Kiefer Crosbie,3,0,3,0.0,16.666666666666668,26.0,0.6410256410256411,0.0,0.3333333333333333,0.0,0.0,0.0,7.666666666666667,21.666666666666668,1.6666666666666667,1.0,0.0,0.6410256410256411,0.0,0.6410256410256411,180.34,177.8,1990-04-05,0.0
Ernest Chavez,3,1,2,0.3333333333333333,31.333333333333332,77.0,0.4069264069264069,0.6666666666666666,2.0,0.3333333333333333,0.0,0.0,142.0,43.666666666666664,0.6666666666666666,0.0,0.3333333333333333,0.4069264069264069,0.3333333333333333,0.4069264069264069,172.72,177.8,1983-06-27,0.0
Hans Stringer,3,1,2,0.3333333333333333,26.333333333333332,42.666666666666664,0.6171875,1.3333333333333333,3.6666666666666665,0.36363636363636365,0.0,0.0,236.66666666666666,23.666666666666668,2.6666666666666665,0.5,0.3333333333333333,0.6171875,0.3333333333333333,0.6171875,190.5,,1987-07-06,0.0
Jumabieke Tuerxun,3,0,3,0.0,17.0,58.666666666666664,0.2897727272727273,0.3333333333333333,3.0,0.1111111111111111,0.6666666666666666,0.0,38.333333333333336,32.666666666666664,6.0,0.9444444444444444,0.0,0.2897727272727273,0.0,0.2897727272727273,170.18,,1986-04-17,0.0
Francisco Trevino,3,1,2,0.3333333333333333,27.333333333333332,64.33333333333333,0.42487046632124353,0.6666666666666666,3.0,0.2222222222222222,0.0,0.3333333333333333,83.66666666666667,25.0,5.666666666666667,0.8823529411764706,0.3333333333333333,0.42487046632124353,0.3333333333333333,0.42487046632124353,175.26,177.8,1981-12-17,0.0
Marnic Mann,3,0,3,0.0,15.666666666666666,45.0,0.34814814814814815,0.6666666666666666,3.0,0.2222222222222222,0.3333333333333333,0.3333333333333333,80.0,80.66666666666667,3.3333333333333335,0.8,0.0,0.34814814814814815,0.0,0.34814814814814815,152.4,162.56,1993-03-05,1.0
Jason DeLucia,3,1,2,0.3333333333333333,1.3333333333333333,2.0,0.6666666666666666,0.3333333333333333,0.6666666666666666,0.5,1.6666666666666667,1.3333333333333333,3.0,0.6666666666666666,1.0,0.6666666666666667,0.3333333333333333,0.6666666666666666,0.3333333333333333,0.6666666666666666,180.34,,1969-07-24,1.0
Yui Chul Nam,3,1,2,0.3333333333333333,53.0,103.33333333333333,0.5129032258064516,1.3333333333333333,8.333333333333334,0.16,0.3333333333333333,0.0,330.3333333333333,30.0,7.0,0.8095238095238095,0.3333333333333333,0.5129032258064516,0.3333333333333333,0.5129032258064516,175.26,,1981-07-16,0.0
Roger Narvaez,3,1,2,0.3333333333333333,22.333333333333332,60.333333333333336,0.3701657458563536,0.0,0.6666666666666666,0.0,0.6666666666666666,0.0,74.0,35.0,3.3333333333333335,1.0,0.3333333333333333,0.3701657458563536,0.3333333333333333,0.3701657458563536,190.5,,1983-09-09,1.0
Ian Entwistle,3,1,2,0.3333333333333333,0.3333333333333333,4.333333333333333,0.07692307692307693,0.0,1.0,0.0,2.3333333333333335,0.0,11.0,21.333333333333332,0.3333333333333333,1.0,0.3333333333333333,0.07692307692307693,0.3333333333333333,0.07692307692307693,165.1,,1986-11-19,0.0
Mike Ricci,3,1,2,0.3333333333333333,27.0,83.33333333333333,0.324,0.6666666666666666,0.6666666666666666,1.0,0.0,1.0,99.33333333333333,24.666666666666668,8.0,0.9166666666666666,0.3333333333333333,0.324,0.3333333333333333,0.324,182.88,193.04,1986-03-18,1.0
Masanori Kanehara,3,1,2,0.3333333333333333,23.666666666666668,43.333333333333336,0.5461538461538461,1.3333333333333333,2.0,0.6666666666666666,1.0,0.3333333333333333,360.3333333333333,17.666666666666668,3.6666666666666665,0.6363636363636364,0.3333333333333333,0.5461538461538461,0.3333333333333333,0.5461538461538461,170.18,170.18,1982-11-19,0.0
Heather Clark,3,1,2,0.3333333333333333,55.333333333333336,112.66666666666667,0.4911242603550296,0.3333333333333333,8.0,0.041666666666666664,0.3333333333333333,0.3333333333333333,304.0,84.33333333333333,1.6666666666666667,0.8,0.3333333333333333,0.4911242603550296,0.3333333333333333,0.4911242603550296,167.64,162.56,1980-09-19,0.0
Ryan Loder,3,1,2,0.3333333333333333,18.666666666666668,27.0,0.691358024691358,0.3333333333333333,2.3333333333333335,0.14285714285714285,0.3333333333333333,0.3333333333333333,99.33333333333333,9.0,0.6666666666666666,0.5,0.3333333333333333,0.691358024691358,0.3333333333333333,0.691358024691358,,,,
Aisling Daly,3,2,1,0.6666666666666666,34.0,65.33333333333333,0.5204081632653061,1.6666666666666667,4.0,0.4166666666666667,0.6666666666666666,0.0,422.6666666666667,16.333333333333332,2.0,0.16666666666666663,0.6666666666666666,0.5204081632653061,0.6666666666666666,0.5204081632653061,157.48,162.56,1987-12-24,0.0
Blake Bilder,3,1,2,0.3333333333333333,58.333333333333336,121.33333333333333,0.4807692307692308,0.3333333333333333,4.333333333333333,0.07692307692307693,0.0,0.0,195.33333333333334,62.666666666666664,2.3333333333333335,0.8571428571428572,0.3333333333333333,0.4807692307692308,0.3333333333333333,0.4807692307692308,172.72,172.72,1990-07-12,0.0
Shannon Ross,3,0,3,0.0,16.666666666666668,40.666666666666664,0.4098360655737705,0.0,0.0,0.0,0.0,0.0,0.0,22.0,0.3333333333333333,1.0,0.0,0.4098360655737705,0.0,0.4098360655737705,167.64,167.64,1989-05-12,0.0
Hector Urbina,3,1,2,0.3333333333333333,6.333333333333333,16.333333333333332,0.3877551020408163,0.0,0.3333333333333333,0.0,1.6666666666666667,0.3333333333333333,35.0,16.0,4.333333333333333,1.0,0.3333333333333333,0.3877551020408163,0.3333333333333333,0.3877551020408163,180.34,185.42,1987-09-17,0.0
Augusto Montano,3,1,2,0.3333333333333333,39.333333333333336,85.33333333333333,0.4609375,0.0,0.0,0.0,0.0,0.0,29.0,30.333333333333332,8.0,1.0,0.3333333333333333,0.4609375,0.3333333333333333,0.4609375,185.42,185.42,1984-10-25,0.0
Robert McDaniel,3,1,2,0.3333333333333333,17.666666666666668,40.0,0.44166666666666665,0.6666666666666666,1.3333333333333333,0.5,1.0,0.6666666666666666,227.66666666666666,21.333333333333332,2.6666666666666665,0.75,0.3333333333333333,0.44166666666666665,0.3333333333333333,0.44166666666666665,190.5,190.5,1983-05-03,1.0
Cal Worsham,3,1,2,0.3333333333333333,7.666666666666667,17.0,0.45098039215686275,0.3333333333333333,0.6666666666666666,0.5,0.0,0.0,0.0,4.333333333333333,0.3333333333333333,0.0,0.3333333333333333,0.45098039215686275,0.3333333333333333,0.45098039215686275,180.34,,,0.0
Iliarde Santos,3,0,3,0.0,27.0,90.0,0.3,1.0,4.333333333333333,0.23076923076923078,0.0,0.0,67.0,55.0,2.0,0.5,0.0,0.3,0.0,0.3,165.1,170.18,1980-09-25,0.0
Estevan Payan,3,0,3,0.0,22.333333333333332,60.666666666666664,0.36813186813186816,0.3333333333333333,0.3333333333333333,1.0,0.3333333333333333,0.3333333333333333,80.66666666666667,34.333333333333336,4.0,0.9166666666666666,0.0,0.36813186813186816,0.0,0.36813186813186816,177.8,,1982-03-14,0.0
Vinicius Salvador,3,0,3,0.0,50.666666666666664,119.66666666666667,0.4233983286908078,0.3333333333333333,2.6666666666666665,0.125,0.0,0.0,7.333333333333333,69.0,7.333333333333333,0.9545454545454546,0.0,0.4233983286908078,0.0,0.4233983286908078,170.18,177.8,1996-07-24,1.0
Bassil Hafez,3,1,2,0.3333333333333333,50.333333333333336,131.66666666666666,0.3822784810126582,2.0,8.333333333333334,0.24,0.0,0.3333333333333333,162.0,77.0,1.3333333333333333,-0.5,0.3333333333333333,0.3822784810126582,0.3333333333333333,0.3822784810126582,180.34,182.88,1992-01-31,0.0
Antonio Braga Neto,3,1,2,0.3333333333333333,13.333333333333334,40.0,0.3333333333333333,2.0,5.333333333333333,0.375,0.3333333333333333,0.3333333333333333,231.33333333333334,38.333333333333336,0.3333333333333333,-5.0,0.3333333333333333,0.3333333333333333,0.3333333333333333,0.3333333333333333,190.5,195.58,1987-10-29,0.0
Trey Waters,3,2,1,0.6666666666666666,72.66666666666667,155.33333333333334,0.4678111587982833,0.3333333333333333,1.0,0.3333333333333333,0.3333333333333333,0.3333333333333333,9.0,63.666666666666664,6.666666666666667,0.95,0.6666666666666666,0.4678111587982833,0.6666666666666666,0.4678111587982833,195.58,195.58,1995-02-21,0.0
Valmir Lazaro,3,1,2,0.3333333333333333,73.0,195.66666666666666,0.3730834752981261,1.3333333333333333,3.3333333333333335,0.4,0.0,0.0,97.0,61.333333333333336,8.333333333333334,0.84,0.3333333333333333,0.3730834752981261,0.3333333333333333,0.3730834752981261,182.88,185.42,1985-08-15,0.0
Mohammad Yahya,3,0,3,0.0,34.666666666666664,87.0,0.39846743295019155,0.3333333333333333,1.6666666666666667,0.2,0.3333333333333333,0.0,9.666666666666666,63.333333333333336,2.3333333333333335,0.8571428571428572,0.0,0.39846743295019155,0.0,0.39846743295019155,,,,
Milana Dudieva,3,1,2,0.3333333333333333,9.333333333333334,29.333333333333332,0.3181818181818182,1.6666666666666667,3.6666666666666665,0.45454545454545453,0.0,0.0,116.33333333333333,36.666666666666664,0.6666666666666666,-1.5,0.3333333333333333,0.3181818181818182,0.3333333333333333,0.3181818181818182,160.02,,1989-08-04,0.0
Steve Jennum,3,2,1,0.6666666666666666,6.333333333333333,17.333333333333332,0.36538461538461536,1.0,1.3333333333333333,0.75,0.3333333333333333,0.0,0.0,1.3333333333333333,0.3333333333333333,-2.0,0.6666666666666666,0.36538461538461536,0.6666666666666666,0.36538461538461536,177.8,,,0.0
Jerrod Sanders,3,1,2,0.3333333333333333,7.666666666666667,11.666666666666666,0.6571428571428571,1.3333333333333333,3.6666666666666665,0.36363636363636365,1.0,1.0,252.0,9.666666666666666,0.6666666666666666,-1.0,0.3333333333333333,0.6571428571428571,0.3333333333333333,0.6571428571428571,172.72,182.88,1979-10-01,0.0
Garett Whiteley,3,0,3,0.0,42.0,87.0,0.4827586206896552,0.0,0.6666666666666666,0.0,0.6666666666666666,0.0,15.0,45.666666666666664,6.0,1.0,0.0,0.4827586206896552,0.0,0.4827586206896552,182.88,182.88,1980-12-13,0.0
Harold Howard,3,1,2,0.3333333333333333,5.0,7.666666666666667,0.6521739130434783,0.3333333333333333,1.0,0.3333333333333333,0.3333333333333333,0.0,0.0,3.3333333333333335,1.0,0.6666666666666667,0.3333333333333333,0.6521739130434783,0.3333333333333333,0.6521739130434783,187.96,,,0.0
Terrence Mitchell,3,0,3,0.0,5.0,15.0,0.3333333333333333,0.3333333333333333,0.6666666666666666,0.5,0.0,0.0,22.0,18.0,0.6666666666666666,0.5,0.0,0.3333333333333333,0.0,0.3333333333333333,177.8,187.96,1989-12-30,0.0
Darrell Montague,3,0,3,0.0,13.333333333333334,51.666666666666664,0.25806451612903225,0.3333333333333333,1.3333333333333333,0.25,0.6666666666666666,0.0,19.0,37.333333333333336,1.0,0.6666666666666667,0.0,0.25806451612903225,0.0,0.25806451612903225,167.64,170.18,1987-11-03,1.0
Pete Rodriguez,3,1,2,0.3333333333333333,15.666666666666666,35.666666666666664,0.4392523364485981,0.0,0.0,0.0,0.0,0.0,5.0,21.666666666666668,0.6666666666666666,1.0,0.3333333333333333,0.4392523364485981,0.3333333333333333,0.4392523364485981,175.26,180.34,1996-11-13,0.0
Branden Lee Hinkle,3,1,2,0.3333333333333333,12.0,17.333333333333332,0.6923076923076923,1.3333333333333333,2.3333333333333335,0.5714285714285714,1.3333333333333333,0.0,132.66666666666666,18.0,1.0,-0.33333333333333326,0.3333333333333333,0.6923076923076923,0.3333333333333333,0.6923076923076923,190.5,,1973-07-29,0.0
Jamie Moyle,3,1,2,0.3333333333333333,67.66666666666667,131.33333333333334,0.5152284263959391,1.0,4.666666666666667,0.21428571428571427,0.0,0.0,44.333333333333336,60.0,0.6666666666666666,-0.5,0.3333333333333333,0.5152284263959391,0.3333333333333333,0.5152284263959391,154.94,165.1,1989-03-17,0.0
Spike Carlyle,3,1,2,0.3333333333333333,26.666666666666668,49.333333333333336,0.5405405405405406,2.3333333333333335,6.333333333333333,0.3684210526315789,0.3333333333333333,1.3333333333333333,268.6666666666667,40.333333333333336,2.3333333333333335,0.0,0.3333333333333333,0.5405405405405406,0.3333333333333333,0.5405405405405406,172.72,180.34,1993-05-06,0.0
Shamar Bailey,3,1,2,0.3333333333333333,23.666666666666668,93.0,0.25448028673835127,1.6666666666666667,4.666666666666667,0.35714285714285715,0.0,0.0,191.0,44.333333333333336,1.3333333333333333,-0.25,0.3333333333333333,0.25448028673835127,0.3333333333333333,0.25448028673835127,175.26,190.5,1982-09-22,1.0
Ron Waterman,3,2,1,0.6666666666666666,26.333333333333332,39.333333333333336,0.6694915254237288,1.3333333333333333,2.0,0.6666666666666666,0.3333333333333333,0.0,248.33333333333334,5.333333333333333,0.0,0.0,0.6666666666666666,0.6694915254237288,0.6666666666666666,0.6694915254237288,187.96,,1965-11-23,0.0
Erick Gonzalez,3,0,3,0.0,10.0,27.333333333333332,0.36585365853658536,1.6666666666666667,3.0,0.5555555555555556,0.0,0.0,65.66666666666667,33.666666666666664,1.3333333333333333,-0.25,0.0,0.36585365853658536,0.0,0.36585365853658536,180.34,190.5,1992-01-20,0.0
Bobby Nash,3,0,3,0.0,21.666666666666668,57.333333333333336,0.37790697674418605,1.0,3.0,0.3333333333333333,0.6666666666666666,0.0,133.66666666666666,25.0,0.6666666666666666,-0.5,0.0,0.37790697674418605,0.0,0.37790697674418605,182.88,187.96,1990-03-26,0.0
Mitch Ramirez,3,0,3,0.0,22.666666666666668,53.333333333333336,0.425,0.0,0.6666666666666666,0.0,0.0,0.0,8.666666666666666,25.0,2.0,1.0,0.0,0.425,0.0,0.425,,,,
Clay Harvison,3,1,2,0.3333333333333333,25.0,52.0,0.4807692307692308,0.3333333333333333,0.3333333333333333,1.0,0.6666666666666666,0.3333333333333333,76.0,29.666666666666668,7.333333333333333,0.9545454545454546,0.3333333333333333,0.4807692307692308,0.3333333333333333,0.4807692307692308,185.42,187.96,1980-09-25,0.0
Kris McCray,3,0,3,0.0,23.333333333333332,51.333333333333336,0.45454545454545453,1.6666666666666667,3.0,0.5555555555555556,0.0,0.3333333333333333,182.0,22.333333333333332,4.333333333333333,0.6153846153846154,0.0,0.45454545454545453,0.0,0.45454545454545453,182.88,193.04,1981-09-24,0.0
Daiju Takase,3,0,3,0.0,1.6666666666666667,8.333333333333334,0.2,0.0,0.3333333333333333,0.0,0.0,0.0,0.0,21.0,0.3333333333333333,1.0,0.0,0.2,0.0,0.2,182.88,,1978-04-20,1.0
Kamuela Kirk,3,1,2,0.3333333333333333,35.333333333333336,74.66666666666667,0.4732142857142857,1.0,4.666666666666667,0.21428571428571427,1.3333333333333333,0.0,158.0,55.666666666666664,4.666666666666667,0.7857142857142857,0.3333333333333333,0.4732142857142857,0.3333333333333333,0.4732142857142857,177.8,190.5,1994-04-13,0.0
Marcel Fortuna,3,1,2,0.3333333333333333,42.333333333333336,91.0,0.4652014652014652,0.3333333333333333,4.0,0.08333333333333333,0.3333333333333333,0.0,23.0,50.0,2.6666666666666665,0.875,0.3333333333333333,0.4652014652014652,0.3333333333333333,0.4652014652014652,185.42,187.96,1985-10-22,0.0
Chris Cope,3,1,2,0.3333333333333333,29.0,110.0,0.2636363636363636,0.0,0.3333333333333333,0.0,0.0,0.0,34.333333333333336,35.333333333333336,1.6666666666666667,1.0,0.3333333333333333,0.2636363636363636,0.3333333333333333,0.2636363636363636,182.88,182.88,1983-03-05,0.0
Norifumi Yamamoto,3,0,3,0.0,17.333333333333332,47.333333333333336,0.36619718309859156,0.6666666666666666,2.6666666666666665,0.25,0.0,0.3333333333333333,105.33333333333333,22.333333333333332,6.333333333333333,0.8947368421052632,0.0,0.36619718309859156,0.0,0.36619718309859156,162.56,167.64,1977-03-15,1.0
Sabah Homasi,3,0,3,0.0,26.666666666666668,55.0,0.48484848484848486,1.0,2.0,0.5,0.0,0.0,45.666666666666664,37.0,1.0,0.0,0.0,0.48484848484848486,0.0,0.48484848484848486,182.88,182.88,1988-10-19,0.0
Felipe Silva,3,1,2,0.3333333333333333,27.0,54.0,0.5,0.3333333333333333,0.3333333333333333,1.0,0.0,0.0,58.666666666666664,9.0,2.3333333333333335,0.8571428571428572,0.3333333333333333,0.5,0.3333333333333333,0.5,182.88,195.58,1984-05-08,0.0
Mandy Bohm,3,1,2,0.3333333333333333,35.0,77.33333333333333,0.4525862068965517,0.6666666666666666,3.6666666666666665,0.18181818181818182,0.6666666666666666,0.3333333333333333,109.66666666666667,45.333333333333336,2.6666666666666665,0.75,0.3333333333333333,0.4525862068965517,0.3333333333333333,0.4525862068965517,170.18,180.34,1989-07-30,0.0
Saidyokub Kakhramonov,3,2,1,0.6666666666666666,26.333333333333332,51.333333333333336,0.512987012987013,5.666666666666667,11.666666666666666,0.4857142857142857,1.6666666666666667,0.0,426.0,11.333333333333334,4.0,-0.41666666666666674,0.6666666666666666,0.512987012987013,0.6666666666666666,0.512987012987013,172.72,175.26,1995-11-14,0.0
Cole Escovedo,3,0,3,0.0,27.333333333333332,58.0,0.47126436781609193,0.6666666666666666,1.6666666666666667,0.4,0.0,0.0,55.666666666666664,72.66666666666667,2.6666666666666665,0.75,0.0,0.47126436781609193,0.0,0.47126436781609193,170.18,182.88,1981-08-30,0.0
Carlos Eduardo Rocha,3,1,2,0.3333333333333333,13.333333333333334,39.0,0.3418803418803419,0.0,1.6666666666666667,0.0,1.0,0.6666666666666666,79.66666666666667,20.0,5.666666666666667,1.0,0.3333333333333333,0.3418803418803419,0.3333333333333333,0.3418803418803419,177.8,185.42,1981-07-12,0.0
Nicolle Caliari,3,1,2,0.3333333333333333,39.666666666666664,101.66666666666667,0.3901639344262295,2.6666666666666665,10.333333333333334,0.25806451612903225,0.3333333333333333,0.0,277.3333333333333,77.66666666666667,0.3333333333333333,-7.0,0.3333333333333333,0.3901639344262295,0.3333333333333333,0.3901639344262295,,,,
Ricardo Romero,3,1,2,0.3333333333333333,6.666666666666667,12.0,0.5555555555555556,0.3333333333333333,3.3333333333333335,0.1,0.6666666666666666,0.3333333333333333,79.33333333333333,14.666666666666666,0.3333333333333333,0.0,0.3333333333333333,0.5555555555555556,0.3333333333333333,0.5555555555555556,182.88,193.04,1978-04-15,0.0
Curt Warburton,3,1,2,0.3333333333333333,22.666666666666668,53.666666666666664,0.422360248447205,1.6666666666666667,3.3333333333333335,0.5,0.6666666666666666,0.0,320.0,36.666666666666664,2.0,0.16666666666666663,0.3333333333333333,0.422360248447205,0.3333333333333333,0.422360248447205,182.88,185.42,,0.0
Tom Duquesnoy,3,2,1,0.6666666666666666,45.333333333333336,100.0,0.4533333333333333,0.3333333333333333,1.3333333333333333,0.25,0.0,0.0,12.0,62.666666666666664,5.0,0.9333333333333333,0.6666666666666666,0.4533333333333333,0.6666666666666666,0.4533333333333333,170.18,172.72,1993-06-21,0.0
Rob Broughton,3,1,2,0.3333333333333333,39.333333333333336,65.33333333333333,0.6020408163265306,0.0,0.3333333333333333,0.0,3.0,0.3333333333333333,102.0,35.333333333333336,5.0,1.0,0.3333333333333333,0.6020408163265306,0.3333333333333333,0.6020408163265306,187.96,187.96,1983-03-03,0.0
Kenichi Yamamoto,3,2,1,0.6666666666666666,8.0,12.333333333333334,0.6486486486486487,0.0,1.3333333333333333,0.0,0.3333333333333333,0.0,285.6666666666667,16.0,2.0,1.0,0.6666666666666666,0.6486486486486487,0.6666666666666666,0.6486486486486487,182.88,,1976-07-11,0.0
Damacio Page,3,0,3,0.0,15.666666666666666,42.666666666666664,0.3671875,1.0,2.0,0.5,0.3333333333333333,0.6666666666666666,136.33333333333334,21.333333333333332,2.0,0.5,0.0,0.3671875,0.0,0.3671875,167.64,167.64,1982-09-30,0.0
Bibulatov Magomed,3,1,2,0.3333333333333333,38.0,74.33333333333333,0.5112107623318386,2.0,5.0,0.4,0.0,0.0,200.33333333333334,19.333333333333332,1.3333333333333333,-0.5,0.3333333333333333,0.5112107623318386,0.3333333333333333,0.5112107623318386,165.1,165.1,1988-08-22,0.0
Orion Cosce,3,1,2,0.3333333333333333,21.0,45.333333333333336,0.4632352941176471,1.6666666666666667,4.666666666666667,0.35714285714285715,0.0,0.0,321.6666666666667,53.333333333333336,1.0,-0.6666666666666667,0.3333333333333333,0.4632352941176471,0.3333333333333333,0.4632352941176471,180.34,180.34,1994-07-15,0.0
Sean McCorkle,3,1,2,0.3333333333333333,4.0,9.0,0.4444444444444444,0.6666666666666666,1.6666666666666667,0.4,1.3333333333333333,0.0,88.66666666666667,11.666666666666666,1.0,0.33333333333333337,0.3333333333333333,0.4444444444444444,0.3333333333333333,0.4444444444444444,200.66,205.74,1976-07-17,0.0
Austin Bashi,3,1,2,0.3333333333333333,19.0,48.0,0.3958333333333333,2.3333333333333335,11.0,0.21212121212121213,0.6666666666666666,0.3333333333333333,234.66666666666666,26.333333333333332,2.3333333333333335,0.0,0.3333333333333333,0.3958333333333333,0.3333333333333333,0.3958333333333333,,,,
Luan Chagas,3,1,2,0.3333333333333333,49.0,98.33333333333333,0.49830508474576274,0.3333333333333333,2.3333333333333335,0.14285714285714285,0.3333333333333333,0.3333333333333333,108.0,40.0,1.0,0.6666666666666667,0.3333333333333333,0.49830508474576274,0.3333333333333333,0.49830508474576274,182.88,190.5,1993-06-17,0.0
Dmitrii Smoliakov,3,0,3,0.0,6.666666666666667,15.666666666666666,0.425531914893617,0.0,1.3333333333333333,0.0,0.0,0.0,0.0,17.666666666666668,2.6666666666666665,1.0,0.0,0.425531914893617,0.0,0.425531914893617,187.96,187.96,1982-08-05,0.0
Kamal Shalorus,3,0,3,0.0,13.666666666666666,62.0,0.22043010752688172,0.3333333333333333,2.0,0.16666666666666666,0.0,0.0,21.666666666666668,27.666666666666668,3.3333333333333335,0.9,0.0,0.22043010752688172,0.0,0.22043010752688172,172.72,172.72,1972-08-27,0.0
Bojan Mihajlovic,3,0,3,0.0,8.666666666666666,24.333333333333332,0.3561643835616438,0.0,0.3333333333333333,0.0,0.0,0.0,22.0,42.0,1.0,1.0,0.0,0.3561643835616438,0.0,0.3561643835616438,180.34,185.42,1980-03-30,0.0
Mads Burnell,3,1,2,0.3333333333333333,16.666666666666668,40.0,0.4166666666666667,3.0,6.333333333333333,0.47368421052631576,0.3333333333333333,0.3333333333333333,346.3333333333333,35.333333333333336,3.0,0.0,0.3333333333333333,0.4166666666666667,0.3333333333333333,0.4166666666666667,172.72,175.26,1994-03-06,0.0
Nadia Kassem,3,1,2,0.3333333333333333,34.0,81.0,0.41975308641975306,0.3333333333333333,1.0,0.3333333333333333,2.0,0.6666666666666666,67.33333333333333,48.666666666666664,3.3333333333333335,0.9,0.3333333333333333,0.41975308641975306,0.3333333333333333,0.41975308641975306,165.1,167.64,1995-11-15,1.0
Salim Touahri,3,0,3,0.0,39.0,83.0,0.46987951807228917,0.0,1.0,0.0,0.0,0.0,53.666666666666664,43.0,6.0,1.0,0.0,0.46987951807228917,0.0,0.46987951807228917,177.8,182.88,1989-09-28,0.0
Gilbert Yvel,3,0,3,0.0,12.0,27.0,0.4444444444444444,0.0,0.3333333333333333,0.0,0.6666666666666666,1.0,32.0,25.333333333333332,2.6666666666666665,1.0,0.0,0.4444444444444444,0.0,0.4444444444444444,187.96,195.58,1976-06-30,0.0
Brian Camozzi,3,0,3,0.0,21.666666666666668,82.0,0.26422764227642276,0.0,1.0,0.0,0.3333333333333333,0.0,10.0,44.0,0.6666666666666666,1.0,0.0,0.26422764227642276,0.0,0.26422764227642276,187.96,198.12,1991-06-24,0.0
Adam Milstead,3,1,2,0.3333333333333333,42.0,90.0,0.4666666666666667,0.0,0.0,0.0,0.0,0.0,6.666666666666667,44.333333333333336,6.0,1.0,0.3333333333333333,0.4666666666666667,0.3333333333333333,0.4666666666666667,190.5,193.04,1987-07-03,0.0
John Gunderson,3,1,2,0.3333333333333333,15.666666666666666,57.0,0.27485380116959063,1.6666666666666667,5.0,0.3333333333333333,2.0,0.0,273.3333333333333,25.666666666666668,3.0,0.4444444444444444,0.3333333333333333,0.27485380116959063,0.3333333333333333,0.27485380116959063,175.26,175.26,1979-01-05,0.0
John Salter,3,1,2,0.3333333333333333,10.333333333333334,43.666666666666664,0.2366412213740458,1.3333333333333333,3.3333333333333335,0.4,0.0,0.0,85.33333333333333,16.333333333333332,1.0,-0.33333333333333326,0.3333333333333333,0.2366412213740458,0.3333333333333333,0.2366412213740458,185.42,187.96,1985-03-21,1.0
Jeff Hougland,3,1,2,0.3333333333333333,31.0,64.33333333333333,0.48186528497409326,0.6666666666666666,5.0,0.13333333333333333,1.3333333333333333,0.6666666666666666,90.0,48.0,1.3333333333333333,0.5,0.3333333333333333,0.48186528497409326,0.3333333333333333,0.48186528497409326,170.18,172.72,1978-08-02,0.0
Kalindra Faria,3,0,3,0.0,17.0,30.333333333333332,0.5604395604395604,0.6666666666666666,1.0,0.6666666666666666,0.3333333333333333,0.0,115.33333333333333,11.0,1.6666666666666667,0.6,0.0,0.5604395604395604,0.0,0.5604395604395604,170.18,,1986-07-23,0.0
Darian Weeks,3,0,3,0.0,67.33333333333333,131.33333333333334,0.5126903553299492,2.0,6.666666666666667,0.3,0.0,0.0,159.66666666666666,68.33333333333333,0.6666666666666666,-2.0,0.0,0.5126903553299492,0.0,0.5126903553299492,180.34,182.88,1993-11-23,0.0
Daichi Abe,3,1,2,0.3333333333333333,57.0,169.33333333333334,0.33661417322834647,0.3333333333333333,0.6666666666666666,0.5,0.0,0.0,7.333333333333333,67.33333333333333,0.3333333333333333,0.0,0.3333333333333333,0.33661417322834647,0.3333333333333333,0.33661417322834647,180.34,180.34,1991-11-27,0.0
Ian Loveland,3,1,2,0.3333333333333333,40.666666666666664,101.33333333333333,0.40131578947368424,1.0,2.6666666666666665,0.375,0.3333333333333333,0.3333333333333333,183.0,35.333333333333336,7.666666666666667,0.8695652173913043,0.3333333333333333,0.40131578947368424,0.3333333333333333,0.40131578947368424,172.72,,1983-09-07,0.0
Mike Santiago,3,0,3,0.0,25.0,49.0,0.5102040816326531,1.6666666666666667,3.3333333333333335,0.5,0.6666666666666666,0.3333333333333333,138.66666666666666,30.0,3.6666666666666665,0.5454545454545454,0.0,0.5102040816326531,0.0,0.5102040816326531,177.8,175.26,1989-07-28,0.0
Nick Pace,3,1,2,0.3333333333333333,26.666666666666668,76.33333333333333,0.34934497816593885,3.3333333333333335,5.333333333333333,0.625,0.6666666666666666,0.0,285.0,47.0,1.3333333333333333,-1.5,0.3333333333333333,0.34934497816593885,0.3333333333333333,0.34934497816593885,170.18,172.72,1987-04-17,0.0
Tommy McMillen,3,3,0,1.0,138.33333333333334,294.6666666666667,0.46945701357466063,1.6666666666666667,1.6666666666666667,1.0,1.0,0.0,118.66666666666667,51.666666666666664,0.6666666666666666,-1.5,1.0,0.46945701357466063,1.0,0.46945701357466063,,,,
Greg Soto,3,1,2,0.3333333333333333,32.333333333333336,50.666666666666664,0.6381578947368421,1.0,3.6666666666666665,0.2727272727272727,0.6666666666666666,0.0,244.33333333333334,26.333333333333332,3.0,0.6666666666666667,0.3333333333333333,0.6381578947368421,0.3333333333333333,0.6381578947368421,180.34,185.42,1986-06-03,0.0
Robert Sanchez,3,1,2,0.3333333333333333,6.666666666666667,16.333333333333332,0.40816326530612246,1.6666666666666667,2.6666666666666665,0.625,0.3333333333333333,0.0,171.66666666666666,12.333333333333334,1.3333333333333333,-0.25,0.3333333333333333,0.40816326530612246,0.3333333333333333,0.40816326530612246,167.64,167.64,1986-03-05,0.0
Tonya Evinger,3,0,3,0.0,15.666666666666666,37.333333333333336,0.41964285714285715,0.6666666666666666,3.0,0.2222222222222222,0.0,0.0,152.0,58.0,1.0,0.33333333333333337,0.0,0.41964285714285715,0.0,0.41964285714285715,170.18,177.8,1981-06-04,0.0
Aaron Rosa,3,1,2,0.3333333333333333,44.0,96.66666666666667,0.45517241379310347,0.0,0.3333333333333333,0.0,0.0,0.0,20.333333333333332,43.0,4.666666666666667,1.0,0.3333333333333333,0.45517241379310347,0.3333333333333333,0.45517241379310347,193.04,195.58,1983-05-28,0.0
Jacobe Smith,3,3,0,1.0,30.333333333333332,48.0,0.6319444444444444,1.3333333333333333,1.3333333333333333,1.0,0.3333333333333333,0.0,125.0,16.0,1.3333333333333333,0.0,1.0,0.6319444444444444,1.0,0.6319444444444444,,,,
Josh Stansbury,3,1,2,0.3333333333333333,33.666666666666664,61.666666666666664,0.5459459459459459,0.0,1.6666666666666667,0.0,0.6666666666666666,0.0,240.33333333333334,37.0,2.6666666666666665,1.0,0.3333333333333333,0.5459459459459459,0.3333333333333333,0.5459459459459459,187.96,187.96,1984-11-19,0.0
John Lewis,2,1,1,0.5,10.0,31.0,0.3225806451612903,0.5,0.5,1.0,0.0,0.0,99.5,5.0,0.5,0.0,0.5,0.3225806451612903,0.5,0.3225806451612903,182.88,,,1.0
Joe Charles,2,0,2,0.0,1.0,1.0,1.0,0.0,0.0,0.0,0.0,0.5,0.0,1.0,1.5,1.0,0.0,1.0,0.0,1.0,185.42,,,1.0
Carl Deaton,2,0,2,0.0,19.0,60.0,0.31666666666666665,0.0,1.0,0.0,0.0,0.0,0.0,23.0,5.0,1.0,0.0,0.31666666666666665,0.0,0.31666666666666665,170.18,175.26,1989-11-24,0.0
Micheal Gillmore,2,0,2,0.0,15.5,27.0,0.5740740740740741,0.0,0.0,0.0,0.0,0.0,1.5,23.0,5.0,1.0,0.0,0.5740740740740741,0.0,0.5740740740740741,180.34,182.88,1987-03-28,0.0
Drako Rodriguez,2,0,2,0.0,33.0,92.0,0.358695652173913,1.5,2.5,0.6,0.0,0.0,37.0,42.5,2.0,0.25,0.0,0.358695652173913,0.0,0.358695652173913,172.72,175.26,1996-06-16,0.0
Katsuhisa Fujii,2,1,1,0.5,22.5,52.0,0.4326923076923077,1.0,1.5,0.6666666666666666,0.0,0.0,264.5,9.5,1.5,0.33333333333333337,0.5,0.4326923076923077,0.5,0.4326923076923077,182.88,,1972-08-15,0.0
Yusaku Kinoshita,2,0,2,0.0,13.5,38.5,0.35064935064935066,0.0,0.5,0.0,0.0,0.0,0.5,30.5,4.0,1.0,0.0,0.35064935064935066,0.0,0.35064935064935066,182.88,180.34,2000-08-21,1.0
Todd Medina,2,1,1,0.5,2.0,2.0,1.0,0.5,0.5,1.0,0.5,0.0,0.0,4.5,0.5,0.0,0.5,1.0,0.5,1.0,177.8,,,1.0
Victor Martinez,2,0,2,0.0,12.5,27.0,0.46296296296296297,0.0,0.5,0.0,0.0,0.0,24.0,25.0,1.0,1.0,0.0,0.46296296296296297,0.0,0.46296296296296297,172.72,177.8,1991-07-17,0.0
Larry Cureton,2,0,2,0.0,3.5,4.5,0.7777777777777778,0.0,0.0,0.0,0.5,0.5,0.0,2.5,1.0,1.0,0.0,0.7777777777777778,0.0,0.7777777777777778,187.96,,,0.0
Bobby Hoffman,2,0,2,0.0,8.0,29.0,0.27586206896551724,2.5,3.0,0.8333333333333334,0.5,0.5,346.5,30.0,1.0,-1.5,0.0,0.27586206896551724,0.0,0.27586206896551724,187.96,,1968-10-28,0.0
Amaury Bitetti,2,1,1,0.5,4.0,7.5,0.5333333333333333,0.0,3.0,0.0,0.0,0.0,6.5,29.0,1.0,1.0,0.5,0.5333333333333333,0.5,0.5333333333333333,175.26,,,0.0
Kai Kamaka III,2,1,1,0.5,64.0,100.0,0.64,0.0,0.5,0.0,0.0,0.0,11.5,74.5,1.5,1.0,0.5,0.64,0.5,0.64,,,,
Joe Moreira,2,1,1,0.5,9.5,18.5,0.5135135135135135,1.5,3.0,0.5,0.0,0.0,0.0,5.0,0.0,0.0,0.5,0.5135135135135135,0.5,0.5135135135135135,180.34,,,1.0
Joe Slick,2,1,1,0.5,5.0,9.0,0.5555555555555556,0.5,1.0,0.5,2.0,0.5,84.5,2.0,4.0,0.875,0.5,0.5555555555555556,0.5,0.5555555555555556,182.88,,1977-10-17,0.0
Sam Adkins,2,0,2,0.0,0.0,2.5,0.0,0.0,0.0,0.0,0.0,0.0,0.0,6.5,1.0,1.0,0.0,0.0,0.0,0.0,190.5,,1965-04-26,0.0
Jamey Simmons,2,0,2,0.0,4.5,20.5,0.21951219512195122,0.0,1.5,0.0,0.0,0.0,22.0,11.0,2.0,1.0,0.0,0.21951219512195122,0.0,0.21951219512195122,167.64,177.8,1992-09-11,0.0
Rafael Tobias,2,0,2,0.0,26.0,78.5,0.33121019108280253,1.5,4.5,0.3333333333333333,0.5,0.0,103.0,81.5,0.5,-2.0,0.0,0.33121019108280253,0.0,0.33121019108280253,,,,
Kevin Christian,2,0,2,0.0,13.5,19.0,0.7105263157894737,0.0,1.0,0.0,0.0,0.0,0.0,19.0,0.0,0.0,0.0,0.7105263157894737,0.0,0.7105263157894737,,,,
Fabiano Scherner,2,0,2,0.0,9.0,28.5,0.3157894736842105,0.5,1.5,0.3333333333333333,0.0,0.5,57.0,22.0,2.5,0.8,0.0,0.3157894736842105,0.0,0.3157894736842105,190.5,,1972-06-30,0.0
Kurtis Campbell,2,1,1,0.5,30.5,51.0,0.5980392156862745,7.5,14.5,0.5172413793103449,0.5,0.0,368.0,14.0,0.5,-14.0,0.5,0.5980392156862745,0.5,0.5980392156862745,,,,
Kevin Jordan,2,0,2,0.0,18.0,43.0,0.4186046511627907,0.0,0.5,0.0,0.0,0.0,43.5,21.5,4.5,1.0,0.0,0.4186046511627907,0.0,0.4186046511627907,190.5,,1970-12-31,0.0
Landon Quinones,2,0,2,0.0,101.5,251.5,0.40357852882703776,0.5,1.5,0.3333333333333333,0.0,0.0,82.5,115.5,5.0,0.9,0.0,0.40357852882703776,0.0,0.40357852882703776,175.26,177.8,1995-11-21,1.0
Dakota Bush,2,0,2,0.0,26.0,67.0,0.3880597014925373,1.5,4.5,0.3333333333333333,0.0,0.5,90.5,41.5,0.5,-2.0,0.0,0.3880597014925373,0.0,0.3880597014925373,177.8,185.42,1994-06-09,0.0
Koji Oishi,2,0,2,0.0,1.5,13.0,0.11538461538461539,1.5,5.5,0.2727272727272727,0.0,0.0,152.5,19.0,0.0,0.0,0.0,0.11538461538461539,0.0,0.11538461538461539,172.72,,1977-05-31,0.0
Felipe Franco,2,1,1,0.5,30.0,58.0,0.5172413793103449,1.5,3.5,0.42857142857142855,0.0,0.0,115.5,22.5,7.0,0.7857142857142857,0.5,0.5172413793103449,0.5,0.5172413793103449,,,,
Tedd Williams,2,1,1,0.5,17.0,24.0,0.7083333333333334,0.5,5.0,0.1,0.0,0.0,238.0,22.0,0.5,0.0,0.5,0.7083333333333334,0.5,0.7083333333333334,185.42,,1969-12-19,0.0
Losene Keita,2,1,1,0.5,35.0,74.5,0.4697986577181208,0.0,0.0,0.0,0.0,0.0,10.0,35.5,0.5,1.0,0.5,0.4697986577181208,0.5,0.4697986577181208,,,,
Jesse Strader,2,0,2,0.0,39.0,75.5,0.5165562913907285,2.0,3.5,0.5714285714285714,0.0,0.0,100.5,41.0,0.5,-3.0,0.0,0.5165562913907285,0.0,0.5165562913907285,170.18,177.8,1991-05-29,0.0
Yanis Ghemmouri,2,0,2,0.0,14.5,37.5,0.38666666666666666,0.0,2.0,0.0,0.0,0.0,81.0,32.5,0.0,0.0,0.0,0.38666666666666666,0.0,0.38666666666666666,175.26,175.26,1995-01-24,0.0
Orlando Wiet,2,1,1,0.5,4.5,7.0,0.6428571428571429,0.0,0.0,0.0,0.0,0.0,0.0,4.5,1.0,1.0,0.5,0.6428571428571429,0.5,0.6428571428571429,177.8,,,1.0
Manolo Zecchini,2,0,2,0.0,14.5,51.0,0.28431372549019607,0.0,0.0,0.0,0.0,0.0,7.5,50.0,0.0,0.0,0.0,0.28431372549019607,0.0,0.28431372549019607,172.72,172.72,1996-10-22,0.0
Juancamilo Ronderos,2,0,2,0.0,6.0,19.5,0.3076923076923077,0.5,1.5,0.3333333333333333,0.0,0.0,41.0,6.0,0.0,0.0,0.0,0.3076923076923077,0.0,0.3076923076923077,160.02,162.56,1995-02-17,1.0
Alberto Montes,2,1,1,0.5,44.0,102.5,0.4292682926829268,0.0,0.0,0.0,0.5,0.0,10.5,137.0,1.5,1.0,0.5,0.4292682926829268,0.5,0.4292682926829268,,,,
Shanelle Dyer,2,2,0,1.0,92.5,147.5,0.6271186440677966,1.0,1.0,1.0,0.0,0.0,59.0,37.5,0.5,-1.0,1.0,0.6271186440677966,1.0,0.6271186440677966,,,,
Lance Gibson,2,1,1,0.5,19.5,30.5,0.639344262295082,1.0,2.0,0.5,0.5,0.0,328.0,29.5,0.5,-1.0,0.5,0.639344262295082,0.5,0.639344262295082,175.26,,1970-11-20,0.0
Anthony Ivy,2,0,2,0.0,20.0,47.5,0.42105263157894735,2.5,12.0,0.20833333333333334,0.0,0.0,175.0,36.5,0.5,-4.0,0.0,0.42105263157894735,0.0,0.42105263157894735,187.96,187.96,1990-01-23,0.0
Scott Morris,2,1,1,0.5,0.5,0.5,1.0,0.5,1.0,0.5,0.5,0.0,0.0,6.5,0.0,0.0,0.5,1.0,0.5,1.0,177.8,,,0.0
Brendon Marotte,2,0,2,0.0,2.0,4.0,0.5,0.0,0.0,0.0,0.0,0.0,0.0,27.5,1.0,1.0,0.0,0.5,0.0,0.5,,,,
Tyrell Fortune,2,1,1,0.5,25.0,51.0,0.49019607843137253,1.5,3.5,0.42857142857142855,0.0,0.0,153.5,56.5,0.5,-2.0,0.5,0.49019607843137253,0.5,0.49019607843137253,,,,
Val Woodburn,2,0,2,0.0,12.5,35.0,0.35714285714285715,1.0,1.0,1.0,0.0,0.5,58.0,38.5,3.0,0.6666666666666667,0.0,0.35714285714285715,0.0,0.35714285714285715,172.72,187.96,1993-08-10,0.0
Manoel Sousa,2,2,0,1.0,69.0,149.0,0.46308724832214765,0.5,2.0,0.25,0.5,0.0,119.0,65.0,5.5,0.9090909090909091,1.0,0.46308724832214765,1.0,0.46308724832214765,,,,
Collin Anglin,2,0,2,0.0,16.5,45.5,0.3626373626373626,0.5,1.0,0.5,0.0,0.0,15.5,47.0,0.0,0.0,0.0,0.3626373626373626,0.0,0.3626373626373626,175.26,180.34,1993-02-20,0.0
Christophe Leninger,2,0,2,0.0,2.0,9.0,0.2222222222222222,0.0,1.0,0.0,0.5,0.0,0.0,21.5,0.5,1.0,0.0,0.2222222222222222,0.0,0.2222222222222222,182.88,,,1.0
Ethyn Ewing,2,2,0,1.0,99.5,180.0,0.5527777777777778,1.5,2.5,0.6,0.0,0.0,50.5,60.5,5.5,0.7272727272727273,1.0,0.5527777777777778,1.0,0.5527777777777778,,,,
Jesse Butler,2,0,2,0.0,15.5,44.5,0.34831460674157305,0.0,0.0,0.0,0.0,0.0,0.0,35.5,1.5,1.0,0.0,0.34831460674157305,0.0,0.34831460674157305,177.8,185.42,1992-05-24,0.0
Anthony Macias,2,0,2,0.0,4.0,4.5,0.8888888888888888,0.0,0.5,0.0,0.0,0.0,0.0,0.0,2.5,1.0,0.0,0.8888888888888888,0.0,0.8888888888888888,175.26,,,0.0
Lerryan Douglas,2,1,1,0.5,21.5,37.5,0.5733333333333334,0.0,0.0,0.0,0.0,0.0,2.5,17.0,0.0,0.0,0.5,0.5733333333333334,0.5,0.5733333333333334,,,,
Liudvik Sholinian,2,0,2,0.0,37.5,122.0,0.3073770491803279,0.0,3.0,0.0,0.0,0.0,88.0,85.0,6.0,1.0,0.0,0.3073770491803279,0.0,0.3073770491803279,177.8,180.34,1990-01-20,0.0
Denzel Freeman,2,1,1,0.5,24.5,43.0,0.5697674418604651,0.0,0.5,0.0,0.0,0.0,0.0,34.0,1.0,1.0,0.5,0.5697674418604651,0.5,0.5697674418604651,,,,
Marcio Barbosa,2,2,0,1.0,7.5,16.5,0.45454545454545453,0.0,0.0,0.0,0.0,0.0,6.0,5.0,2.5,1.0,1.0,0.45454545454545453,1.0,0.45454545454545453,,,,
Josiah Harrell,2,0,2,0.0,8.0,17.5,0.45714285714285713,1.0,2.5,0.4,0.0,0.0,17.0,29.0,1.0,0.0,0.0,0.45714285714285713,0.0,0.45714285714285713,,,,
Luis Felipe Dias,2,1,1,0.5,21.5,45.0,0.4777777777777778,0.0,0.0,0.0,0.0,0.0,18.0,14.0,0.0,0.0,0.5,0.4777777777777778,0.5,0.4777777777777778,,,,
Townsend Saunders,2,0,2,0.0,23.5,48.5,0.4845360824742268,1.0,4.5,0.2222222222222222,0.0,0.5,0.0,30.0,0.0,0.0,0.0,0.4845360824742268,0.0,0.4845360824742268,165.1,,,0.0
Jutaro Nakao,2,1,1,0.5,6.0,14.0,0.42857142857142855,0.0,0.5,0.0,0.0,0.0,126.5,11.0,7.0,1.0,0.5,0.42857142857142855,0.5,0.42857142857142855,175.26,,1970-11-30,1.0
Travis Fulton,2,1,1,0.5,15.5,27.0,0.5740740740740741,0.5,1.5,0.3333333333333333,0.0,0.0,230.5,7.5,2.5,0.8,0.5,0.5740740740740741,0.5,0.5740740740740741,182.88,,1977-05-29,0.0
Chris Brennan,2,0,2,0.0,5.0,16.5,0.30303030303030304,0.5,1.5,0.3333333333333333,1.0,0.0,4.5,11.5,1.5,0.6666666666666667,0.0,0.30303030303030304,0.0,0.30303030303030304,172.72,,1971-10-12,0.0
Brad Kohler,2,1,1,0.5,7.5,13.5,0.5555555555555556,2.0,3.5,0.5714285714285714,0.0,0.0,4.0,3.0,0.0,0.0,0.5,0.5555555555555556,0.5,0.5555555555555556,175.26,,1964-05-26,0.0
Yaroslav Amosov,2,2,0,1.0,12.5,23.5,0.5319148936170213,3.5,6.5,0.5384615384615384,1.0,0.0,174.0,6.5,0.0,0.0,1.0,0.5319148936170213,1.0,0.5319148936170213,,,,
Cameron Else,2,0,2,0.0,8.5,21.0,0.40476190476190477,0.0,0.0,0.0,0.0,0.0,8.0,34.5,1.5,1.0,0.0,0.40476190476190477,0.0,0.40476190476190477,175.26,180.34,1987-04-27,0.0
Gadzhi Omargadzhiev,2,0,2,0.0,25.0,68.5,0.36496350364963503,1.0,4.5,0.2222222222222222,0.0,0.0,45.0,35.5,2.5,0.6,0.0,0.36496350364963503,0.0,0.36496350364963503,185.42,180.34,1993-02-24,0.0
Dwayne Cason,2,1,1,0.5,5.5,11.0,0.5,0.5,0.5,1.0,0.0,0.0,0.0,3.0,0.5,0.0,0.5,0.5,0.5,0.5,177.8,,,0.0
Lance Gibson Jr.,2,1,1,0.5,21.5,47.0,0.4574468085106383,1.0,1.5,0.6666666666666666,0.0,0.0,38.5,38.0,2.0,0.5,0.5,0.4574468085106383,0.5,0.4574468085106383,,,,
Phillip Miller,2,2,0,1.0,20.0,37.0,0.5405405405405406,3.0,12.0,0.25,0.5,0.5,486.0,24.0,0.5,-5.0,1.0,0.5405405405405406,1.0,0.5405405405405406,180.34,,1979-02-20,0.0
Cameron VanCamp,2,0,2,0.0,17.0,35.5,0.4788732394366197,0.0,0.0,0.0,0.0,0.0,0.0,20.5,0.0,0.0,0.0,0.4788732394366197,0.0,0.4788732394366197,187.96,187.96,1993-04-27,0.0
Carlos Candelario,2,0,2,0.0,39.0,91.0,0.42857142857142855,1.5,3.0,0.5,0.5,1.5,153.5,73.5,2.5,0.4,0.0,0.42857142857142855,0.0,0.42857142857142855,172.72,172.72,1991-06-04,1.0
Sarah Alpar,2,0,2,0.0,26.5,71.5,0.3706293706293706,1.0,6.0,0.16666666666666666,0.0,0.0,104.0,98.0,2.0,0.5,0.0,0.3706293706293706,0.0,0.3706293706293706,162.56,160.02,1991-06-01,1.0
John Allan,2,0,2,0.0,53.0,137.5,0.38545454545454544,0.5,0.5,1.0,0.0,0.0,7.5,102.0,2.5,0.8,0.0,0.38545454545454544,0.0,0.38545454545454544,185.42,190.5,1993-02-22,0.0
Ding Meng,2,0,2,0.0,51.0,112.5,0.4533333333333333,0.0,0.5,0.0,0.0,0.0,35.0,56.5,5.5,1.0,0.0,0.4533333333333333,0.0,0.4533333333333333,,,,
KB Bhullar,2,0,2,0.0,36.0,73.0,0.4931506849315068,0.0,0.0,0.0,0.0,0.0,6.0,45.0,0.5,1.0,0.0,0.4931506849315068,0.0,0.4931506849315068,193.04,198.12,1991-10-12,0.0
Louis Cosce,2,0,2,0.0,54.5,122.0,0.44672131147540983,1.0,5.0,0.2,0.5,0.0,134.5,75.0,3.0,0.6666666666666667,0.0,0.44672131147540983,0.0,0.44672131147540983,175.26,180.34,1995-08-27,0.0
Lawrence Lui,2,1,1,0.5,42.0,104.5,0.4019138755980861,3.5,8.0,0.4375,0.0,0.0,150.0,43.0,0.0,0.0,0.5,0.4019138755980861,0.5,0.4019138755980861,,,,
Keith Rockel,2,1,1,0.5,5.5,7.5,0.7333333333333333,1.5,2.0,0.75,1.5,0.0,257.5,1.0,0.5,-2.0,0.5,0.7333333333333333,0.5,0.7333333333333333,182.88,,,0.0
Bas Rutten,2,2,0,1.0,24.5,45.0,0.5444444444444444,0.0,0.0,0.0,0.5,0.0,0.0,21.5,7.5,1.0,1.0,0.5444444444444444,1.0,0.5444444444444444,185.42,,1965-02-24,0.0
Amar Suloev,2,0,2,0.0,17.5,42.0,0.4166666666666667,0.5,0.5,1.0,0.5,0.0,1.5,28.5,1.0,0.5,0.0,0.4166666666666667,0.0,0.4166666666666667,175.26,,1976-07-01,0.0
Victor Rodriguez,2,0,2,0.0,3.0,8.0,0.375,0.0,1.5,0.0,0.0,0.0,27.0,11.5,0.0,0.0,0.0,0.375,0.0,0.375,165.1,170.18,1992-09-05,0.0
Christian Edwards,2,1,1,0.5,47.5,82.5,0.5757575757575758,0.0,3.0,0.0,0.0,0.0,212.0,33.0,0.0,0.0,0.5,0.5757575757575758,0.5,0.5757575757575758,,,,
Andre Roberts,2,1,1,0.5,6.0,11.5,0.5217391304347826,0.0,0.0,0.0,0.0,0.0,14.0,15.0,0.0,0.0,0.5,0.5217391304347826,0.5,0.5217391304347826,187.96,,1965-02-24,0.0
Jason Godsey,2,0,2,0.0,1.5,7.0,0.21428571428571427,0.5,0.5,1.0,0.0,0.0,39.5,3.0,0.5,0.0,0.0,0.21428571428571427,0.0,0.21428571428571427,187.96,,,0.0
Tommy Gantt,2,2,0,1.0,42.0,60.0,0.7,4.0,12.5,0.32,0.5,0.0,455.0,11.5,0.5,-7.0,1.0,0.7,1.0,0.7,,,,
Ty Miller,2,2,0,1.0,96.0,171.0,0.5614035087719298,0.0,0.0,0.0,0.0,0.0,31.5,30.5,5.0,1.0,1.0,0.5614035087719298,1.0,0.5614035087719298,,,,
Andrei Semenov,2,1,1,0.5,5.0,37.5,0.13333333333333333,0.5,1.0,0.5,0.5,0.0,125.5,27.5,3.0,0.8333333333333334,0.5,0.13333333333333333,0.5,0.13333333333333333,182.88,,1977-06-17,0.0
Gianni Vazquez,2,0,2,0.0,15.5,66.5,0.23308270676691728,0.0,0.0,0.0,1.0,0.5,12.5,35.5,4.0,1.0,0.0,0.23308270676691728,0.0,0.23308270676691728,,,,
Bruno Souza,2,0,2,0.0,56.0,140.5,0.398576512455516,0.5,3.0,0.16666666666666666,0.0,0.0,28.5,79.5,2.5,0.8,0.0,0.398576512455516,0.0,0.398576512455516,177.8,177.8,1996-03-07,0.0
Benji Radach,2,1,1,0.5,16.5,32.0,0.515625,0.0,0.0,0.0,0.0,0.0,309.0,3.0,7.5,1.0,0.5,0.515625,0.5,0.515625,177.8,,1979-04-05,0.0
Xiong Jingnan,2,0,2,0.0,42.0,120.0,0.35,0.0,0.0,0.0,0.0,0.0,3.5,69.0,2.0,1.0,0.0,0.35,0.0,0.35,,,,
Dom Mar Fan,2,1,1,0.5,50.0,87.5,0.5714285714285714,0.5,2.0,0.25,0.0,1.0,107.5,34.5,5.5,0.9090909090909091,0.5,0.5714285714285714,0.5,0.5714285714285714,,,,
Mark Striegl,2,0,2,0.0,5.5,12.0,0.4583333333333333,0.0,1.5,0.0,0.0,0.0,41.0,16.0,1.5,1.0,0.0,0.4583333333333333,0.0,0.4583333333333333,172.72,177.8,1988-06-23,1.0
Jean-Paul Lebosnoyani,2,2,0,1.0,59.0,131.5,0.44866920152091255,3.0,6.5,0.46153846153846156,2.0,0.0,223.0,60.0,2.0,-0.5,1.0,0.44866920152091255,1.0,0.44866920152091255,,,,
TJ Laramie,2,0,2,0.0,7.5,17.5,0.42857142857142855,0.5,2.5,0.2,0.0,0.5,135.0,25.5,5.0,0.9,0.0,0.42857142857142855,0.0,0.42857142857142855,167.64,167.64,1997-10-15,0.0
Steve Nelmark,2,1,1,0.5,7.5,9.0,0.8333333333333334,1.0,1.0,1.0,0.5,0.0,0.0,6.5,0.5,-1.0,0.5,0.8333333333333334,0.5,0.8333333333333334,182.88,,,0.0
Dan Bobish,2,1,1,0.5,4.5,11.0,0.4090909090909091,0.5,0.5,1.0,0.5,0.0,0.0,4.5,0.5,0.0,0.5,0.4090909090909091,0.5,0.4090909090909091,187.96,,1970-01-26,1.0
Don Shainis,2,0,2,0.0,26.5,52.5,0.5047619047619047,0.5,2.0,0.25,1.0,1.0,73.5,45.5,2.5,0.8,0.0,0.5047619047619047,0.0,0.5047619047619047,167.64,170.18,1990-09-16,0.0
Paul Jones,2,1,1,0.5,13.0,21.0,0.6190476190476191,0.0,2.5,0.0,1.0,0.5,139.0,7.0,0.0,0.0,0.5,0.6190476190476191,0.5,0.6190476190476191,175.26,,1963-06-16,0.0
Ali AlQaisi,2,0,2,0.0,36.5,86.0,0.42441860465116277,3.5,12.0,0.2916666666666667,1.0,0.0,237.5,29.5,2.5,-0.3999999999999999,0.0,0.42441860465116277,0.0,0.42441860465116277,167.64,172.72,1990-09-23,0.0
Moti Horenstein,2,0,2,0.0,0.5,1.5,0.3333333333333333,0.0,0.0,0.0,0.0,0.0,0.0,19.5,1.5,1.0,0.0,0.3333333333333333,0.0,0.3333333333333333,193.04,,,0.0
Kaynan Kruschewsky,2,0,2,0.0,48.5,93.5,0.5187165775401069,1.5,1.5,1.0,1.0,0.0,83.5,54.0,2.0,0.25,0.0,0.5187165775401069,0.0,0.5187165775401069,,,,
Vince Cachero,2,0,2,0.0,45.5,99.0,0.4595959595959596,0.0,2.0,0.0,0.5,0.5,32.0,90.0,8.0,1.0,0.0,0.4595959595959596,0.0,0.4595959595959596,167.64,172.72,1989-11-07,0.0
Jeremy Jackson,2,0,2,0.0,7.0,25.5,0.27450980392156865,1.0,2.5,0.4,0.0,1.0,204.5,14.5,6.5,0.8461538461538461,0.0,0.27450980392156865,0.0,0.27450980392156865,177.8,,1982-09-19,0.0
Regina Tarin,2,2,0,1.0,95.5,214.5,0.44522144522144524,0.5,1.5,0.3333333333333333,0.0,0.0,35.5,84.0,3.0,0.8333333333333334,1.0,0.44522144522144524,1.0,0.44522144522144524,,,,
David Dodd,2,0,2,0.0,5.0,15.5,0.3225806451612903,0.0,3.5,0.0,0.0,0.0,49.5,20.5,1.5,1.0,0.0,0.3225806451612903,0.0,0.3225806451612903,187.96,,1973-09-22,0.0
Valeri Ignatov,2,0,2,0.0,4.5,16.5,0.2727272727272727,0.0,0.0,0.0,0.5,0.0,0.0,50.0,5.0,1.0,0.0,0.2727272727272727,0.0,0.2727272727272727,175.26,,,0.0
Tim Lajcik,2,0,2,0.0,8.5,22.5,0.37777777777777777,0.0,0.5,0.0,0.0,0.0,258.0,21.0,3.5,1.0,0.0,0.37777777777777777,0.0,0.37777777777777777,185.42,,1965-06-21,0.0
Steve Judson,2,0,2,0.0,7.0,13.5,0.5185185185185185,0.0,0.5,0.0,0.0,0.0,10.0,6.0,0.5,1.0,0.0,0.5185185185185185,0.0,0.5185185185185185,180.34,,,0.0
Shem Rock,2,0,2,0.0,45.5,116.0,0.3922413793103448,1.0,7.5,0.13333333333333333,0.0,0.0,43.5,66.0,4.5,0.7777777777777778,0.0,0.3922413793103448,0.0,0.3922413793103448,,,,
Saygid Izagakhmaev,2,0,2,0.0,26.5,58.5,0.452991452991453,3.0,8.5,0.35294117647058826,1.5,0.0,242.0,26.5,6.0,0.5,0.0,0.452991452991453,0.0,0.452991452991453,,,,
Nick Aguirre,2,0,2,0.0,9.5,28.0,0.3392857142857143,1.0,5.0,0.2,0.5,0.5,210.5,37.5,3.0,0.6666666666666667,0.0,0.3392857142857143,0.0,0.3392857142857143,175.26,187.96,1996-01-15,1.0
Alexandre Dantas,2,0,2,0.0,7.5,23.5,0.3191489361702128,1.0,7.5,0.13333333333333333,0.5,0.5,250.5,21.0,0.0,0.0,0.0,0.3191489361702128,0.0,0.3191489361702128,187.96,,1979-03-01,0.0
Nick Fiore,2,0,2,0.0,42.5,91.5,0.4644808743169399,2.5,5.5,0.45454545454545453,0.0,0.0,160.5,119.0,7.0,0.6428571428571428,0.0,0.4644808743169399,0.0,0.4644808743169399,177.8,182.88,1997-12-10,0.0
Javier Reyes,2,1,1,0.5,26.5,55.0,0.4818181818181818,0.5,1.0,0.5,0.0,0.0,58.5,17.0,0.0,0.0,0.5,0.4818181818181818,0.5,0.4818181818181818,,,,
Peter Barrett,2,0,2,0.0,35.5,72.0,0.4930555555555556,0.0,1.0,0.0,0.0,0.0,79.5,55.5,5.5,1.0,0.0,0.4930555555555556,0.0,0.4930555555555556,177.8,185.42,1986-08-10,1.0
Gaetano Pirrello,2,0,2,0.0,5.5,10.0,0.55,0.0,0.0,0.0,0.0,0.0,0.0,13.5,5.0,1.0,0.0,0.55,0.0,0.55,170.18,165.1,1992-04-29,0.0
Semmy Schilt,2,1,1,0.5,8.0,13.5,0.5925925925925926,0.0,0.0,0.0,0.0,0.0,27.0,8.0,2.5,1.0,0.5,0.5925925925925926,0.5,0.5925925925925926,208.28,,1973-10-27,0.0
Alex Hunter,2,2,0,1.0,9.0,15.0,0.6,1.0,3.0,0.3333333333333333,0.0,0.5,0.0,6.5,0.5,-1.0,1.0,0.6,1.0,0.6,175.26,,,0.0
Gable Steveson,2,1,1,0.5,21.0,29.5,0.711864406779661,0.0,0.5,0.0,0.0,0.0,5.0,8.0,0.0,0.0,0.5,0.711864406779661,0.5,0.711864406779661,,,,
Travis Wiuff,2,0,2,0.0,1.5,2.5,0.6,1.0,2.5,0.4,0.5,0.0,37.0,19.5,3.0,0.6666666666666667,0.0,0.6,0.0,0.6,190.5,,1978-03-15,0.0
Steve Berger,2,0,2,0.0,6.5,27.5,0.23636363636363636,0.5,1.5,0.3333333333333333,1.5,0.5,46.5,28.0,3.0,0.8333333333333334,0.0,0.23636363636363636,0.0,0.23636363636363636,180.34,,1973-05-20,0.0
Ray Rodriguez,2,0,2,0.0,2.0,11.5,0.17391304347826086,0.5,0.5,1.0,0.0,0.0,6.0,4.5,2.0,0.75,0.0,0.17391304347826086,0.0,0.17391304347826086,170.18,177.8,1987-12-10,0.0
Dave Strasser,2,1,1,0.5,31.0,68.0,0.45588235294117646,0.5,1.5,0.3333333333333333,0.0,0.0,148.0,18.5,4.0,0.875,0.5,0.45588235294117646,0.5,0.45588235294117646,177.8,,1969-07-13,0.0
Steven Graham,2,1,1,0.5,0.0,0.0,0.0,0.5,0.5,1.0,0.5,0.0,0.0,8.5,0.5,0.0,0.5,0.0,0.5,0.0,185.42,,,0.0
Carlton Minus,2,0,2,0.0,52.5,131.0,0.40076335877862596,0.0,0.5,0.0,0.0,0.0,0.0,74.5,8.5,1.0,0.0,0.40076335877862596,0.0,0.40076335877862596,177.8,190.5,1993-04-26,0.0
Falaniko Vitale,2,1,1,0.5,2.5,12.5,0.2,0.0,1.0,0.0,0.0,0.0,113.0,18.5,3.0,1.0,0.5,0.2,0.5,0.2,177.8,,1974-07-14,0.0
Royce Alger,2,0,2,0.0,7.0,16.0,0.4375,1.0,4.5,0.2222222222222222,0.0,0.0,76.5,10.5,0.0,0.0,0.0,0.4375,0.0,0.4375,177.8,,,0.0
Damian Pinas,2,2,0,1.0,20.0,28.0,0.7142857142857143,0.0,0.5,0.0,0.0,0.0,26.0,20.0,3.5,1.0,1.0,0.7142857142857143,1.0,0.7142857142857143,,,,
Patricio Pitbull,2,1,1,0.5,43.5,81.5,0.5337423312883436,0.0,0.0,0.0,0.0,0.0,2.5,60.0,6.5,1.0,0.5,0.5337423312883436,0.5,0.5337423312883436,,,,
Levi Rodrigues Jr.,2,0,2,0.0,19.5,44.5,0.43820224719101125,0.0,1.0,0.0,0.0,0.0,22.0,49.0,3.0,1.0,0.0,0.43820224719101125,0.0,0.43820224719101125,,,,
Michal Figlak,2,0,2,0.0,60.0,153.0,0.39215686274509803,0.5,4.0,0.125,0.0,0.0,96.0,74.0,7.0,0.9285714285714286,0.0,0.39215686274509803,0.0,0.39215686274509803,177.8,177.8,1996-08-15,0.0
Curtis Stout,2,0,2,0.0,3.5,5.0,0.7,0.0,0.0,0.0,0.0,0.0,1.5,25.5,3.0,1.0,0.0,0.7,0.0,0.7,185.42,,1973-11-07,1.0
Brandon Jenkins,2,0,2,0.0,29.5,71.5,0.4125874125874126,0.0,0.0,0.0,0.0,0.5,7.0,81.0,5.5,1.0,0.0,0.4125874125874126,0.0,0.4125874125874126,182.88,180.34,1991-09-30,0.0
Jeisla Chaves,2,1,1,0.5,37.0,63.5,0.5826771653543307,1.5,3.0,0.5,0.5,0.0,134.5,39.0,2.0,0.25,0.5,0.5826771653543307,0.5,0.5826771653543307,,,,
Sai Wang,2,1,1,0.5,47.5,101.5,0.46798029556650245,0.0,1.0,0.0,0.0,1.0,329.0,34.0,9.0,1.0,0.5,0.46798029556650245,0.5,0.46798029556650245,182.88,,1986-01-14,1.0
Aalon Cruz,2,0,2,0.0,1.0,7.5,0.13333333333333333,0.0,1.5,0.0,0.0,0.0,8.0,32.5,0.0,0.0,0.0,0.13333333333333333,0.0,0.13333333333333333,182.88,198.12,1989-09-20,0.0
Elvis Mutapcic,2,0,2,0.0,33.5,100.5,0.3333333333333333,0.0,0.0,0.0,0.0,0.0,129.0,52.5,5.0,1.0,0.0,0.3333333333333333,0.0,0.3333333333333333,182.88,182.88,1986-07-19,0.0
Daniel Jolly,2,0,2,0.0,3.0,8.5,0.35294117647058826,0.0,1.0,0.0,0.0,0.0,18.5,13.5,2.0,1.0,0.0,0.35294117647058826,0.0,0.35294117647058826,185.42,190.5,1984-09-03,0.0
Dan Stittgen,2,0,2,0.0,28.5,61.5,0.4634146341463415,0.5,0.5,1.0,0.0,0.0,6.5,42.5,8.5,0.9411764705882353,0.0,0.4634146341463415,0.0,0.4634146341463415,185.42,,1980-11-17,0.0
Yusuke Kasuya,2,0,2,0.0,24.0,54.5,0.44036697247706424,1.0,3.0,0.3333333333333333,0.0,0.5,51.5,48.0,1.5,0.33333333333333337,0.0,0.44036697247706424,0.0,0.44036697247706424,170.18,,1989-11-16,1.0
Eric Wisely,2,0,2,0.0,19.0,36.5,0.5205479452054794,0.0,0.5,0.0,0.0,0.0,7.5,25.0,3.5,1.0,0.0,0.5205479452054794,0.0,0.5205479452054794,172.72,,1984-07-25,1.0
Victor Hugo,2,1,1,0.5,56.5,124.5,0.4538152610441767,0.5,2.0,0.25,0.5,0.0,33.5,51.0,10.0,0.95,0.5,0.4538152610441767,0.5,0.4538152610441767,,,,
Pedro Falcao,2,0,2,0.0,49.5,111.5,0.4439461883408072,2.5,13.0,0.19230769230769232,0.0,0.0,304.0,70.5,1.5,-0.6666666666666667,0.0,0.4439461883408072,0.0,0.4439461883408072,,,,
Anton Zafir,2,0,2,0.0,11.0,17.0,0.6470588235294118,1.5,2.5,0.6,0.0,0.0,125.5,8.5,0.5,-2.0,0.0,0.6470588235294118,0.0,0.6470588235294118,180.34,,1987-05-10,0.0
Cesar Arzamendia,2,0,2,0.0,16.5,36.5,0.4520547945205479,1.5,2.0,0.75,0.5,0.0,37.5,16.0,0.0,0.0,0.0,0.4520547945205479,0.0,0.4520547945205479,180.34,,1991-01-31,0.0
Nick Denis,2,1,1,0.5,17.5,33.0,0.5303030303030303,0.5,0.5,1.0,0.0,0.0,62.5,14.5,2.5,0.8,0.5,0.5303030303030303,0.5,0.5303030303030303,170.18,,1983-10-11,0.0
Enrique Marin,2,0,2,0.0,21.5,65.0,0.33076923076923076,2.5,6.5,0.38461538461538464,1.0,1.0,327.5,45.0,2.5,0.0,0.0,0.33076923076923076,0.0,0.33076923076923076,177.8,,1986-09-02,
Tommy Hayden,2,0,2,0.0,6.5,24.0,0.2708333333333333,1.0,3.0,0.3333333333333333,0.0,0.0,53.5,9.0,3.0,0.6666666666666667,0.0,0.2708333333333333,0.0,0.2708333333333333,175.26,,1986-03-11,1.0
Horacio Gutierrez,2,0,2,0.0,7.5,28.0,0.26785714285714285,0.0,0.0,0.0,0.0,0.0,0.0,25.5,5.0,1.0,0.0,0.26785714285714285,0.0,0.26785714285714285,177.8,,1990-09-15,
Pat Schilling,2,0,2,0.0,15.5,57.5,0.26956521739130435,0.0,8.5,0.0,0.0,0.0,30.5,68.5,0.5,1.0,0.0,0.26956521739130435,0.0,0.26956521739130435,172.72,,1988-08-28,0.0
Ednaldo Oliveira,2,0,2,0.0,9.5,42.5,0.2235294117647059,0.0,0.5,0.0,0.0,0.0,96.5,16.5,3.5,1.0,0.0,0.2235294117647059,0.0,0.2235294117647059,195.58,,1984-02-19,0.0
Josh Clopton,2,0,2,0.0,24.0,37.5,0.64,2.0,3.0,0.6666666666666666,0.0,0.0,332.0,43.0,4.0,0.5,0.0,0.64,0.0,0.64,167.64,,1981-07-11,0.0
Josh Ferguson,2,0,2,0.0,27.0,61.5,0.43902439024390244,0.5,4.5,0.1111111111111111,0.0,0.5,265.5,53.0,5.5,0.9090909090909091,0.0,0.43902439024390244,0.0,0.43902439024390244,165.1,,1988-05-13,0.0
Alex Soto,2,0,2,0.0,23.5,93.0,0.25268817204301075,1.5,5.0,0.3,0.0,0.0,27.0,40.0,0.0,0.0,0.0,0.25268817204301075,0.0,0.25268817204301075,172.72,,1984-02-15,1.0
Dileno Lopes,2,0,2,0.0,35.5,98.0,0.3622448979591837,2.5,8.0,0.3125,1.5,0.0,236.0,50.0,0.5,-4.0,0.0,0.3622448979591837,0.0,0.3622448979591837,165.1,,1984-09-26,
Fernando Bruno,2,0,2,0.0,26.0,66.5,0.39097744360902253,2.0,9.0,0.2222222222222222,0.5,0.0,241.5,26.5,8.0,0.75,0.0,0.39097744360902253,0.0,0.39097744360902253,167.64,,1982-02-24,
Bernardo Magalhaes,2,0,2,0.0,27.0,100.0,0.27,0.0,9.0,0.0,0.5,0.5,5.5,50.5,0.0,0.0,0.0,0.27,0.0,0.27,175.26,,1981-04-08,0.0
Steve Montgomery,2,0,2,0.0,43.0,109.5,0.3926940639269406,0.0,0.0,0.0,0.0,0.0,1.0,36.5,7.0,1.0,0.0,0.3926940639269406,0.0,0.3926940639269406,193.04,,1990-12-19,1.0
Leo Kuntz,2,0,2,0.0,19.0,58.0,0.3275862068965517,1.5,6.0,0.25,0.5,0.0,192.5,43.0,3.0,0.5,0.0,0.3275862068965517,0.0,0.3275862068965517,177.8,,1983-10-03,0.0
John Cofer,2,0,2,0.0,33.5,80.0,0.41875,1.0,2.0,0.5,0.0,1.5,117.0,42.0,7.0,0.8571428571428572,0.0,0.41875,0.0,0.41875,175.26,,1984-04-29,1.0
Ericka Almeida,2,0,2,0.0,16.0,40.5,0.3950617283950617,0.5,1.5,0.3333333333333333,0.0,0.0,106.5,50.0,4.0,0.875,0.0,0.3950617283950617,0.0,0.3950617283950617,167.64,,1989-03-05,0.0
Shane del Rosario,2,0,2,0.0,23.0,37.0,0.6216216216216216,0.5,2.0,0.25,1.0,0.0,98.5,21.5,1.0,0.5,0.0,0.6216216216216216,0.0,0.6216216216216216,193.04,,1983-09-23,1.0
Steve Kennedy,2,0,2,0.0,20.5,57.0,0.35964912280701755,1.5,4.5,0.3333333333333333,0.0,0.0,145.5,49.5,1.0,-0.5,0.0,0.35964912280701755,0.0,0.35964912280701755,180.34,,1983-03-07,0.0
Chad Griggs,2,0,2,0.0,1.0,3.0,0.3333333333333333,0.5,1.0,0.5,0.0,0.0,3.5,5.0,2.0,0.75,0.0,0.3333333333333333,0.0,0.3333333333333333,185.42,185.42,1978-05-15,0.0
Sirwan Kakai,2,1,1,0.5,53.5,129.5,0.41312741312741313,4.0,9.5,0.42105263157894735,0.0,0.0,216.5,69.5,3.0,-0.33333333333333326,0.5,0.41312741312741313,0.5,0.41312741312741313,165.1,,1989-10-03,0.0
Besam Yousef,2,0,2,0.0,35.5,66.5,0.5338345864661654,1.0,1.5,0.6666666666666666,0.0,0.0,137.5,45.0,5.0,0.8,0.0,0.5338345864661654,0.0,0.5338345864661654,180.34,,1985-03-25,0.0
Eiji Mitsuoka,2,0,2,0.0,18.5,38.0,0.4868421052631579,0.5,3.0,0.16666666666666666,0.5,0.0,47.0,40.5,2.0,0.75,0.0,0.4868421052631579,0.0,0.4868421052631579,170.18,,1976-01-01,1.0
Hayder Hassan,2,0,2,0.0,9.0,19.5,0.46153846153846156,0.0,0.5,0.0,0.0,0.0,0.0,13.5,4.0,1.0,0.0,0.46153846153846156,0.0,0.46153846153846156,177.8,,1982-10-20,
Yoislandy Izquierdo,2,0,2,0.0,31.5,60.5,0.5206611570247934,0.0,1.0,0.0,0.0,0.0,8.5,15.0,7.0,1.0,0.0,0.5206611570247934,0.0,0.5206611570247934,180.34,,1984-01-09,1.0
Michael Graves,2,2,0,1.0,19.0,33.5,0.5671641791044776,4.5,8.5,0.5294117647058824,0.5,0.5,433.0,19.0,0.5,-8.0,1.0,0.5671641791044776,1.0,0.5671641791044776,177.8,180.34,1991-01-08,0.0
Tom DeBlass,2,0,2,0.0,22.5,63.0,0.35714285714285715,1.0,2.0,0.5,0.5,1.0,220.0,66.5,3.5,0.7142857142857143,0.0,0.35714285714285715,0.0,0.35714285714285715,182.88,,1982-05-14,0.0
Oli Thompson,2,0,2,0.0,23.5,48.5,0.4845360824742268,0.0,2.0,0.0,0.5,0.0,26.5,49.5,3.0,1.0,0.0,0.4845360824742268,0.0,0.4845360824742268,185.42,,1980-01-02,0.0
Yasuhiro Urushitani,2,0,2,0.0,35.0,88.0,0.3977272727272727,0.0,0.5,0.0,0.0,0.0,0.0,47.5,2.5,1.0,0.0,0.3977272727272727,0.0,0.3977272727272727,165.1,,1976-09-08,1.0
Nick Penner,2,0,2,0.0,6.0,20.0,0.3,0.0,0.0,0.0,0.0,0.5,59.0,22.0,2.5,1.0,0.0,0.3,0.0,0.3,193.04,,1980-03-26,1.0
Mehdi Baghdad,2,0,2,0.0,30.5,99.0,0.30808080808080807,0.0,0.5,0.0,0.0,0.0,3.5,44.5,1.5,1.0,0.0,0.30808080808080807,0.0,0.30808080808080807,185.42,,1985-04-13,0.0
Joey Gomez,2,0,2,0.0,29.5,103.5,0.28502415458937197,0.5,0.5,1.0,0.0,0.0,19.5,54.0,6.0,0.9166666666666666,0.0,0.28502415458937197,0.0,0.28502415458937197,,,,
Pearl Gonzalez,2,0,2,0.0,32.0,85.0,0.3764705882352941,1.0,9.0,0.1111111111111111,0.5,0.0,343.0,58.5,1.0,0.0,0.0,0.3764705882352941,0.0,0.3764705882352941,162.56,,1986-08-12,0.0
Leonardo Guimaraes,2,0,2,0.0,35.0,62.5,0.56,0.0,0.0,0.0,1.0,0.0,113.0,44.5,9.5,1.0,0.0,0.56,0.0,0.56,182.88,,1982-04-15,0.0
Jason Novelli,2,0,2,0.0,18.5,77.0,0.24025974025974026,0.5,1.5,0.3333333333333333,0.0,0.0,44.5,38.0,0.5,0.0,0.0,0.24025974025974026,0.0,0.24025974025974026,182.88,,1979-06-08,0.0
Danny Downes,2,0,2,0.0,19.0,57.5,0.33043478260869563,0.0,0.0,0.0,0.5,0.0,29.5,57.0,11.0,1.0,0.0,0.33043478260869563,0.0,0.33043478260869563,182.88,182.88,1986-04-08,0.0
Joseph Gigliotti,2,0,2,0.0,10.0,25.5,0.39215686274509803,1.0,1.0,1.0,0.5,0.0,48.5,28.0,4.0,0.75,0.0,0.39215686274509803,0.0,0.39215686274509803,180.34,,1993-08-13,0.0
Chris Avila,2,0,2,0.0,35.5,116.5,0.30472103004291845,0.0,0.5,0.0,0.0,0.0,11.0,62.5,6.5,1.0,0.0,0.30472103004291845,0.0,0.30472103004291845,177.8,,1993-01-16,0.0
Alex Ricci,2,0,2,0.0,24.5,59.5,0.4117647058823529,0.0,1.0,0.0,0.0,0.0,44.0,25.0,7.0,1.0,0.0,0.4117647058823529,0.0,0.4117647058823529,180.34,,1982-07-21,0.0
Jim Wallhead,2,0,2,0.0,39.5,147.5,0.2677966101694915,0.0,1.0,0.0,0.0,0.0,20.5,82.5,2.5,1.0,0.0,0.2677966101694915,0.0,0.2677966101694915,177.8,,1984-03-14,0.0
Steven Nguyen,2,1,1,0.5,77.5,200.0,0.3875,0.5,0.5,1.0,0.0,0.0,93.0,81.0,2.5,0.8,0.5,0.3875,0.5,0.3875,,,,
Michael McBride,2,0,2,0.0,49.5,101.5,0.4876847290640394,1.5,3.5,0.42857142857142855,1.0,0.5,43.5,71.0,5.0,0.7,0.0,0.4876847290640394,0.0,0.4876847290640394,185.42,,1986-03-09,0.0
Mackens Semerzier,2,1,1,0.5,9.0,11.0,0.8181818181818182,1.5,2.5,0.6,0.5,0.0,96.0,8.0,0.0,0.0,0.5,0.8181818181818182,0.5,0.8181818181818182,175.26,182.88,1980-11-03,0.0
Roberto Romero,2,0,2,0.0,54.5,111.0,0.49099099099099097,0.0,1.5,0.0,0.0,0.0,106.5,77.0,3.5,1.0,0.0,0.49099099099099097,0.0,0.49099099099099097,,,,
Christian Colombo,2,0,2,0.0,2.5,11.0,0.22727272727272727,0.0,0.0,0.0,0.0,0.0,0.0,33.0,3.5,1.0,0.0,0.22727272727272727,0.0,0.22727272727272727,195.58,,1980-07-01,0.0
Kwan Ho Kwak,2,0,2,0.0,31.5,76.0,0.4144736842105263,0.5,0.5,1.0,0.0,0.0,10.5,33.0,7.5,0.9333333333333333,0.0,0.4144736842105263,0.0,0.4144736842105263,165.1,,1989-06-18,0.0
Charlie Ward,2,0,2,0.0,2.5,13.0,0.19230769230769232,0.0,0.5,0.0,0.0,0.0,4.0,11.0,0.5,1.0,0.0,0.19230769230769232,0.0,0.19230769230769232,180.34,,1980-12-17,0.0
Kyle Watson,2,1,1,0.5,48.5,138.0,0.35144927536231885,0.0,7.5,0.0,0.0,0.0,83.0,43.0,0.5,1.0,0.5,0.35144927536231885,0.5,0.35144927536231885,182.88,,1979-08-09,1.0
Nyamjargal Tumendemberel,2,1,1,0.5,25.5,67.5,0.37777777777777777,2.0,3.5,0.5714285714285714,1.0,1.5,213.5,26.0,11.0,0.8181818181818181,0.5,0.37777777777777777,0.5,0.37777777777777777,,,,
TJ O'Brien,2,0,2,0.0,30.0,65.0,0.46153846153846156,0.5,0.5,1.0,0.0,0.0,17.0,38.0,0.5,0.0,0.0,0.46153846153846156,0.0,0.46153846153846156,187.96,,1987-01-01,0.0
Mike Lullo,2,0,2,0.0,31.5,87.0,0.3620689655172414,1.0,9.0,0.1111111111111111,0.5,0.0,149.0,61.5,1.5,0.33333333333333337,0.0,0.3620689655172414,0.0,0.3620689655172414,172.72,,1979-07-24,0.0
JC Cottrell,2,0,2,0.0,7.5,29.5,0.2542372881355932,0.5,0.5,1.0,0.0,0.5,122.0,26.0,7.0,0.9285714285714286,0.0,0.2542372881355932,0.0,0.2542372881355932,175.26,,1989-11-04,0.0
Jon Olav Einemo,2,0,2,0.0,32.5,56.5,0.5752212389380531,0.5,2.0,0.25,0.0,0.5,58.5,38.0,5.5,0.9090909090909091,0.0,0.5752212389380531,0.0,0.5752212389380531,198.12,,1975-12-10,0.0
Cortavious Romious,2,0,2,0.0,14.0,34.5,0.4057971014492754,3.0,4.5,0.6666666666666666,0.0,0.5,250.5,48.5,3.0,0.0,0.0,0.4057971014492754,0.0,0.4057971014492754,,,,
Cristina Stanciu,2,0,2,0.0,22.0,44.0,0.5,0.5,0.5,1.0,1.0,0.0,99.0,27.0,2.5,0.8,0.0,0.5,0.0,0.5,160.02,,1994-03-29,0.0
Kelly Faszholz,2,0,2,0.0,60.0,124.5,0.4819277108433735,0.0,1.5,0.0,0.0,0.0,53.0,54.0,4.5,1.0,0.0,0.4819277108433735,0.0,0.4819277108433735,172.72,,1985-04-09,0.0
Jarjis Danho,2,1,1,0.5,24.0,50.0,0.48,0.0,0.5,0.0,0.0,0.0,103.5,39.5,1.0,1.0,0.5,0.48,0.5,0.48,190.5,187.96,1983-10-15,0.0
Joseph Sandoval,2,0,2,0.0,1.5,3.5,0.42857142857142855,0.0,0.0,0.0,0.0,0.0,0.0,10.0,0.0,0.0,0.0,0.42857142857142855,0.0,0.42857142857142855,170.18,,1986-05-11,1.0
Byron Bloodworth,2,0,2,0.0,12.5,44.0,0.2840909090909091,0.0,1.5,0.0,0.0,0.0,27.0,35.5,0.0,0.0,0.0,0.2840909090909091,0.0,0.2840909090909091,172.72,,1983-08-16,0.0
Angel Pacheco,2,0,2,0.0,72.0,225.0,0.32,0.5,0.5,1.0,0.0,0.0,26.0,135.5,4.5,0.8888888888888888,0.0,0.32,0.0,0.32,,,,
Eddie Yagin,2,1,1,0.5,47.0,155.0,0.3032258064516129,0.0,0.0,0.0,1.0,0.0,51.5,86.5,4.0,1.0,0.5,0.3032258064516129,0.5,0.3032258064516129,170.18,,1979-03-23,0.0
Mike Stumpf,2,0,2,0.0,31.5,73.0,0.4315068493150685,1.0,4.0,0.25,0.5,0.0,86.5,83.5,3.0,0.6666666666666667,0.0,0.4315068493150685,0.0,0.4315068493150685,177.8,,1986-08-01,
Jorge Lopez,2,0,2,0.0,37.0,62.0,0.5967741935483871,3.5,8.5,0.4117647058823529,0.0,0.5,452.5,38.5,8.0,0.5625,0.0,0.5967741935483871,0.0,0.5967741935483871,177.8,,1988-11-21,0.0
Edward Faaloloto,2,0,2,0.0,8.5,23.0,0.3695652173913043,0.0,0.0,0.0,0.0,0.0,9.5,16.0,0.5,1.0,0.0,0.3695652173913043,0.0,0.3695652173913043,,177.8,1984-07-15,
Cody East,2,0,2,0.0,23.5,54.5,0.43119266055045874,1.5,1.5,1.0,0.0,0.0,32.5,41.5,3.0,0.5,0.0,0.43119266055045874,0.0,0.43119266055045874,190.5,,1988-06-29,0.0
Anna Elmose,2,0,2,0.0,34.5,69.5,0.49640287769784175,0.0,2.5,0.0,0.0,0.0,124.0,43.5,1.5,1.0,0.0,0.49640287769784175,0.0,0.49640287769784175,160.02,,1984-10-06,0.0
Jakub Wiklacz,2,2,0,1.0,51.0,115.5,0.44155844155844154,0.0,0.0,0.0,2.5,1.5,198.5,58.0,6.0,1.0,1.0,0.44155844155844154,1.0,0.44155844155844154,,,,
Alberto Uda,2,0,2,0.0,9.5,18.0,0.5277777777777778,1.0,2.0,0.5,0.0,0.5,148.0,18.5,3.0,0.6666666666666667,0.0,0.5277777777777778,0.0,0.5277777777777778,190.5,,1984-08-08,0.0
Paul Bradley,2,0,2,0.0,38.0,106.0,0.3584905660377358,1.5,8.0,0.1875,0.0,0.0,108.5,59.0,1.0,-0.5,0.0,0.3584905660377358,0.0,0.3584905660377358,175.26,,1983-06-13,0.0
Jonathan Meunier,2,1,1,0.5,45.0,89.0,0.5056179775280899,0.5,1.5,0.3333333333333333,0.0,0.0,39.5,18.5,8.5,0.9411764705882353,0.5,0.5056179775280899,0.5,0.5056179775280899,190.5,,1987-08-04,0.0
Donny Walker,2,0,2,0.0,16.0,43.0,0.37209302325581395,0.0,0.0,0.0,1.0,0.0,189.0,34.0,3.5,1.0,0.0,0.37209302325581395,0.0,0.37209302325581395,175.26,,1980-01-04,
Levan Makashvili,2,1,1,0.5,32.0,61.0,0.5245901639344263,4.5,10.5,0.42857142857142855,0.0,0.0,346.0,24.5,7.0,0.3571428571428571,0.5,0.5245901639344263,0.5,0.5245901639344263,172.72,172.72,1989-01-07,0.0
Jonavin Webb,2,0,2,0.0,22.0,72.0,0.3055555555555556,2.5,8.0,0.3125,1.0,0.0,106.5,34.0,2.5,0.0,0.0,0.3055555555555556,0.0,0.3055555555555556,177.8,,1989-04-28,0.0
Cody Haddon,2,2,0,1.0,98.5,175.0,0.5628571428571428,2.0,5.0,0.4,0.0,0.0,210.5,30.0,12.0,0.8333333333333334,1.0,0.5628571428571428,1.0,0.5628571428571428,,,,
Buddy Roberts,2,1,1,0.5,25.0,73.0,0.3424657534246575,0.0,0.0,0.0,0.5,0.0,4.5,24.0,10.5,1.0,0.5,0.3424657534246575,0.5,0.3424657534246575,187.96,,1982-10-17,0.0
Dashon Johnson,2,0,2,0.0,9.0,13.0,0.6923076923076923,0.5,1.5,0.3333333333333333,0.5,0.5,38.5,34.0,5.5,0.9090909090909091,0.0,0.6923076923076923,0.0,0.6923076923076923,170.18,,1988-01-25,0.0
Brian Houston,2,0,2,0.0,15.0,42.0,0.35714285714285715,0.5,0.5,1.0,0.0,0.0,44.0,29.0,4.0,0.875,0.0,0.35714285714285715,0.0,0.35714285714285715,187.96,,1981-04-26,0.0
Rodrigo de Lima,2,0,2,0.0,14.5,43.0,0.3372093023255814,2.0,5.5,0.36363636363636365,1.0,0.5,224.0,62.0,2.0,0.0,0.0,0.3372093023255814,0.0,0.3372093023255814,170.18,,1991-03-12,0.0
Roldan Sangcha'an,2,0,2,0.0,31.5,67.5,0.4666666666666667,1.5,2.5,0.6,0.0,0.5,93.0,25.0,8.0,0.8125,0.0,0.4666666666666667,0.0,0.4666666666666667,162.56,,1990-12-04,0.0
Juan Manuel Puig,2,0,2,0.0,6.5,27.5,0.23636363636363636,0.0,0.0,0.0,0.0,0.0,0.0,9.5,0.0,0.0,0.0,0.23636363636363636,0.0,0.23636363636363636,175.26,,1989-04-23,0.0
Matt Van Buren,2,0,2,0.0,51.0,111.0,0.4594594594594595,0.0,0.0,0.0,0.0,0.0,13.5,45.0,2.0,1.0,0.0,0.4594594594594595,0.0,0.4594594594594595,195.58,,1986-06-12,
Guto Inocente,2,0,2,0.0,3.5,5.5,0.6363636363636364,0.0,0.0,0.0,0.0,0.0,0.0,8.5,2.0,1.0,0.0,0.6363636363636364,0.0,0.6363636363636364,190.5,,1986-05-29,0.0
Magomed Gadzhiyasulov,2,1,1,0.5,28.5,53.0,0.5377358490566038,2.5,4.0,0.625,0.0,0.0,306.5,25.0,10.0,0.75,0.5,0.5377358490566038,0.5,0.5377358490566038,,,,
Patrick Walsh,2,1,1,0.5,30.5,160.0,0.190625,3.0,5.5,0.5454545454545454,1.5,0.0,332.5,42.5,0.5,-5.0,0.5,0.190625,0.5,0.190625,180.34,,1988-11-28,
Alexis Dufresne,2,0,2,0.0,20.0,72.0,0.2777777777777778,1.5,3.0,0.5,0.0,0.5,334.5,50.0,1.0,-0.5,0.0,0.2777777777777778,0.0,0.2777777777777778,175.26,,1990-08-31,0.0
Ramiro Hernandez,2,0,2,0.0,22.0,77.0,0.2857142857142857,0.0,0.0,0.0,0.0,0.0,0.0,44.5,0.0,0.0,0.0,0.2857142857142857,0.0,0.2857142857142857,175.26,,1986-07-22,0.0
Andreas Stahl,2,0,2,0.0,27.5,72.5,0.3793103448275862,1.0,1.5,0.6666666666666666,0.0,0.0,99.5,46.0,5.0,0.8,0.0,0.3793103448275862,0.0,0.3793103448275862,180.34,,1988-05-20,0.0
Jose Maria,2,0,2,0.0,31.0,58.0,0.5344827586206896,1.5,5.5,0.2727272727272727,1.5,0.0,64.5,38.5,4.5,0.6666666666666667,0.0,0.5344827586206896,0.0,0.5344827586206896,165.1,,1982-01-04,0.0
Nolan Ticman,2,0,2,0.0,38.5,81.0,0.47530864197530864,0.0,2.5,0.0,0.0,0.5,58.0,38.0,7.5,1.0,0.0,0.47530864197530864,0.0,0.47530864197530864,167.64,,1988-05-17,0.0
Julie Kedzie,2,0,2,0.0,41.0,131.0,0.31297709923664124,1.0,4.5,0.2222222222222222,0.0,0.0,148.5,57.5,2.0,0.5,0.0,0.31297709923664124,0.0,0.31297709923664124,165.1,,1981-03-18,0.0
Jordan Vucenic,2,0,2,0.0,25.0,55.5,0.45045045045045046,0.5,3.5,0.14285714285714285,0.0,0.0,142.0,22.5,4.5,0.8888888888888888,0.0,0.45045045045045046,0.0,0.45045045045045046,,,,
Brian Melancon,2,1,1,0.5,15.5,31.5,0.49206349206349204,0.5,0.5,1.0,0.0,0.0,50.0,13.5,1.5,0.6666666666666667,0.5,0.49206349206349204,0.5,0.49206349206349204,172.72,,1982-05-28,0.0
Anthony Lapsley,2,0,2,0.0,5.0,14.5,0.3448275862068966,0.0,2.5,0.0,0.0,0.5,160.0,5.5,2.5,1.0,0.0,0.3448275862068966,0.0,0.3448275862068966,175.26,,1980-02-13,1.0
Shane Howell,2,0,2,0.0,11.0,33.5,0.3283582089552239,0.0,0.0,0.0,0.0,0.5,8.0,22.0,2.5,1.0,0.0,0.3283582089552239,0.0,0.3283582089552239,172.72,,1983-11-28,0.0
Joe Ellenberger,2,1,1,0.5,23.0,48.5,0.4742268041237113,3.0,7.5,0.4,1.0,0.0,264.0,49.0,0.0,0.0,0.5,0.4742268041237113,0.5,0.4742268041237113,175.26,182.88,1985-03-28,0.0
Jack May,2,0,2,0.0,12.5,32.5,0.38461538461538464,0.5,1.5,0.3333333333333333,0.0,0.5,55.5,27.0,2.5,0.8,0.0,0.38461538461538464,0.0,0.38461538461538464,203.2,,1981-04-14,0.0
Danny Mitchell,2,0,2,0.0,38.0,77.0,0.4935064935064935,0.0,4.5,0.0,3.0,0.0,199.0,38.0,2.5,1.0,0.0,0.4935064935064935,0.0,0.4935064935064935,187.96,,1986-08-08,0.0
Mats Nilsson,2,0,2,0.0,29.0,74.0,0.3918918918918919,2.5,3.0,0.8333333333333334,1.5,0.0,89.0,54.5,4.5,0.4444444444444444,0.0,0.3918918918918919,0.0,0.3918918918918919,185.42,,1983-12-05,0.0
Alan Omer,2,0,2,0.0,46.5,83.5,0.5568862275449101,1.5,3.5,0.42857142857142855,0.0,0.0,193.5,29.5,4.5,0.6666666666666667,0.0,0.5568862275449101,0.0,0.5568862275449101,177.8,,1988-09-14,0.0
Anying Wang,2,1,1,0.5,6.5,25.0,0.26,0.0,0.0,0.0,0.0,0.0,16.0,8.0,1.5,1.0,0.5,0.26,0.5,0.26,182.88,,1991-04-04,0.0
Tim Gorman,2,0,2,0.0,41.0,129.0,0.3178294573643411,1.0,10.5,0.09523809523809523,0.0,0.0,269.5,83.5,1.5,0.33333333333333337,0.0,0.3178294573643411,0.0,0.3178294573643411,165.1,,1983-04-29,1.0
Chris Indich,2,0,2,0.0,13.0,42.0,0.30952380952380953,0.5,1.0,0.5,1.0,0.0,67.5,43.0,6.0,0.9166666666666666,0.0,0.30952380952380953,0.0,0.30952380952380953,177.8,,1987-04-22,
Takenori Sato,2,0,2,0.0,0.5,1.5,0.3333333333333333,0.0,2.0,0.0,0.0,0.0,1.0,14.0,0.0,0.0,0.0,0.3333333333333333,0.0,0.3333333333333333,177.8,,1985-06-08,1.0
Hernani Perpetuo,2,0,2,0.0,41.0,141.0,0.2907801418439716,0.0,2.0,0.0,0.5,0.0,22.5,65.5,4.0,1.0,0.0,0.2907801418439716,0.0,0.2907801418439716,182.88,,1985-05-24,0.0
Chris Holdsworth,2,2,0,1.0,20.5,69.0,0.2971014492753623,2.5,4.0,0.625,1.5,0.0,423.0,21.5,1.5,-0.6666666666666667,1.0,0.2971014492753623,1.0,0.2971014492753623,180.34,,1987-10-24,
Luiz Dutra,2,0,2,0.0,15.5,30.5,0.5081967213114754,0.0,1.0,0.0,0.0,0.0,22.5,19.0,2.5,1.0,0.0,0.5081967213114754,0.0,0.5081967213114754,180.34,,1982-05-06,0.0
Richardson Moreira,2,0,2,0.0,9.0,31.5,0.2857142857142857,0.0,3.0,0.0,0.0,0.5,79.0,14.0,0.5,1.0,0.0,0.2857142857142857,0.0,0.2857142857142857,187.96,,1984-03-31,0.0
Ricardo Abreu,2,1,1,0.5,40.0,126.0,0.31746031746031744,1.5,3.5,0.42857142857142855,0.5,0.0,130.0,42.0,0.5,-2.0,0.5,0.31746031746031744,0.5,0.31746031746031744,180.34,,1984-04-27,0.0
Wagner Silva,2,0,2,0.0,16.5,55.5,0.2972972972972973,0.0,0.5,0.0,0.0,0.0,1.0,28.0,6.0,1.0,0.0,0.2972972972972973,0.0,0.2972972972972973,182.88,,1987-02-07,0.0
Josh Shockley,2,0,2,0.0,14.0,42.0,0.3333333333333333,0.0,1.0,0.0,0.5,0.0,57.0,17.5,6.5,1.0,0.0,0.3333333333333333,0.0,0.3333333333333333,185.42,,1989-11-15,0.0
Ben Wall,2,0,2,0.0,2.5,8.5,0.29411764705882354,0.0,0.5,0.0,0.0,0.0,0.0,14.5,3.0,1.0,0.0,0.29411764705882354,0.0,0.29411764705882354,177.8,,1989-03-25,0.0
Jessica Rakoczy,2,0,2,0.0,25.0,56.0,0.44642857142857145,0.5,2.5,0.2,0.5,0.5,190.5,35.5,2.0,0.75,0.0,0.44642857142857145,0.0,0.44642857142857145,170.18,,1977-04-14,0.0
Puja Tomar,2,1,1,0.5,65.5,135.5,0.4833948339483395,0.0,0.0,0.0,0.0,0.0,39.0,68.0,1.5,1.0,0.5,0.4833948339483395,0.5,0.4833948339483395,,,,
Rosi Sexton,2,0,2,0.0,61.0,153.0,0.39869281045751637,1.0,5.0,0.2,0.0,0.5,198.5,125.0,2.5,0.6,0.0,0.39869281045751637,0.0,0.39869281045751637,160.02,,1977-07-16,0.0
Chris Heatherly,2,0,2,0.0,6.0,12.5,0.48,1.0,2.0,0.5,0.0,0.0,61.0,17.0,0.0,0.0,0.0,0.48,0.0,0.48,175.26,,1987-11-24,0.0
Roger Hollett,2,0,2,0.0,27.5,58.0,0.47413793103448276,1.0,3.5,0.2857142857142857,0.0,0.0,134.0,97.0,5.0,0.8,0.0,0.47413793103448276,0.0,0.47413793103448276,180.34,,1978-10-08,0.0
Emily Kagan,2,0,2,0.0,31.5,85.5,0.3684210526315789,1.5,10.5,0.14285714285714285,0.0,0.0,306.0,64.0,1.0,-0.5,0.0,0.3684210526315789,0.0,0.3684210526315789,160.02,,1981-07-14,
Lisa Ellis,2,0,2,0.0,5.5,11.0,0.5,1.5,3.0,0.5,0.5,0.5,121.5,14.5,0.5,-2.0,0.0,0.5,0.0,0.5,162.56,,1982-11-15,
Colin Fletcher,2,0,2,0.0,46.5,134.0,0.34701492537313433,0.0,1.0,0.0,0.0,0.0,55.0,44.5,5.5,1.0,0.0,0.34701492537313433,0.0,0.34701492537313433,187.96,,1983-01-08,0.0
Antonio Dos Santos,2,0,2,0.0,24.0,47.0,0.5106382978723404,0.0,0.5,0.0,0.0,0.0,77.0,17.5,1.5,1.0,0.0,0.5106382978723404,0.0,0.5106382978723404,177.8,,1988-07-21,0.0
Azamat Gashimov,2,0,2,0.0,5.5,25.5,0.21568627450980393,0.5,2.0,0.25,0.0,0.0,61.0,21.0,0.0,0.0,0.0,0.21568627450980393,0.0,0.21568627450980393,167.64,,1990-04-07,0.0
Motonobu Tezuka,2,0,2,0.0,13.0,55.0,0.23636363636363636,1.5,13.5,0.1111111111111111,0.5,0.0,347.0,42.0,0.0,0.0,0.0,0.23636363636363636,0.0,0.23636363636363636,170.18,,1987-08-29,1.0
Wagner Prado,2,0,2,0.0,15.0,32.0,0.46875,0.0,0.5,0.0,0.0,0.5,36.5,26.5,4.5,1.0,0.0,0.46875,0.0,0.46875,182.88,187.96,1986-12-30,1.0
Anthony Christodoulou,2,0,2,0.0,20.0,75.0,0.26666666666666666,0.0,0.5,0.0,0.0,0.0,23.0,54.0,2.5,1.0,0.0,0.26666666666666666,0.0,0.26666666666666666,175.26,,1987-07-30,0.0
Yuri Villefort,2,0,2,0.0,58.5,141.5,0.4134275618374558,2.0,6.5,0.3076923076923077,0.5,0.5,105.0,110.0,0.0,0.0,0.0,0.4134275618374558,0.0,0.4134275618374558,182.88,185.42,1991-03-23,0.0
Paul Redmond,2,0,2,0.0,6.5,19.0,0.34210526315789475,0.0,1.0,0.0,0.0,0.0,0.0,27.0,2.0,1.0,0.0,0.34210526315789475,0.0,0.34210526315789475,177.8,,1986-10-20,0.0
Konstantin Erokhin,2,0,2,0.0,16.0,43.5,0.367816091954023,0.0,0.0,0.0,0.0,0.0,5.0,27.5,10.0,1.0,0.0,0.367816091954023,0.0,0.367816091954023,180.34,,1983-01-31,0.0
Ulysses Gomez,2,0,2,0.0,25.5,101.0,0.2524752475247525,0.0,4.0,0.0,0.0,0.0,15.0,33.5,0.5,1.0,0.0,0.2524752475247525,0.0,0.2524752475247525,167.64,,1983-05-25,0.0
Lucas Rocha,2,1,1,0.5,66.0,133.5,0.4943820224719101,1.5,2.0,0.75,0.0,0.0,42.5,39.5,11.5,0.8695652173913043,0.5,0.4943820224719101,0.5,0.4943820224719101,,,,
Joey Gambino,2,0,2,0.0,22.0,62.0,0.3548387096774194,0.0,3.0,0.0,0.5,0.0,31.5,22.5,3.5,1.0,0.0,0.3548387096774194,0.0,0.3548387096774194,170.18,,1988-10-26,0.0
Brock Jardine,2,0,2,0.0,9.5,31.5,0.30158730158730157,0.0,1.0,0.0,0.5,0.0,23.0,30.0,3.5,1.0,0.0,0.30158730158730157,0.0,0.30158730158730157,180.34,,1985-07-10,0.0
CJ Keith,2,0,2,0.0,4.0,8.0,0.5,0.0,0.5,0.0,0.0,0.5,44.5,8.5,4.0,1.0,0.0,0.5,0.0,0.5,182.88,,1986-08-09,0.0
Nah-Shon Burrell,2,1,1,0.5,88.5,168.5,0.5252225519287834,0.0,0.5,0.0,0.5,0.5,90.0,56.5,5.0,1.0,0.5,0.5252225519287834,0.5,0.5252225519287834,180.34,,1990-02-05,0.0
Justin Jones,2,0,2,0.0,25.5,70.5,0.3617021276595745,1.0,6.5,0.15384615384615385,0.5,0.0,282.0,47.5,6.5,0.8461538461538461,0.0,0.3617021276595745,0.0,0.3617021276595745,180.34,,1987-09-06,0.0
Shayna Baszler,2,0,2,0.0,4.5,19.0,0.23684210526315788,0.5,3.0,0.16666666666666666,0.5,0.0,58.0,41.5,0.0,0.0,0.0,0.23684210526315788,0.0,0.23684210526315788,170.18,,1980-08-08,0.0
Sheila Gaff,2,0,2,0.0,5.0,10.0,0.5,0.0,0.0,0.0,0.0,0.0,6.5,9.0,2.5,1.0,0.0,0.5,0.0,0.5,165.1,,1989-12-29,0.0
Cain Carrizosa,2,0,2,0.0,22.0,52.0,0.4230769230769231,0.0,2.5,0.0,0.0,0.0,30.0,47.0,3.5,1.0,0.0,0.4230769230769231,0.0,0.4230769230769231,172.72,,1986-07-22,0.0
Tateki Matsuda,2,0,2,0.0,48.0,139.0,0.34532374100719426,0.0,1.0,0.0,0.0,0.5,58.0,51.5,3.0,1.0,0.0,0.34532374100719426,0.0,0.34532374100719426,170.18,,1986-02-27,0.0
Larissa Pacheco,2,0,2,0.0,7.0,36.5,0.1917808219178082,0.0,0.5,0.0,0.0,0.0,9.5,24.0,0.5,1.0,0.0,0.1917808219178082,0.0,0.1917808219178082,170.18,,1994-09-07,0.0
Wendell Oliveira Marques,2,0,2,0.0,15.0,31.5,0.47619047619047616,0.0,1.5,0.0,0.0,0.0,59.5,17.5,1.0,1.0,0.0,0.47619047619047616,0.0,0.47619047619047616,177.8,,1983-06-01,0.0
Rin Nakai,2,0,2,0.0,23.5,69.5,0.3381294964028777,3.0,16.0,0.1875,0.5,0.0,284.5,58.5,2.0,-0.5,0.0,0.3381294964028777,0.0,0.3381294964028777,154.94,,1986-10-22,0.0
Joao Zeferino,2,0,2,0.0,12.5,34.0,0.36764705882352944,0.5,9.0,0.05555555555555555,1.0,0.0,194.0,39.0,2.0,0.75,0.0,0.36764705882352944,0.0,0.36764705882352944,180.34,,1986-01-15,0.0
Roman Salazar,2,0,2,0.0,8.5,17.5,0.4857142857142857,0.5,4.5,0.1111111111111111,0.0,0.0,153.0,15.0,1.0,0.5,0.0,0.4857142857142857,0.0,0.4857142857142857,170.18,,1988-02-21,0.0
Roger Bowling,2,0,2,0.0,18.0,54.5,0.3302752293577982,0.5,1.0,0.5,0.0,0.0,48.0,34.5,3.5,0.8571428571428572,0.0,0.3302752293577982,0.0,0.3302752293577982,175.26,172.72,1982-12-05,0.0
Josh Copeland,2,0,2,0.0,14.5,46.0,0.31521739130434784,0.0,0.0,0.0,0.0,0.0,5.0,42.5,3.5,1.0,0.0,0.31521739130434784,0.0,0.31521739130434784,185.42,,1982-10-20,0.0
Marcin Bandel,2,0,2,0.0,3.0,6.0,0.5,0.0,2.5,0.0,0.0,0.0,47.5,20.0,0.0,0.0,0.0,0.5,0.0,0.5,177.8,,1989-10-10,0.0
Jorge de Oliveira,2,0,2,0.0,11.5,36.0,0.3194444444444444,0.0,0.0,0.0,0.0,0.0,0.0,44.0,4.5,1.0,0.0,0.3194444444444444,0.0,0.3194444444444444,172.72,,1980-01-22,0.0
Bristol Marunde,2,0,2,0.0,10.5,49.0,0.21428571428571427,1.5,4.5,0.3333333333333333,0.0,0.0,72.5,39.0,0.5,-2.0,0.0,0.21428571428571427,0.0,0.21428571428571427,185.42,190.5,1982-04-20,0.0
Ryan Couture,2,0,2,0.0,37.0,116.0,0.31896551724137934,0.5,6.5,0.07692307692307693,0.0,0.0,128.0,54.0,2.5,0.8,0.0,0.31896551724137934,0.0,0.31896551724137934,177.8,185.42,1982-08-27,0.0
Adlan Amagov,2,2,0,1.0,26.5,62.5,0.424,3.0,5.5,0.5454545454545454,0.0,0.0,137.0,4.5,1.5,-1.0,1.0,0.424,1.0,0.424,187.96,193.04,1986-10-30,0.0
Leonardo Morales,2,0,2,0.0,18.0,38.0,0.47368421052631576,0.0,0.5,0.0,0.0,0.0,68.5,18.0,4.0,1.0,0.0,0.47368421052631576,0.0,0.47368421052631576,172.72,,1992-12-22,1.0
Quinn Mulhern,2,0,2,0.0,12.5,56.5,0.22123893805309736,0.0,5.0,0.0,0.0,0.0,0.5,21.5,2.5,1.0,0.0,0.22123893805309736,0.0,0.22123893805309736,190.5,,1984-09-20,0.0
Pat Audinwood,2,0,2,0.0,11.0,85.0,0.12941176470588237,0.5,1.0,0.5,0.0,0.0,4.0,40.5,1.0,0.5,0.0,0.12941176470588237,0.0,0.12941176470588237,182.88,,1986-04-16,0.0
Luis Ramos,2,0,2,0.0,12.0,34.0,0.35294117647058826,0.5,2.5,0.2,0.0,0.0,112.0,28.0,1.5,0.6666666666666667,0.0,0.35294117647058826,0.0,0.35294117647058826,172.72,,1981-01-18,0.0
Amilcar Alves,2,0,2,0.0,7.0,15.0,0.4666666666666667,0.0,0.5,0.0,0.0,0.0,0.0,28.5,7.5,1.0,0.0,0.4666666666666667,0.0,0.4666666666666667,182.88,,1988-08-08,1.0
Elias Garcia,2,0,2,0.0,17.5,63.5,0.2755905511811024,0.5,3.5,0.14285714285714285,1.0,0.5,14.0,55.5,1.5,0.6666666666666667,0.0,0.2755905511811024,0.0,0.2755905511811024,165.1,170.18,1992-09-13,1.0
Kazuhiro Nakamura,2,0,2,0.0,10.5,27.0,0.3888888888888889,1.0,5.0,0.2,0.0,0.0,53.0,48.0,1.5,0.33333333333333337,0.0,0.3888888888888889,0.0,0.3888888888888889,180.34,177.8,1979-07-16,0.0
Kyle Stewart,2,0,2,0.0,12.5,37.5,0.3333333333333333,0.0,4.0,0.0,0.0,0.0,67.0,21.5,7.0,1.0,0.0,0.3333333333333333,0.0,0.3333333333333333,182.88,193.04,1989-01-31,0.0
Joe Veres,2,0,2,0.0,0.0,5.0,0.0,0.0,5.0,0.0,0.0,0.0,9.5,16.0,0.0,0.0,0.0,0.0,0.0,0.0,170.18,,1977-11-09,0.0
Alberto Crane,2,0,2,0.0,4.0,16.0,0.25,0.0,5.5,0.0,2.5,1.0,134.5,24.5,1.0,1.0,0.0,0.25,0.0,0.25,165.1,,1976-07-14,0.0
Sarah Frota,2,0,2,0.0,20.5,55.0,0.37272727272727274,0.0,0.0,0.0,0.0,0.0,137.5,26.0,6.5,1.0,0.0,0.37272727272727274,0.0,0.37272727272727274,167.64,175.26,1987-04-14,1.0
Andreas Gustafsson,2,1,1,0.5,51.5,73.5,0.7006802721088435,4.0,7.0,0.5714285714285714,0.0,0.0,287.0,31.0,0.0,0.0,0.5,0.7006802721088435,0.5,0.7006802721088435,,,,
Doug Evans,2,0,2,0.0,21.0,58.5,0.358974358974359,2.5,3.0,0.8333333333333334,0.5,0.5,112.0,30.0,11.5,0.782608695652174,0.0,0.358974358974359,0.0,0.358974358974359,175.26,,1980-10-10,0.0
Marcos Mariano,2,0,2,0.0,2.5,9.0,0.2777777777777778,0.0,0.0,0.0,0.0,0.0,24.0,21.0,3.5,1.0,0.0,0.2777777777777778,0.0,0.2777777777777778,185.42,193.04,1986-10-12,0.0
Patchy Mix,2,0,2,0.0,79.5,181.0,0.43922651933701656,2.5,4.0,0.625,0.0,0.0,230.5,109.5,0.0,0.0,0.0,0.43922651933701656,0.0,0.43922651933701656,,,,
Jason Tan,2,0,2,0.0,4.0,13.5,0.2962962962962963,0.0,3.0,0.0,0.0,0.0,55.5,43.0,1.5,1.0,0.0,0.2962962962962963,0.0,0.2962962962962963,177.8,,1981-12-17,0.0
Colin Robinson,2,0,2,0.0,18.0,26.0,0.6923076923076923,0.5,0.5,1.0,1.0,0.0,68.0,23.0,1.0,0.5,0.0,0.6923076923076923,0.0,0.6923076923076923,193.04,,1968-11-27,0.0
Bobby Moffett,2,0,2,0.0,49.5,139.0,0.35611510791366907,2.5,4.5,0.5555555555555556,1.0,0.5,193.0,50.0,5.0,0.5,0.0,0.35611510791366907,0.0,0.35611510791366907,177.8,185.42,1990-06-01,0.0
Ryan MacDonald,2,0,2,0.0,22.5,77.5,0.2903225806451613,0.0,1.5,0.0,0.0,0.0,26.0,64.0,0.0,0.0,0.0,0.2903225806451613,0.0,0.2903225806451613,180.34,180.34,1993-03-18,0.0
Jason Black,2,0,2,0.0,5.0,12.0,0.4166666666666667,0.0,0.5,0.0,4.5,1.0,63.0,27.5,3.5,1.0,0.0,0.4166666666666667,0.0,0.4166666666666667,172.72,,1972-07-15,0.0
Luke Caudillo,2,0,2,0.0,17.0,70.5,0.24113475177304963,0.0,1.0,0.0,0.0,0.0,8.0,45.0,2.0,1.0,0.0,0.24113475177304963,0.0,0.24113475177304963,170.18,,1980-11-30,0.0
Jeff Cox,2,0,2,0.0,1.0,4.0,0.25,0.5,1.0,0.5,0.0,0.0,42.5,3.0,2.5,0.8,0.0,0.25,0.0,0.25,177.8,,1968-08-02,0.0
Jordan Radev,2,0,2,0.0,10.5,45.5,0.23076923076923078,0.0,0.0,0.0,0.0,0.0,22.5,18.5,5.0,1.0,0.0,0.23076923076923078,0.0,0.23076923076923078,170.18,,1976-09-28,1.0
Boston Salmon,2,0,2,0.0,6.0,11.0,0.5454545454545454,0.0,0.5,0.0,0.0,0.0,21.5,13.5,0.0,0.0,0.0,0.5454545454545454,0.0,0.5454545454545454,175.26,175.26,1990-11-20,1.0
Edilberto de Oliveira,2,0,2,0.0,25.5,79.0,0.3227848101265823,0.0,2.5,0.0,0.0,0.0,10.0,42.0,0.0,0.0,0.0,0.3227848101265823,0.0,0.3227848101265823,182.88,,1982-11-22,0.0
Suman Mokhtarian,2,0,2,0.0,19.0,44.0,0.4318181818181818,0.0,0.5,0.0,0.0,0.0,31.5,59.0,0.0,0.0,0.0,0.4318181818181818,0.0,0.4318181818181818,172.72,182.88,1992-06-13,0.0
Tommy Speer,2,0,2,0.0,2.0,7.0,0.2857142857142857,0.0,1.0,0.0,0.0,0.0,14.0,12.5,1.0,1.0,0.0,0.2857142857142857,0.0,0.2857142857142857,177.8,180.34,1984-08-20,0.0
Roman Mitichyan,2,1,1,0.5,1.0,6.0,0.16666666666666666,0.5,0.5,1.0,0.5,0.5,24.0,10.5,2.0,0.75,0.5,0.16666666666666666,0.5,0.16666666666666666,177.8,,1978-09-04,0.0
Antonio Mendes,2,0,2,0.0,4.0,8.5,0.47058823529411764,0.5,1.0,0.5,0.0,0.0,15.5,20.5,0.5,0.0,0.0,0.47058823529411764,0.0,0.47058823529411764,190.5,195.58,1981-04-19,1.0
Jin Soo Son,2,0,2,0.0,76.5,210.0,0.36428571428571427,1.5,6.0,0.25,0.0,0.0,126.5,114.5,1.5,0.0,0.0,0.36428571428571427,0.0,0.36428571428571427,167.64,175.26,1993-04-01,0.0
Stefan Sekulic,2,0,2,0.0,27.5,55.0,0.5,2.0,6.0,0.3333333333333333,0.5,0.0,129.0,42.5,2.0,0.0,0.0,0.5,0.0,0.5,182.88,190.5,1992-02-12,1.0
Nate Loughran,2,1,1,0.5,13.0,32.5,0.4,0.0,1.5,0.0,1.0,0.0,0.0,29.5,0.5,1.0,0.5,0.4,0.5,0.4,187.96,,1980-07-28,0.0
Johnny Rees,2,0,2,0.0,21.5,33.5,0.6417910447761194,0.5,2.0,0.25,0.0,0.0,197.5,5.5,3.0,0.8333333333333334,0.0,0.6417910447761194,0.0,0.6417910447761194,182.88,,1982-10-21,0.0
Reese Andy,2,0,2,0.0,32.0,63.0,0.5079365079365079,0.5,2.5,0.2,0.0,0.0,110.0,39.0,2.5,0.8,0.0,0.5079365079365079,0.0,0.5079365079365079,182.88,,1973-03-31,0.0
Uran Satybaldiev,2,1,1,0.5,19.0,75.0,0.25333333333333335,0.0,1.0,0.0,1.0,0.5,45.0,32.5,1.0,1.0,0.5,0.25333333333333335,0.5,0.25333333333333335,,,,
Don Madge,2,2,0,1.0,21.0,40.0,0.525,1.5,6.0,0.25,0.5,0.0,303.5,7.5,2.5,0.4,1.0,0.525,1.0,0.525,182.88,182.88,1990-11-12,1.0
Te Edwards,2,0,2,0.0,14.0,35.5,0.39436619718309857,0.5,0.5,1.0,0.0,0.0,373.5,42.0,4.5,0.8888888888888888,0.0,0.39436619718309857,0.0,0.39436619718309857,172.72,182.88,1990-09-11,0.0
Jesus Pinedo,2,1,1,0.5,48.5,127.5,0.3803921568627451,2.5,2.5,1.0,0.0,0.0,134.0,65.5,0.5,-4.0,0.5,0.3803921568627451,0.5,0.3803921568627451,177.8,,1996-06-22,1.0
Patricio Freire,2,1,1,0.5,36.0,73.5,0.4897959183673469,3.0,6.5,0.46153846153846156,0.5,0.0,113.5,58.5,0.5,-5.0,0.5,0.4897959183673469,0.5,0.4897959183673469,,,,
Brad Morris,2,0,2,0.0,2.5,4.0,0.625,0.0,0.5,0.0,0.0,0.0,2.5,35.0,0.5,1.0,0.0,0.625,0.0,0.625,187.96,,1979-11-01,0.0
Samy Schiavo,2,0,2,0.0,13.5,39.0,0.34615384615384615,0.5,1.0,0.5,0.5,0.0,159.5,21.0,3.0,0.8333333333333334,0.0,0.34615384615384615,0.0,0.34615384615384615,172.72,,1975-12-24,0.0
Rob Yundt,2,0,2,0.0,3.5,8.5,0.4117647058823529,0.5,0.5,1.0,0.0,0.0,68.0,6.5,1.0,0.5,0.0,0.4117647058823529,0.0,0.4117647058823529,185.42,,1980-05-05,0.0
Leah Letson,2,1,1,0.5,45.0,107.5,0.4186046511627907,0.5,1.0,0.5,0.0,0.0,119.5,56.5,8.5,0.9411764705882353,0.5,0.4186046511627907,0.5,0.4186046511627907,170.18,180.34,1992-08-21,
Daniel Frunza,2,0,2,0.0,24.5,70.5,0.3475177304964539,0.0,0.0,0.0,0.0,0.0,0.0,37.0,2.5,1.0,0.0,0.3475177304964539,0.0,0.3475177304964539,,,,
War Machine,2,1,1,0.5,15.0,25.0,0.6,0.5,1.0,0.5,0.0,0.5,216.5,20.5,2.5,0.8,0.5,0.6,0.5,0.6,180.34,,1981-11-30,0.0
Torrez Finney,2,1,1,0.5,15.5,42.5,0.36470588235294116,4.0,9.0,0.4444444444444444,0.0,0.0,408.0,70.0,4.0,0.0,0.5,0.36470588235294116,0.5,0.36470588235294116,,,,
Troy Mandaloniz,2,1,1,0.5,34.0,60.0,0.5666666666666667,2.0,3.0,0.6666666666666666,0.0,0.0,131.5,45.5,3.5,0.4285714285714286,0.5,0.5666666666666667,0.5,0.5666666666666667,175.26,,1980-02-01,0.0
Alvin Hines,2,0,2,0.0,46.5,142.0,0.3274647887323944,0.5,5.0,0.1,0.0,0.0,2.5,63.5,0.0,0.0,0.0,0.3274647887323944,0.0,0.3274647887323944,,,,
Jason Gilliam,2,0,2,0.0,1.5,4.5,0.3333333333333333,0.0,0.0,0.0,0.0,0.5,2.5,6.0,1.0,1.0,0.0,0.3333333333333333,0.0,0.3333333333333333,182.88,,,0.0
John Halverson,2,0,2,0.0,22.5,52.0,0.4326923076923077,0.0,0.0,0.0,1.0,0.0,30.5,40.5,3.0,1.0,0.0,0.4326923076923077,0.0,0.4326923076923077,175.26,,1972-09-08,1.0
Dan Christison,2,1,1,0.5,60.5,116.5,0.51931330472103,0.0,0.0,0.0,1.0,0.5,150.0,55.5,4.0,1.0,0.5,0.51931330472103,0.5,0.51931330472103,203.2,,1972-04-26,0.0
Anthony Torres,2,1,1,0.5,12.0,24.5,0.4897959183673469,0.0,0.0,0.0,0.5,0.0,57.0,25.5,1.0,1.0,0.5,0.4897959183673469,0.5,0.4897959183673469,172.72,,1978-07-31,0.0
Harry Hardwick,2,0,2,0.0,36.5,86.0,0.42441860465116277,0.0,0.5,0.0,0.0,0.0,22.0,57.0,0.0,0.0,0.0,0.42441860465116277,0.0,0.42441860465116277,,,,
Ross Pointon,2,0,2,0.0,13.5,62.0,0.21774193548387097,0.0,0.0,0.0,0.0,0.0,10.0,12.5,0.5,1.0,0.0,0.21774193548387097,0.0,0.21774193548387097,172.72,,1980-02-18,0.0
Wes Combs,2,0,2,0.0,7.0,14.5,0.4827586206896552,0.0,0.0,0.0,0.0,0.0,0.5,15.5,2.0,1.0,0.0,0.4827586206896552,0.0,0.4827586206896552,187.96,,1973-06-18,0.0
Mike Nickels,2,1,1,0.5,12.0,23.0,0.5217391304347826,2.0,2.5,0.8,0.5,0.0,97.5,3.0,0.0,0.0,0.5,0.5217391304347826,0.5,0.5217391304347826,193.04,,1971-12-13,0.0
Robert Ruchala,2,0,2,0.0,50.5,147.0,0.3435374149659864,1.0,4.5,0.2222222222222222,0.0,0.0,172.0,78.0,3.5,0.7142857142857143,0.0,0.3435374149659864,0.0,0.3435374149659864,,,,
Danny Abbadi,2,0,2,0.0,29.5,77.5,0.38064516129032255,0.0,0.0,0.0,0.0,0.0,55.0,39.5,4.5,1.0,0.0,0.38064516129032255,0.0,0.38064516129032255,180.34,,1983-07-03,0.0
Justin Levens,2,0,2,0.0,1.0,5.0,0.2,0.0,0.5,0.0,0.5,0.0,15.0,9.5,1.5,1.0,0.0,0.2,0.0,0.2,180.34,,1980-04-18,0.0
Shamil Gamzatov,2,1,1,0.5,49.5,102.5,0.48292682926829267,0.0,1.5,0.0,0.0,0.0,5.5,32.0,1.0,1.0,0.5,0.48292682926829267,0.5,0.48292682926829267,187.96,193.04,1990-08-09,0.0
Aaron Pico,2,1,1,0.5,56.5,105.0,0.5380952380952381,4.0,8.0,0.5,0.0,0.0,163.0,28.5,0.0,0.0,0.5,0.5380952380952381,0.5,0.5380952380952381,,,,
Rodrigo Sezinando,2,0,2,0.0,10.0,36.0,0.2777777777777778,1.0,4.0,0.25,0.0,0.0,62.0,39.0,3.0,0.6666666666666667,0.0,0.2777777777777778,0.0,0.2777777777777778,,,,
Jacob Kilburn,2,0,2,0.0,33.5,103.5,0.32367149758454106,0.5,9.0,0.05555555555555555,0.5,0.0,41.0,84.5,1.5,0.6666666666666667,0.0,0.32367149758454106,0.0,0.32367149758454106,175.26,182.88,1995-06-28,0.0
Gilbert Aldana,2,0,2,0.0,17.0,31.0,0.5483870967741935,1.0,2.5,0.4,0.0,0.0,141.5,36.5,1.5,0.33333333333333337,0.0,0.5483870967741935,0.0,0.5483870967741935,185.42,,1977-08-25,0.0
Ansar Chalangov,2,0,2,0.0,2.0,3.0,0.6666666666666666,0.0,1.0,0.0,1.5,0.5,26.0,5.0,1.5,1.0,0.0,0.6666666666666666,0.0,0.6666666666666666,175.26,,1979-10-30,0.0
Elisha Ellison,2,0,2,0.0,8.0,21.0,0.38095238095238093,0.0,1.0,0.0,0.0,0.0,6.5,35.0,0.5,1.0,0.0,0.38095238095238093,0.0,0.38095238095238093,,,,
Nick Thompson,2,1,1,0.5,25.0,57.0,0.43859649122807015,1.0,1.0,1.0,1.5,1.5,219.0,16.0,4.0,0.75,0.5,0.43859649122807015,0.5,0.43859649122807015,185.42,187.96,1981-06-23,0.0
Michelle Montague,2,2,0,1.0,41.5,85.5,0.4853801169590643,3.5,6.5,0.5384615384615384,0.0,1.0,628.5,37.0,0.0,0.0,1.0,0.4853801169590643,1.0,0.4853801169590643,,,,
Sammy Morgan,2,0,2,0.0,4.5,23.0,0.1956521739130435,0.0,3.5,0.0,0.5,0.0,0.0,24.5,3.5,1.0,0.0,0.1956521739130435,0.0,0.1956521739130435,177.8,,1981-09-28,0.0
Crafton Wallace,2,0,2,0.0,2.5,13.5,0.18518518518518517,0.0,0.0,0.0,0.0,0.0,22.5,16.0,2.0,1.0,0.0,0.18518518518518517,0.0,0.18518518518518517,182.88,,1975-11-10,0.0
Eric Nolan,2,0,2,0.0,18.5,53.5,0.34579439252336447,0.0,0.5,0.0,0.0,0.0,10.0,28.5,17.0,1.0,0.0,0.34579439252336447,0.0,0.34579439252336447,,,,
Thomas Gifford,2,0,2,0.0,59.0,156.0,0.3782051282051282,0.5,1.5,0.3333333333333333,0.0,0.0,50.5,96.0,3.0,0.8333333333333334,0.0,0.3782051282051282,0.0,0.3782051282051282,185.42,190.5,1992-07-26,0.0
Rostem Akman,2,0,2,0.0,27.0,105.0,0.2571428571428571,1.0,2.5,0.4,0.0,0.0,101.0,59.5,4.0,0.75,0.0,0.2571428571428571,0.0,0.2571428571428571,177.8,182.88,1991-12-19,0.0
Sean Salmon,2,0,2,0.0,5.5,14.5,0.3793103448275862,1.0,2.0,0.5,0.0,0.0,28.5,6.5,0.0,0.0,0.0,0.3793103448275862,0.0,0.3793103448275862,177.8,,1977-09-11,1.0
Chad Reiner,2,0,2,0.0,4.0,19.5,0.20512820512820512,0.5,1.5,0.3333333333333333,1.0,0.0,43.5,15.0,6.0,0.9166666666666666,0.0,0.20512820512820512,0.0,0.20512820512820512,180.34,,1981-06-29,0.0
Carlos Huachin,2,0,2,0.0,26.0,121.0,0.21487603305785125,0.0,0.0,0.0,0.0,0.0,0.0,59.5,3.0,1.0,0.0,0.21487603305785125,0.0,0.21487603305785125,162.56,170.18,1996-06-04,1.0
Marcus Buchecha,2,0,2,0.0,16.0,36.5,0.4383561643835616,1.0,9.0,0.1111111111111111,0.5,0.5,187.0,28.0,0.0,0.0,0.0,0.4383561643835616,0.0,0.4383561643835616,,,,
Victor Valimaki,2,0,2,0.0,33.0,109.5,0.3013698630136986,0.5,3.5,0.14285714285714285,0.0,0.0,32.0,25.0,0.0,0.0,0.0,0.3013698630136986,0.0,0.3013698630136986,182.88,,,0.0
Dokonjonosuke Mishima,2,0,2,0.0,3.5,20.5,0.17073170731707318,1.0,5.5,0.18181818181818182,1.0,0.0,100.0,19.5,0.5,-1.0,0.0,0.17073170731707318,0.0,0.17073170731707318,170.18,,1972-04-19,1.0
Derrick Krantz,2,0,2,0.0,19.5,51.5,0.3786407766990291,2.0,4.0,0.5,0.5,0.5,217.0,38.0,0.0,0.0,0.0,0.3786407766990291,0.0,0.3786407766990291,177.8,182.88,1988-01-13,0.0
Danilo Belluardo,2,0,2,0.0,6.5,10.5,0.6190476190476191,1.0,1.0,1.0,0.0,0.0,131.0,20.5,1.0,0.0,0.0,0.6190476190476191,0.0,0.6190476190476191,182.88,187.96,1994-07-21,1.0
Grigory Popov,2,0,2,0.0,45.0,119.0,0.37815126050420167,0.0,0.5,0.0,0.0,1.0,29.5,52.0,5.5,1.0,0.0,0.37815126050420167,0.0,0.37815126050420167,170.18,172.72,1984-04-18,0.0
David Lee,2,0,2,0.0,6.5,13.0,0.5,0.0,2.0,0.0,0.0,0.0,11.5,14.5,1.0,1.0,0.0,0.5,0.0,0.5,177.8,,,0.0
Hector Ramirez,2,0,2,0.0,26.5,61.0,0.4344262295081967,2.5,4.0,0.625,0.5,0.0,128.5,65.0,0.5,-4.0,0.0,0.4344262295081967,0.0,0.4344262295081967,182.88,,1976-03-28,0.0
Alibi Idiris,2,1,1,0.5,29.0,65.5,0.44274809160305345,2.5,8.0,0.3125,0.0,0.5,217.0,30.5,3.0,0.16666666666666663,0.5,0.44274809160305345,0.5,0.44274809160305345,,,,
Nohelin Hernandez,2,0,2,0.0,14.0,41.0,0.34146341463414637,0.5,1.0,0.5,0.0,0.5,107.5,28.0,4.0,0.875,0.0,0.34146341463414637,0.0,0.34146341463414637,177.8,180.34,1994-03-01,0.0
Brianna Fortino,2,1,1,0.5,53.0,127.5,0.41568627450980394,2.5,5.5,0.45454545454545453,0.0,0.0,277.0,48.5,3.0,0.16666666666666663,0.5,0.41568627450980394,0.5,0.41568627450980394,152.4,157.48,1993-08-04,1.0
Domingo Pilarte,2,0,2,0.0,7.0,16.0,0.4375,1.0,2.5,0.4,0.5,0.5,229.5,25.5,5.5,0.8181818181818181,0.0,0.4375,0.0,0.4375,182.88,185.42,1990-01-05,1.0
Gabriel Silva,2,0,2,0.0,19.5,56.5,0.34513274336283184,1.5,6.0,0.25,0.5,0.5,207.0,52.0,6.5,0.7692307692307692,0.0,0.34513274336283184,0.0,0.34513274336283184,167.64,180.34,1994-08-26,0.0
Cole Williams,2,0,2,0.0,1.5,5.5,0.2727272727272727,0.0,0.0,0.0,0.0,0.0,0.0,26.0,2.0,1.0,0.0,0.2727272727272727,0.0,0.2727272727272727,182.88,185.42,1983-12-15,0.0
Chris Price,2,0,2,0.0,5.0,7.5,0.6666666666666666,0.0,0.0,0.0,0.5,0.5,19.5,9.0,1.5,1.0,0.0,0.6666666666666666,0.0,0.6666666666666666,187.96,,1982-11-09,1.0
Brodie Farber,2,0,2,0.0,14.0,30.5,0.45901639344262296,0.5,1.0,0.5,0.5,0.0,16.5,18.0,5.0,0.9,0.0,0.45901639344262296,0.0,0.45901639344262296,185.42,,1980-07-05,0.0
Jesse Taylor,2,1,1,0.5,12.5,18.5,0.6756756756756757,1.5,3.0,0.5,1.0,0.5,234.0,4.0,0.5,-2.0,0.5,0.6756756756756757,0.5,0.6756756756756757,182.88,185.42,1983-01-02,0.0
Ryan Thomas,2,0,2,0.0,13.5,37.5,0.36,2.5,7.5,0.3333333333333333,1.0,0.0,141.5,28.0,1.0,-1.5,0.0,0.36,0.0,0.36,182.88,,1984-11-05,0.0
Jose Torres,2,1,1,0.5,25.5,69.0,0.3695652173913043,0.5,1.5,0.3333333333333333,0.0,0.5,21.0,57.5,4.0,0.875,0.5,0.3695652173913043,0.5,0.3695652173913043,162.56,165.1,1992-08-02,0.0
Steve Steinbeiss,2,0,2,0.0,46.0,74.0,0.6216216216216216,0.0,0.5,0.0,0.0,0.0,161.5,23.5,4.5,1.0,0.0,0.6216216216216216,0.0,0.6216216216216216,190.5,190.5,1981-05-05,0.0
Barb Honchak,2,0,2,0.0,47.5,158.0,0.30063291139240506,0.0,0.5,0.0,1.0,0.0,10.5,55.0,1.5,1.0,0.0,0.30063291139240506,0.0,0.30063291139240506,162.56,165.1,1979-08-30,0.0
Jay Silva,2,0,2,0.0,17.0,49.0,0.3469387755102041,0.0,1.0,0.0,1.0,0.5,63.0,46.0,6.5,1.0,0.0,0.3469387755102041,0.0,0.3469387755102041,187.96,,,1.0
AJ Cunningham,2,0,2,0.0,26.0,63.5,0.4094488188976378,0.0,0.0,0.0,0.5,0.0,13.0,39.0,6.5,1.0,0.0,0.4094488188976378,0.0,0.4094488188976378,,,,
Nicco Montano,2,1,1,0.5,112.0,267.5,0.41869158878504675,3.0,5.5,0.5454545454545454,0.5,0.5,371.0,88.5,6.5,0.5384615384615384,0.5,0.41869158878504675,0.5,0.41869158878504675,165.1,165.1,1988-12-16,1.0
Aleksandre Topuria,2,2,0,1.0,44.0,80.0,0.55,1.5,4.5,0.3333333333333333,0.0,0.0,221.0,38.5,4.5,0.6666666666666667,1.0,0.55,1.0,0.55,,,,
Xavier Foupa-Pokam,2,0,2,0.0,11.5,26.5,0.4339622641509434,0.0,0.0,0.0,0.0,0.5,3.0,19.5,3.0,1.0,0.0,0.4339622641509434,0.0,0.4339622641509434,185.42,,1982-07-03,0.0
Kody Steele,2,1,1,0.5,30.0,105.0,0.2857142857142857,1.0,2.5,0.4,0.5,0.0,55.0,63.0,0.0,0.0,0.5,0.2857142857142857,0.5,0.2857142857142857,,,,
Abdul-Kareem Al-Selwady,2,1,1,0.5,59.5,107.0,0.5560747663551402,1.5,5.5,0.2727272727272727,0.0,0.0,91.5,43.0,5.5,0.7272727272727273,0.5,0.5560747663551402,0.5,0.5560747663551402,,,,
Mike Ciesnolevicz,2,1,1,0.5,1.5,3.0,0.5,0.0,1.0,0.0,1.0,0.0,0.0,13.5,2.5,1.0,0.5,0.5,0.5,0.5,182.88,,1979-10-28,0.0
Nick Klein,2,0,2,0.0,19.0,33.5,0.5671641791044776,2.5,8.0,0.3125,0.5,0.0,233.0,26.0,1.5,-0.6666666666666667,0.0,0.5671641791044776,0.0,0.5671641791044776,,,,
Tim Williams,2,0,2,0.0,25.5,65.5,0.3893129770992366,1.0,2.5,0.4,0.0,0.0,46.0,29.5,0.5,-1.0,0.0,0.3893129770992366,0.0,0.3893129770992366,187.96,193.04,1986-07-03,0.0
Denis Stojnic,2,0,2,0.0,11.5,49.5,0.23232323232323232,0.0,0.0,0.0,0.5,0.0,145.5,46.0,2.5,1.0,0.0,0.23232323232323232,0.0,0.23232323232323232,182.88,,1980-02-02,0.0
Dan Cramer,2,1,1,0.5,14.5,48.0,0.3020833333333333,0.0,1.0,0.0,0.5,1.0,373.0,31.5,6.0,1.0,0.5,0.3020833333333333,0.5,0.3020833333333333,187.96,,1985-10-31,0.0
Austin Vanderford,2,1,1,0.5,22.0,34.0,0.6470588235294118,2.5,5.0,0.5,0.5,0.0,322.0,13.0,0.5,-4.0,0.5,0.6470588235294118,0.5,0.6470588235294118,,,,
Ricky Rainey,2,0,2,0.0,12.5,28.0,0.44642857142857145,0.0,0.5,0.0,0.0,0.0,2.5,22.0,2.0,1.0,0.0,0.44642857142857145,0.0,0.44642857142857145,185.42,195.58,1983-06-29,0.0
Josias Musasa,2,0,2,0.0,28.0,60.0,0.4666666666666667,0.5,1.5,0.3333333333333333,0.0,0.0,31.0,39.0,8.0,0.9375,0.0,0.4666666666666667,0.0,0.4666666666666667,,,,
Steve Lopez,2,0,2,0.0,14.5,60.0,0.24166666666666667,0.0,0.0,0.0,0.0,0.0,0.0,28.0,4.0,1.0,0.0,0.24166666666666667,0.0,0.24166666666666667,180.34,,1984-07-30,0.0
Chase Gormley,2,0,2,0.0,5.0,14.5,0.3448275862068966,0.5,1.5,0.3333333333333333,0.5,0.0,44.5,18.5,0.5,0.0,0.0,0.3448275862068966,0.0,0.3448275862068966,190.5,,,0.0
Kevin Ferguson,2,1,1,0.5,16.0,43.5,0.367816091954023,3.0,4.5,0.6666666666666666,0.5,0.0,206.5,43.5,0.0,0.0,0.5,0.367816091954023,0.5,0.367816091954023,187.96,195.58,1974-02-08,0.0
Michel Quinones,2,0,2,0.0,35.5,119.5,0.29707112970711297,0.0,0.0,0.0,0.0,0.0,0.0,73.0,5.5,1.0,0.0,0.29707112970711297,0.0,0.29707112970711297,177.8,185.42,1984-12-22,0.0
Todd Brown,2,0,2,0.0,21.5,47.5,0.45263157894736844,0.0,1.5,0.0,0.0,0.0,129.0,38.5,3.0,1.0,0.0,0.45263157894736844,0.0,0.45263157894736844,180.34,,1976-12-13,0.0
Oliver Enkamp,2,0,2,0.0,20.5,56.5,0.36283185840707965,0.5,3.0,0.16666666666666666,0.0,0.0,35.5,30.5,1.0,0.5,0.0,0.36283185840707965,0.0,0.36283185840707965,182.88,195.58,1991-08-10,0.0
Chan-Mi Jeon,2,0,2,0.0,93.5,295.0,0.3169491525423729,0.0,0.0,0.0,0.0,0.0,1.0,116.5,0.0,0.0,0.0,0.3169491525423729,0.0,0.3169491525423729,165.1,,1997-08-28,0.0
Ashkan Mokhtarian,2,0,2,0.0,27.0,62.0,0.43548387096774194,0.5,3.0,0.16666666666666666,0.0,0.0,75.0,50.5,1.5,0.6666666666666667,0.0,0.43548387096774194,0.0,0.43548387096774194,167.64,170.18,1985-09-15,1.0
Mark Holst,2,0,2,0.0,2.5,13.0,0.19230769230769232,0.5,0.5,1.0,1.5,0.0,127.0,16.5,5.0,0.9,0.0,0.19230769230769232,0.0,0.19230769230769232,182.88,,1985-08-14,0.0
Carls John De Tomas,2,0,2,0.0,19.0,51.0,0.37254901960784315,1.0,3.0,0.3333333333333333,0.0,0.5,65.5,43.0,3.0,0.6666666666666667,0.0,0.37254901960784315,0.0,0.37254901960784315,165.1,180.34,1996-08-28,1.0
Naoki Inoue,2,1,1,0.5,55.0,156.0,0.3525641025641026,0.0,1.5,0.0,2.5,0.5,277.5,50.5,2.5,1.0,0.5,0.3525641025641026,0.5,0.3525641025641026,175.26,180.34,1997-06-14,0.0
James Bochnovic,2,0,2,0.0,4.0,15.0,0.26666666666666666,0.0,1.0,0.0,0.0,0.0,33.5,22.5,3.0,1.0,0.0,0.26666666666666666,0.0,0.26666666666666666,193.04,205.74,1989-02-13,0.0
Joe Brammer,2,0,2,0.0,20.0,63.0,0.31746031746031744,0.5,1.0,0.5,0.0,0.0,18.5,26.0,5.0,0.9,0.0,0.31746031746031744,0.0,0.31746031746031744,172.72,,1983-08-23,0.0
Galore Bofando,2,1,1,0.5,11.5,25.5,0.45098039215686275,0.5,0.5,1.0,0.0,0.0,1.5,11.5,1.0,0.5,0.5,0.45098039215686275,0.5,0.45098039215686275,180.34,182.88,1982-05-22,0.0
Julio Paulino,2,0,2,0.0,14.5,52.0,0.27884615384615385,0.0,0.0,0.0,0.5,0.5,96.5,28.0,8.0,1.0,0.0,0.27884615384615385,0.0,0.27884615384615385,182.88,,1975-12-04,0.0
Ronys Torres,2,0,2,0.0,13.0,49.5,0.26262626262626265,4.0,8.5,0.47058823529411764,0.5,0.5,265.0,29.0,3.0,-0.33333333333333326,0.0,0.26262626262626265,0.0,0.26262626262626265,170.18,,1975-08-13,0.0
Charalampos Grigoriou,2,0,2,0.0,23.5,51.5,0.4563106796116505,2.0,2.5,0.8,0.0,0.0,224.0,43.5,5.5,0.6363636363636364,0.0,0.4563106796116505,0.0,0.4563106796116505,,,,
Rob Wilkinson,2,0,2,0.0,23.0,46.0,0.5,2.5,10.0,0.25,0.0,0.0,192.0,47.5,0.0,0.0,0.0,0.5,0.0,0.5,190.5,203.2,1992-02-22,0.0
Gokhan Saki,2,1,1,0.5,22.5,38.5,0.5844155844155844,0.0,0.0,0.0,0.0,0.0,4.0,14.5,0.5,1.0,0.5,0.5844155844155844,0.5,0.5844155844155844,182.88,185.42,1983-10-19,0.0
Lucio Linhares,2,0,2,0.0,8.0,35.5,0.22535211267605634,1.0,2.0,0.5,1.0,0.0,55.5,28.0,1.0,0.0,0.0,0.22535211267605634,0.0,0.22535211267605634,187.96,,1973-12-08,0.0
Craig White,2,0,2,0.0,12.0,29.5,0.4067796610169492,0.0,1.0,0.0,0.5,0.0,58.5,32.0,3.0,1.0,0.0,0.4067796610169492,0.0,0.4067796610169492,187.96,193.04,1990-07-01,0.0
Matt Bessette,2,0,2,0.0,50.0,143.5,0.34843205574912894,0.0,1.5,0.0,0.0,0.5,46.5,64.5,8.0,1.0,0.0,0.34843205574912894,0.0,0.34843205574912894,177.8,177.8,1984-12-28,0.0
Junie Browning,2,1,1,0.5,16.0,33.0,0.48484848484848486,1.0,1.5,0.6666666666666666,1.0,0.5,126.0,7.5,1.0,0.0,0.5,0.48484848484848486,0.5,0.48484848484848486,175.26,,1984-05-12,0.0
Carlos Vera,2,1,1,0.5,14.0,24.5,0.5714285714285714,0.0,1.0,0.0,1.0,0.0,7.0,25.5,2.0,1.0,0.5,0.5714285714285714,0.5,0.5714285714285714,,,,
Matt Horwich,2,0,2,0.0,20.0,31.5,0.6349206349206349,0.0,1.0,0.0,4.0,1.0,173.0,36.0,11.0,1.0,0.0,0.6349206349206349,0.0,0.6349206349206349,185.42,,1978-10-02,0.0
Brandon Wolff,2,0,2,0.0,1.0,3.0,0.3333333333333333,0.0,0.5,0.0,0.0,0.0,18.5,23.0,0.0,0.0,0.0,0.3333333333333333,0.0,0.3333333333333333,175.26,,1975-10-18,0.0
Joe Vedepo,2,0,2,0.0,5.5,10.5,0.5238095238095238,0.5,2.0,0.25,0.0,0.0,43.0,7.0,0.0,0.0,0.0,0.5238095238095238,0.0,0.5238095238095238,182.88,,,0.0
Michael Patt,2,0,2,0.0,7.0,24.5,0.2857142857142857,0.0,0.5,0.0,0.0,0.0,0.0,23.5,0.0,0.0,0.0,0.2857142857142857,0.0,0.2857142857142857,182.88,,,0.0
Razak Al-Hassan,2,0,2,0.0,22.0,67.5,0.32592592592592595,0.5,2.5,0.2,0.0,0.5,123.0,20.0,3.5,0.8571428571428572,0.0,0.32592592592592595,0.0,0.32592592592592595,187.96,,1982-05-14,0.0
Andre Gusmao,2,0,2,0.0,25.5,58.5,0.4358974358974359,0.0,0.5,0.0,0.0,0.0,55.0,30.0,2.5,1.0,0.0,0.4358974358974359,0.0,0.4358974358974359,182.88,,1977-05-19,0.0
John Gunther,2,1,1,0.5,14.0,37.0,0.3783783783783784,4.0,9.5,0.42105263157894735,0.0,0.0,335.0,31.5,0.5,-7.0,0.5,0.3783783783783784,0.5,0.3783783783783784,175.26,182.88,1985-11-24,0.0
Dan Evensen,2,0,2,0.0,1.0,9.5,0.10526315789473684,0.0,0.5,0.0,1.0,0.0,19.0,14.5,1.0,1.0,0.0,0.10526315789473684,0.0,0.10526315789473684,190.5,,1974-06-01,0.0
Yuneisy Duben,2,0,2,0.0,38.0,76.5,0.49673202614379086,1.0,2.0,0.5,0.0,0.5,99.0,40.5,3.0,0.6666666666666667,0.0,0.49673202614379086,0.0,0.49673202614379086,,,,
David Kaplan,2,0,2,0.0,31.0,67.0,0.4626865671641791,3.5,8.0,0.4375,0.5,0.5,187.5,46.5,1.0,-2.5,0.0,0.4626865671641791,0.0,0.4626865671641791,170.18,,1979-11-16,0.0
Zachary Scroggin,1,0,1,0.0,3.0,8.0,0.375,0.0,0.0,0.0,0.0,0.0,0.0,11.0,0.0,0.0,0.0,0.375,0.0,0.375,,,,
Adrian Luna Martinetti,1,0,1,0.0,99.0,196.0,0.5051020408163265,1.0,5.0,0.2,0.0,0.0,43.0,162.0,1.0,0.0,0.0,0.5051020408163265,0.0,0.5051020408163265,,,,
Salahdine Parnasse,1,1,0,1.0,12.0,17.0,0.7058823529411765,0.0,0.0,0.0,0.0,0.0,2.0,14.0,0.0,0.0,1.0,0.7058823529411765,1.0,0.7058823529411765,,,,
Rafael Cerqueira,1,0,1,0.0,0.0,1.0,0.0,0.0,0.0,0.0,0.0,0.0,0.0,6.0,1.0,1.0,0.0,0.0,0.0,0.0,,,,
Sulangrangbo,1,0,1,0.0,56.0,125.0,0.448,0.0,0.0,0.0,0.0,0.0,14.0,52.0,15.0,1.0,0.0,0.448,0.0,0.448,,,,
Jamie Siraj,1,0,1,0.0,6.0,24.0,0.25,0.0,2.0,0.0,0.0,0.0,0.0,21.0,0.0,0.0,0.0,0.25,0.0,0.25,,,,
Damien Anderson,1,0,1,0.0,7.0,20.0,0.35,0.0,2.0,0.0,1.0,0.0,47.0,6.0,18.0,1.0,0.0,0.35,0.0,0.35,,,,
Ezra Elliott,1,1,0,1.0,6.0,11.0,0.5454545454545454,12.0,18.0,0.6666666666666666,3.0,0.0,661.0,7.0,2.0,-5.0,1.0,0.5454545454545454,1.0,0.5454545454545454,,,,
Michael Aljarouj,1,0,1,0.0,10.0,32.0,0.3125,0.0,3.0,0.0,1.0,1.0,264.0,28.0,8.0,1.0,0.0,0.3125,0.0,0.3125,,,,
Levan Chokheli,1,1,0,1.0,6.0,11.0,0.5454545454545454,0.0,0.0,0.0,0.0,0.0,1.0,0.0,0.0,0.0,1.0,0.5454545454545454,1.0,0.5454545454545454,,,,
Delphine Benouaich,1,1,0,1.0,146.0,249.0,0.5863453815261044,0.0,0.0,0.0,1.0,0.0,101.0,72.0,0.0,0.0,1.0,0.5863453815261044,1.0,0.5863453815261044,,,,
Fabia Sintes,1,1,0,1.0,28.0,49.0,0.5714285714285714,3.0,8.0,0.375,3.0,0.0,379.0,10.0,3.0,0.0,1.0,0.5714285714285714,1.0,0.5714285714285714,,,,
Matthieu Duclos,1,1,0,1.0,18.0,43.0,0.4186046511627907,0.0,0.0,0.0,0.0,0.0,5.0,22.0,0.0,0.0,1.0,0.4186046511627907,1.0,0.4186046511627907,,,,
Lucas Brennan,1,0,1,0.0,9.0,36.0,0.25,0.0,6.0,0.0,1.0,0.0,47.0,33.0,3.0,1.0,0.0,0.25,0.0,0.25,,,,
Pavel Andrusca,1,1,0,1.0,50.0,105.0,0.47619047619047616,4.0,19.0,0.21052631578947367,1.0,0.0,366.0,28.0,0.0,0.0,1.0,0.47619047619047616,1.0,0.47619047619047616,,,,
Mantas Kondratavicius,1,1,0,1.0,75.0,107.0,0.7009345794392523,2.0,4.0,0.5,1.0,0.0,366.0,17.0,12.0,0.8333333333333334,1.0,0.7009345794392523,1.0,0.7009345794392523,,,,
Sofia Montenegro,1,0,1,0.0,72.0,197.0,0.36548223350253806,0.0,0.0,0.0,0.0,0.0,0.0,146.0,0.0,0.0,0.0,0.36548223350253806,0.0,0.36548223350253806,,,,
Mandel Nallo,1,0,1,0.0,16.0,31.0,0.5161290322580645,0.0,0.0,0.0,0.0,0.0,10.0,19.0,0.0,0.0,0.0,0.5161290322580645,0.0,0.5161290322580645,,,,
Gokhan Saricam,1,1,0,1.0,57.0,121.0,0.47107438016528924,0.0,4.0,0.0,0.0,0.0,80.0,60.0,1.0,1.0,1.0,0.47107438016528924,1.0,0.47107438016528924,,,,
Marek Bujlo,1,0,1,0.0,31.0,80.0,0.3875,0.0,0.0,0.0,0.0,0.0,28.0,49.0,0.0,0.0,0.0,0.3875,0.0,0.3875,,,,
Julien Leblanc,1,0,1,0.0,4.0,6.0,0.6666666666666666,0.0,0.0,0.0,0.0,0.0,0.0,7.0,1.0,1.0,0.0,0.6666666666666666,0.0,0.6666666666666666,,,,
Mark Vologdin,1,0,1,0.0,42.0,102.0,0.4117647058823529,3.0,8.0,0.375,0.0,0.0,71.0,57.0,1.0,-2.0,0.0,0.4117647058823529,0.0,0.4117647058823529,,,,
Murtazali Magomedov,1,1,0,1.0,5.0,7.0,0.7142857142857143,1.0,2.0,0.5,1.0,0.0,27.0,3.0,0.0,0.0,1.0,0.7142857142857143,1.0,0.7142857142857143,,,,
Kiru Sahota,1,0,1,0.0,2.0,23.0,0.08695652173913043,0.0,0.0,0.0,0.0,0.0,0.0,12.0,0.0,0.0,0.0,0.08695652173913043,0.0,0.08695652173913043,,,,
Tre'ston Vines,1,0,1,0.0,0.0,1.0,0.0,0.0,2.0,0.0,0.0,0.0,6.0,6.0,1.0,1.0,0.0,0.0,0.0,0.0,,,,
Shi Ming,1,1,0,1.0,30.0,108.0,0.2777777777777778,1.0,2.0,0.5,0.0,0.0,55.0,48.0,0.0,0.0,1.0,0.2777777777777778,1.0,0.2777777777777778,,,,
Jose Delano,1,1,0,1.0,107.0,172.0,0.622093023255814,0.0,5.0,0.0,0.0,0.0,38.0,67.0,3.0,1.0,1.0,0.622093023255814,1.0,0.622093023255814,,,,
Farman Hasanov,1,1,0,1.0,21.0,41.0,0.5121951219512195,17.0,27.0,0.6296296296296297,0.0,0.0,672.0,15.0,0.0,0.0,1.0,0.5121951219512195,1.0,0.5121951219512195,,,,
Feng Xiaocan,1,0,1,0.0,48.0,102.0,0.47058823529411764,0.0,0.0,0.0,0.0,1.0,65.0,30.0,2.0,1.0,0.0,0.47058823529411764,0.0,0.47058823529411764,,,,
Shane Collins,1,1,0,1.0,76.0,138.0,0.5507246376811594,0.0,6.0,0.0,3.0,0.0,154.0,58.0,9.0,1.0,1.0,0.5507246376811594,1.0,0.5507246376811594,,,,
Igor Severino,1,0,1,0.0,36.0,78.0,0.46153846153846156,5.0,9.0,0.5555555555555556,0.0,0.0,180.0,30.0,2.0,-1.5,0.0,0.46153846153846156,0.0,0.46153846153846156,,,,
Melissa Amaya,1,0,1,0.0,22.0,58.0,0.3793103448275862,0.0,1.0,0.0,0.0,0.0,0.0,50.0,0.0,0.0,0.0,0.3793103448275862,0.0,0.3793103448275862,,,,
Mahammadali Osmanli,1,0,1,0.0,6.0,13.0,0.46153846153846156,0.0,0.0,0.0,0.0,0.0,0.0,6.0,2.0,1.0,0.0,0.46153846153846156,0.0,0.46153846153846156,,,,
Jefferson Nascimento,1,0,1,0.0,35.0,72.0,0.4861111111111111,0.0,1.0,0.0,0.0,0.0,33.0,37.0,6.0,1.0,0.0,0.4861111111111111,0.0,0.4861111111111111,,,,
Ilimbek Akylbek,1,1,0,1.0,6.0,12.0,0.5,1.0,2.0,0.5,0.0,0.0,55.0,6.0,0.0,0.0,1.0,0.5,1.0,0.5,,,,
Anna Melisano,1,0,1,0.0,2.0,6.0,0.3333333333333333,0.0,0.0,0.0,0.0,0.0,0.0,5.0,2.0,1.0,0.0,0.3333333333333333,0.0,0.3333333333333333,,,,
Otari Tanzilovi,1,0,1,0.0,58.0,89.0,0.651685393258427,5.0,9.0,0.5555555555555556,0.0,0.0,254.0,76.0,6.0,0.16666666666666663,0.0,0.651685393258427,0.0,0.651685393258427,,,,
DongHun Choi,1,1,0,1.0,12.0,19.0,0.631578947368421,0.0,0.0,0.0,0.0,0.0,1.0,2.0,0.0,0.0,1.0,0.631578947368421,1.0,0.631578947368421,,,,
Luis Hernandez,1,1,0,1.0,3.0,6.0,0.5,1.0,1.0,1.0,2.0,0.0,24.0,0.0,0.0,0.0,1.0,0.5,1.0,0.5,,,,
Tahir Abdullayev,1,1,0,1.0,37.0,87.0,0.42528735632183906,2.0,6.0,0.3333333333333333,0.0,0.0,192.0,35.0,1.0,-1.0,1.0,0.42528735632183906,1.0,0.42528735632183906,,,,
Max Gimenis,1,0,1,0.0,3.0,7.0,0.42857142857142855,0.0,0.0,0.0,0.0,0.0,0.0,9.0,0.0,0.0,0.0,0.42857142857142855,0.0,0.42857142857142855,,,,
Baergeng Jieleyisi,1,0,1,0.0,9.0,72.0,0.125,1.0,1.0,1.0,0.0,0.0,17.0,42.0,5.0,0.8,0.0,0.125,0.0,0.125,,,,
John Garza,1,0,1,0.0,82.0,187.0,0.4385026737967914,0.0,0.0,0.0,0.0,1.0,13.0,86.0,22.0,1.0,0.0,0.4385026737967914,0.0,0.4385026737967914,,,,
Sean King III,1,1,0,1.0,7.0,13.0,0.5384615384615384,1.0,1.0,1.0,0.0,0.0,4.0,3.0,0.0,0.0,1.0,0.5384615384615384,1.0,0.5384615384615384,,,,
Luis Pajuelo,1,0,1,0.0,5.0,13.0,0.38461538461538464,0.0,0.0,0.0,0.0,0.0,0.0,34.0,0.0,0.0,0.0,0.38461538461538464,0.0,0.38461538461538464,,,,
Jessie Rosas,1,0,1,0.0,3.0,6.0,0.5,0.0,0.0,0.0,0.0,0.0,0.0,7.0,1.0,1.0,0.0,0.5,0.0,0.5,,,,
Taiyilake Nueraji,1,1,0,1.0,27.0,38.0,0.7105263157894737,1.0,3.0,0.3333333333333333,0.0,0.0,191.0,2.0,1.0,0.0,1.0,0.7105263157894737,1.0,0.7105263157894737,,,,
Namsrai Batbayar,1,0,1,0.0,51.0,141.0,0.3617021276595745,0.0,1.0,0.0,0.0,0.0,8.0,47.0,0.0,0.0,0.0,0.3617021276595745,0.0,0.3617021276595745,,,,
Francesco Nuzzi,1,1,0,1.0,11.0,20.0,0.55,0.0,0.0,0.0,0.0,0.0,2.0,4.0,0.0,0.0,1.0,0.55,1.0,0.55,,,,
Liu Ce,1,1,0,1.0,59.0,82.0,0.7195121951219512,0.0,0.0,0.0,0.0,0.0,4.0,28.0,2.0,1.0,1.0,0.7195121951219512,1.0,0.7195121951219512,,,,
Gigi Canuto,1,0,1,0.0,56.0,107.0,0.5233644859813084,4.0,7.0,0.5714285714285714,1.0,0.0,370.0,106.0,0.0,0.0,0.0,0.5233644859813084,0.0,0.5233644859813084,,,,
Abdul Hussein,1,1,0,1.0,65.0,99.0,0.6565656565656566,1.0,2.0,0.5,3.0,2.0,467.0,44.0,3.0,0.6666666666666667,1.0,0.6565656565656566,1.0,0.6565656565656566,,,,
Muhammad Saidov,1,1,0,1.0,60.0,133.0,0.45112781954887216,0.0,0.0,0.0,0.0,0.0,2.0,34.0,0.0,0.0,1.0,0.45112781954887216,1.0,0.45112781954887216,,,,
Magomed Tuchalov,1,1,0,1.0,35.0,80.0,0.4375,8.0,14.0,0.5714285714285714,1.0,0.0,260.0,39.0,1.0,-7.0,1.0,0.4375,1.0,0.4375,,,,
Artur Minev,1,0,1,0.0,8.0,13.0,0.6153846153846154,0.0,1.0,0.0,0.0,0.0,53.0,28.0,17.0,1.0,0.0,0.6153846153846154,0.0,0.6153846153846154,,,,
Carol Foro,1,1,0,1.0,106.0,173.0,0.6127167630057804,0.0,0.0,0.0,0.0,1.0,50.0,56.0,7.0,1.0,1.0,0.6127167630057804,1.0,0.6127167630057804,,,,
Sebastian Szalay,1,0,1,0.0,79.0,204.0,0.3872549019607843,1.0,1.0,1.0,0.0,0.0,0.0,45.0,0.0,0.0,0.0,0.3872549019607843,0.0,0.3872549019607843,,,,
Vlasto Cepo,1,0,1,0.0,7.0,24.0,0.2916666666666667,0.0,0.0,0.0,0.0,0.0,0.0,30.0,0.0,0.0,0.0,0.2916666666666667,0.0,0.2916666666666667,,,,
Dakota Hope,1,0,1,0.0,106.0,258.0,0.4108527131782946,1.0,3.0,0.3333333333333333,0.0,0.0,78.0,105.0,1.0,0.0,0.0,0.4108527131782946,0.0,0.4108527131782946,,,,
Mark Choinski,1,0,1,0.0,58.0,114.0,0.5087719298245614,2.0,11.0,0.18181818181818182,0.0,0.0,279.0,110.0,0.0,0.0,0.0,0.5087719298245614,0.0,0.5087719298245614,,,,
Damian Rzepecki,1,0,1,0.0,16.0,62.0,0.25806451612903225,1.0,7.0,0.14285714285714285,0.0,0.0,302.0,74.0,6.0,0.8333333333333334,0.0,0.25806451612903225,0.0,0.25806451612903225,,,,
Luke Fernandez,1,0,1,0.0,16.0,33.0,0.48484848484848486,0.0,0.0,0.0,0.0,0.0,22.0,30.0,0.0,0.0,0.0,0.48484848484848486,0.0,0.48484848484848486,,,,
Michael Oliveira,1,1,0,1.0,14.0,25.0,0.56,0.0,0.0,0.0,0.0,0.0,15.0,6.0,1.0,1.0,1.0,0.56,1.0,0.56,,,,
Nina Milosevic,1,1,0,1.0,21.0,39.0,0.5384615384615384,0.0,0.0,0.0,0.0,0.0,0.0,13.0,2.0,1.0,1.0,0.5384615384615384,1.0,0.5384615384615384,,,,
Magomed Zaynukov,1,1,0,1.0,74.0,131.0,0.5648854961832062,2.0,6.0,0.3333333333333333,0.0,0.0,54.0,16.0,7.0,0.7142857142857143,1.0,0.5648854961832062,1.0,0.5648854961832062,,,,
Noah Gugnon,1,1,0,1.0,5.0,11.0,0.45454545454545453,0.0,0.0,0.0,1.0,0.0,40.0,6.0,0.0,0.0,1.0,0.45454545454545453,1.0,0.45454545454545453,,,,
Borislav Nikolic,1,1,0,1.0,57.0,147.0,0.3877551020408163,1.0,1.0,1.0,2.0,1.0,245.0,42.0,8.0,0.875,1.0,0.3877551020408163,1.0,0.3877551020408163,,,,
Milos Janicic,1,0,1,0.0,6.0,19.0,0.3157894736842105,0.0,0.0,0.0,0.0,0.0,0.0,5.0,0.0,0.0,0.0,0.3157894736842105,0.0,0.3157894736842105,,,,
Jose Souza,1,1,0,1.0,72.0,153.0,0.47058823529411764,0.0,0.0,0.0,0.0,0.0,0.0,63.0,0.0,0.0,1.0,0.47058823529411764,1.0,0.47058823529411764,,,,
Marina Spasic,1,0,1,0.0,25.0,53.0,0.4716981132075472,0.0,0.0,0.0,0.0,0.0,0.0,20.0,2.0,1.0,0.0,0.4716981132075472,0.0,0.4716981132075472,,,,
Rodrigo Vera,1,1,0,1.0,17.0,29.0,0.5862068965517241,1.0,1.0,1.0,0.0,0.0,41.0,7.0,0.0,0.0,1.0,0.5862068965517241,1.0,0.5862068965517241,,,,
Zygimantas Ramaska,1,0,1,0.0,6.0,10.0,0.6,0.0,0.0,0.0,1.0,2.0,111.0,14.0,6.0,1.0,0.0,0.6,0.0,0.6,,,,
Jovan Leka,1,1,0,1.0,10.0,16.0,0.625,0.0,0.0,0.0,0.0,0.0,2.0,8.0,0.0,0.0,1.0,0.625,1.0,0.625,,,,
YiSak Lee,1,0,1,0.0,10.0,25.0,0.4,0.0,0.0,0.0,0.0,0.0,0.0,21.0,0.0,0.0,0.0,0.4,0.0,0.4,,,,
Alexander Poppeck,1,0,1,0.0,8.0,18.0,0.4444444444444444,0.0,0.0,0.0,0.0,0.0,0.0,10.0,0.0,0.0,0.0,0.4444444444444444,0.0,0.4444444444444444,,,,
Zhu Kangjie,1,0,1,0.0,7.0,14.0,0.5,0.0,0.0,0.0,0.0,0.0,0.0,17.0,1.0,1.0,0.0,0.5,0.0,0.5,,,,
Juan Diaz,1,1,0,1.0,13.0,25.0,0.52,5.0,8.0,0.625,1.0,0.0,228.0,15.0,0.0,0.0,1.0,0.52,1.0,0.52,,,,
Jose Montanha,1,1,0,1.0,2.0,7.0,0.2857142857142857,1.0,2.0,0.5,1.0,0.0,61.0,3.0,1.0,0.0,1.0,0.2857142857142857,1.0,0.2857142857142857,,,,
Victor Valenzuela,1,1,0,1.0,53.0,117.0,0.452991452991453,1.0,2.0,0.5,0.0,0.0,36.0,40.0,9.0,0.8888888888888888,1.0,0.452991452991453,1.0,0.452991452991453,,,,
Islam Dulatov,1,1,0,1.0,21.0,41.0,0.5121951219512195,0.0,0.0,0.0,0.0,0.0,2.0,14.0,3.0,1.0,1.0,0.5121951219512195,1.0,0.5121951219512195,,,,
Allen Frye Jr.,1,0,1,0.0,33.0,86.0,0.38372093023255816,0.0,0.0,0.0,0.0,0.0,475.0,64.0,0.0,0.0,0.0,0.38372093023255816,0.0,0.38372093023255816,,,,
RJ Harris,1,1,0,1.0,15.0,26.0,0.5769230769230769,0.0,0.0,0.0,0.0,0.0,10.0,11.0,0.0,0.0,1.0,0.5769230769230769,1.0,0.5769230769230769,,,,
Hector Santiago,1,1,0,1.0,30.0,111.0,0.2702702702702703,0.0,0.0,0.0,0.0,0.0,7.0,32.0,1.0,1.0,1.0,0.2702702702702703,1.0,0.2702702702702703,,,,
Leon Shahbazyan,1,0,1,0.0,0.0,1.0,0.0,0.0,0.0,0.0,0.0,0.0,0.0,6.0,0.0,0.0,0.0,0.0,0.0,0.0,,,,
Abubakar Vagaev,1,1,0,1.0,27.0,70.0,0.38571428571428573,4.0,10.0,0.4,0.0,0.0,466.0,33.0,7.0,0.4285714285714286,1.0,0.38571428571428573,1.0,0.38571428571428573,,,,
Cam Nelson,1,1,0,1.0,41.0,70.0,0.5857142857142857,4.0,11.0,0.36363636363636365,0.0,0.0,394.0,39.0,1.0,-3.0,1.0,0.5857142857142857,1.0,0.5857142857142857,,,,
Nilson Rojas,1,0,1,0.0,33.0,66.0,0.5,0.0,0.0,0.0,0.0,0.0,3.0,53.0,1.0,1.0,0.0,0.5,0.0,0.5,,,,
Bilal Hasan,1,1,0,1.0,53.0,129.0,0.4108527131782946,1.0,1.0,1.0,0.0,0.0,63.0,33.0,0.0,0.0,1.0,0.4108527131782946,1.0,0.4108527131782946,,,,
Ryan Kuse,1,0,1,0.0,5.0,21.0,0.23809523809523808,0.0,5.0,0.0,0.0,0.0,0.0,11.0,0.0,0.0,0.0,0.23809523809523808,0.0,0.23809523809523808,,,,
Sangwook Kim,1,0,1,0.0,68.0,134.0,0.5074626865671642,1.0,10.0,0.1,0.0,0.0,330.0,99.0,4.0,0.75,0.0,0.5074626865671642,0.0,0.5074626865671642,,,,
Hecher Sosa,1,1,0,1.0,104.0,221.0,0.47058823529411764,0.0,0.0,0.0,0.0,0.0,34.0,62.0,11.0,1.0,1.0,0.47058823529411764,1.0,0.47058823529411764,,,,
Isaac Thomson,1,0,1,0.0,21.0,47.0,0.44680851063829785,4.0,5.0,0.8,0.0,1.0,180.0,33.0,12.0,0.6666666666666667,0.0,0.44680851063829785,0.0,0.44680851063829785,,,,
Stan Dorsainvil,1,1,0,1.0,123.0,298.0,0.412751677852349,2.0,7.0,0.2857142857142857,0.0,0.0,89.0,137.0,9.0,0.7777777777777778,1.0,0.412751677852349,1.0,0.412751677852349,,,,
Terrance Chatman,1,0,1,0.0,1.0,4.0,0.25,0.0,0.0,0.0,1.0,0.0,2.0,5.0,3.0,1.0,0.0,0.25,0.0,0.25,,,,
Imanol Rodriguez,1,1,0,1.0,46.0,84.0,0.5476190476190477,1.0,3.0,0.3333333333333333,0.0,0.0,213.0,22.0,0.0,0.0,1.0,0.5476190476190477,1.0,0.5476190476190477,,,,
Ben Johnston,1,0,1,0.0,12.0,16.0,0.75,2.0,2.0,1.0,0.0,1.0,556.0,12.0,3.0,0.33333333333333337,0.0,0.75,0.0,0.75,,,,
Ollie Schmid,1,0,1,0.0,9.0,30.0,0.3,0.0,0.0,0.0,0.0,0.0,0.0,22.0,0.0,0.0,0.0,0.3,0.0,0.3,,,,
Theodor Berggren,1,0,1,0.0,23.0,64.0,0.359375,0.0,0.0,0.0,0.0,0.0,17.0,71.0,0.0,0.0,0.0,0.359375,0.0,0.359375,,,,
Anthony Wint,1,1,0,1.0,5.0,9.0,0.5555555555555556,1.0,3.0,0.3333333333333333,1.0,0.0,162.0,1.0,0.0,0.0,1.0,0.5555555555555556,1.0,0.5555555555555556,,,,
Lucas Fernando,1,1,0,1.0,69.0,115.0,0.6,0.0,0.0,0.0,0.0,0.0,9.0,13.0,1.0,1.0,1.0,0.6,1.0,0.6,,,,
Cezary Oleksiejczuk,1,1,0,1.0,14.0,19.0,0.7368421052631579,6.0,7.0,0.8571428571428571,0.0,1.0,675.0,12.0,0.0,0.0,1.0,0.7368421052631579,1.0,0.7368421052631579,,,,
Eduardo Chapolin,1,0,1,0.0,55.0,131.0,0.4198473282442748,1.0,4.0,0.25,0.0,0.0,72.0,66.0,5.0,0.8,0.0,0.4198473282442748,0.0,0.4198473282442748,,,,
Richie Miranda,1,0,1,0.0,46.0,119.0,0.3865546218487395,1.0,9.0,0.1111111111111111,0.0,0.0,231.0,67.0,1.0,0.0,0.0,0.3865546218487395,0.0,0.3865546218487395,,,,
Keiichiro Nakamura,1,1,0,1.0,45.0,119.0,0.37815126050420167,0.0,0.0,0.0,0.0,0.0,4.0,79.0,1.0,1.0,1.0,0.37815126050420167,1.0,0.37815126050420167,,,,
Frank Hamaker,1,1,0,1.0,2.0,3.0,0.6666666666666666,1.0,1.0,1.0,3.0,1.0,0.0,0.0,1.0,0.0,1.0,0.6666666666666666,1.0,0.6666666666666666,,,,
Jonny Parsons,1,1,0,1.0,63.0,124.0,0.5080645161290323,0.0,0.0,0.0,0.0,0.0,86.0,44.0,2.0,1.0,1.0,0.5080645161290323,1.0,0.5080645161290323,175.26,175.26,1991-09-06,0.0
Ben Earwood,1,1,0,1.0,5.0,9.0,0.5555555555555556,2.0,2.0,1.0,0.0,0.0,587.0,2.0,0.0,0.0,1.0,0.5555555555555556,1.0,0.5555555555555556,172.72,,,0.0
Mark Hughes,1,1,0,1.0,9.0,19.0,0.47368421052631576,2.0,4.0,0.5,3.0,0.0,567.0,4.0,0.0,0.0,1.0,0.47368421052631576,1.0,0.47368421052631576,175.26,,1973-10-13,1.0
Phil Johns,1,0,1,0.0,2.0,3.0,0.6666666666666666,0.0,1.0,0.0,0.0,0.0,16.0,3.0,2.0,1.0,0.0,0.6666666666666666,0.0,0.6666666666666666,157.48,,1968-10-22,1.0
Joey Gilbert,1,0,1,0.0,3.0,7.0,0.42857142857142855,0.0,1.0,0.0,0.0,0.0,6.0,22.0,2.0,1.0,0.0,0.42857142857142855,0.0,0.42857142857142855,180.34,,1976-06-05,0.0
Paul Rodriguez,1,0,1,0.0,2.0,2.0,1.0,0.0,1.0,0.0,0.0,0.0,0.0,1.0,0.0,0.0,0.0,1.0,0.0,1.0,170.18,,,0.0
Homer Moore,1,0,1,0.0,4.0,8.0,0.5,2.0,3.0,0.6666666666666666,0.0,0.0,273.0,4.0,0.0,0.0,0.0,0.5,0.0,0.5,177.8,,1971-11-27,0.0
Roberto Traven,1,0,1,0.0,1.0,2.0,0.5,0.0,0.0,0.0,0.0,0.0,0.0,3.0,0.0,0.0,0.0,0.5,0.0,0.5,190.5,,1968-09-16,0.0
Hayato Sakurai,1,0,1,0.0,5.0,12.0,0.4166666666666667,0.0,0.0,0.0,0.0,0.0,0.0,36.0,11.0,1.0,0.0,0.4166666666666667,0.0,0.4166666666666667,170.18,,1975-08-24,0.0
Kelly Dullanty,1,0,1,0.0,0.0,1.0,0.0,0.0,0.0,0.0,0.0,0.0,11.0,2.0,3.0,1.0,0.0,0.0,0.0,0.0,172.72,,1977-11-04,0.0
Paul Creighton,1,0,1,0.0,6.0,8.0,0.75,3.0,8.0,0.375,0.0,0.0,105.0,39.0,0.0,0.0,0.0,0.75,0.0,0.75,167.64,,1970-06-04,1.0
Nick Serra,1,0,1,0.0,0.0,8.0,0.0,1.0,10.0,0.1,2.0,0.0,105.0,26.0,0.0,0.0,0.0,0.0,0.0,0.0,175.26,,1978-03-27,0.0
Zach Light,1,0,1,0.0,2.0,5.0,0.4,1.0,1.0,1.0,0.0,0.0,124.0,3.0,0.0,0.0,0.0,0.4,0.0,0.4,172.72,,1974-02-06,0.0
Rodrigo Ruas,1,0,1,0.0,11.0,31.0,0.3548387096774194,0.0,0.0,0.0,0.0,0.0,4.0,60.0,0.0,0.0,0.0,0.3548387096774194,0.0,0.3548387096774194,177.8,,1977-10-06,0.0
Joao Pierini,1,0,1,0.0,1.0,7.0,0.14285714285714285,0.0,0.0,0.0,0.0,0.0,0.0,6.0,0.0,0.0,0.0,0.14285714285714285,0.0,0.14285714285714285,185.42,,1971-12-11,0.0
Chris Haseman,1,0,1,0.0,14.0,20.0,0.7,0.0,0.0,0.0,2.0,0.0,14.0,70.0,5.0,1.0,0.0,0.7,0.0,0.7,180.34,,1969-06-02,0.0
Leigh Remedios,1,0,1,0.0,5.0,12.0,0.4166666666666667,0.0,0.0,0.0,0.0,0.0,86.0,9.0,3.0,1.0,0.0,0.4166666666666667,0.0,0.4166666666666667,170.18,,1976-01-13,0.0
James Zikic,1,0,1,0.0,29.0,66.0,0.4393939393939394,0.0,1.0,0.0,1.0,0.0,167.0,30.0,22.0,1.0,0.0,0.4393939393939394,0.0,0.4393939393939394,187.96,,1977-03-01,0.0
Romie Aram,1,0,1,0.0,24.0,70.0,0.34285714285714286,2.0,4.0,0.5,0.0,0.0,294.0,60.0,2.0,0.0,0.0,0.34285714285714286,0.0,0.34285714285714286,177.8,,1977-12-02,0.0
Alex Stiebling,1,0,1,0.0,4.0,7.0,0.5714285714285714,0.0,0.0,0.0,1.0,0.0,0.0,9.0,4.0,1.0,0.0,0.5714285714285714,0.0,0.5714285714285714,187.96,,,1.0
Aaron Brink,1,0,1,0.0,0.0,5.0,0.0,0.0,1.0,0.0,0.0,0.0,4.0,2.0,1.0,1.0,0.0,0.0,0.0,0.0,190.5,,1974-11-12,0.0
Sean Alvarez,1,0,1,0.0,6.0,16.0,0.375,0.0,9.0,0.0,0.0,0.0,197.0,22.0,0.0,0.0,0.0,0.375,0.0,0.375,182.88,,1971-07-14,0.0
Tyrone Roberts,1,1,0,1.0,16.0,60.0,0.26666666666666666,1.0,1.0,1.0,0.0,0.0,288.0,10.0,2.0,0.5,1.0,0.26666666666666666,1.0,0.26666666666666666,175.26,,,0.0
Flavio Luiz Moura,1,0,1,0.0,1.0,2.0,0.5,0.0,0.0,0.0,0.0,0.0,14.0,21.0,0.0,0.0,0.0,0.5,0.0,0.5,180.34,,,0.0
Lowell Anderson,1,0,1,0.0,9.0,33.0,0.2727272727272727,0.0,1.0,0.0,0.0,0.0,3.0,20.0,1.0,1.0,0.0,0.2727272727272727,0.0,0.2727272727272727,167.64,,,0.0
Keiichiro Yamamiya,1,0,1,0.0,14.0,58.0,0.2413793103448276,0.0,0.0,0.0,0.0,0.0,52.0,22.0,1.0,1.0,0.0,0.2413793103448276,0.0,0.2413793103448276,180.34,,1972-07-12,1.0
Masutatsu Yano,1,0,1,0.0,18.0,49.0,0.3673469387755102,1.0,3.0,0.3333333333333333,0.0,0.0,122.0,18.0,0.0,0.0,0.0,0.3673469387755102,0.0,0.3673469387755102,175.26,,1975-07-11,0.0
Bob Cook,1,1,0,1.0,22.0,47.0,0.46808510638297873,1.0,5.0,0.2,2.0,0.0,69.0,24.0,0.0,0.0,1.0,0.46808510638297873,1.0,0.46808510638297873,175.26,,,0.0
David Velasquez,1,0,1,0.0,20.0,37.0,0.5405405405405406,0.0,0.0,0.0,0.0,0.0,0.0,54.0,3.0,1.0,0.0,0.5405405405405406,0.0,0.5405405405405406,165.1,,,0.0
Jermaine Andre,1,0,1,0.0,27.0,47.0,0.574468085106383,0.0,0.0,0.0,0.0,0.0,16.0,33.0,4.0,1.0,0.0,0.574468085106383,0.0,0.574468085106383,170.18,,,0.0
Scott Adams,1,1,0,1.0,0.0,0.0,0.0,1.0,1.0,1.0,4.0,0.0,77.0,0.0,0.0,0.0,1.0,0.0,1.0,0.0,182.88,,,1.0
Brad Gumm,1,0,1,0.0,12.0,35.0,0.34285714285714286,0.0,2.0,0.0,1.0,1.0,29.0,22.0,6.0,1.0,0.0,0.34285714285714286,0.0,0.34285714285714286,180.34,,,0.0
Ikuhisa Minowa,1,1,0,1.0,3.0,19.0,0.15789473684210525,3.0,8.0,0.375,0.0,0.0,447.0,8.0,0.0,0.0,1.0,0.15789473684210525,1.0,0.15789473684210525,175.26,,1976-01-12,0.0
Satoshi Honma,1,0,1,0.0,6.0,13.0,0.46153846153846156,0.0,0.0,0.0,1.0,0.0,0.0,51.0,5.0,1.0,0.0,0.46153846153846156,0.0,0.46153846153846156,185.42,,1968-05-19,0.0
Sanae Kikuta,1,1,0,1.0,8.0,16.0,0.5,2.0,2.0,1.0,2.0,0.0,218.0,4.0,0.0,0.0,1.0,0.5,1.0,0.5,175.26,,1971-09-10,0.0
Alex Andrade,1,0,1,0.0,12.0,27.0,0.4444444444444444,0.0,1.0,0.0,0.0,0.0,93.0,6.0,0.0,0.0,0.0,0.4444444444444444,0.0,0.4444444444444444,180.34,,1974-05-14,0.0
Nate Schroeder,1,0,1,0.0,9.0,18.0,0.5,1.0,6.0,0.16666666666666666,0.0,1.0,210.0,16.0,1.0,0.0,0.0,0.5,0.0,0.5,185.42,,,
Joao Roque,1,0,1,0.0,5.0,59.0,0.0847457627118644,1.0,18.0,0.05555555555555555,0.0,0.0,15.0,4.0,0.0,0.0,0.0,0.0847457627118644,0.0,0.0847457627118644,167.64,,1971-07-22,0.0
Marcelo Aguiar,1,0,1,0.0,2.0,2.0,1.0,0.0,0.0,0.0,0.0,0.0,0.0,18.0,3.0,1.0,0.0,1.0,0.0,1.0,177.8,,,0.0
Adrian Serrano,1,0,1,0.0,6.0,23.0,0.2608695652173913,0.0,2.0,0.0,0.0,1.0,187.0,26.0,6.0,1.0,0.0,0.2608695652173913,0.0,0.2608695652173913,172.72,,1963-12-23,
Richard Crunkilton,1,0,1,0.0,29.0,89.0,0.3258426966292135,4.0,7.0,0.5714285714285714,0.0,0.0,442.0,27.0,11.0,0.6363636363636364,0.0,0.3258426966292135,0.0,0.3258426966292135,170.18,,1979-11-25,0.0
Eddie Ruiz,1,0,1,0.0,3.0,12.0,0.25,2.0,16.0,0.125,0.0,2.0,284.0,21.0,0.0,0.0,0.0,0.25,0.0,0.25,170.18,,1967-06-10,0.0
Tony Petarra,1,0,1,0.0,4.0,5.0,0.8,0.0,2.0,0.0,0.0,0.0,0.0,25.0,0.0,0.0,0.0,0.8,0.0,0.8,180.34,,,0.0
Kit Cope,1,0,1,0.0,8.0,15.0,0.5333333333333333,0.0,0.0,0.0,0.0,0.0,15.0,10.0,8.0,1.0,0.0,0.5333333333333333,0.0,0.5333333333333333,182.88,,1977-03-17,0.0
Mike Whitehead,1,0,1,0.0,27.0,73.0,0.3698630136986301,5.0,12.0,0.4166666666666667,0.0,0.0,380.0,44.0,0.0,0.0,0.0,0.3698630136986301,0.0,0.3698630136986301,185.42,,1981-06-29,0.0
Steve Vigneault,1,0,1,0.0,6.0,13.0,0.46153846153846156,0.0,1.0,0.0,0.0,0.0,13.0,13.0,0.0,0.0,0.0,0.46153846153846156,0.0,0.46153846153846156,177.8,,1978-02-14,0.0
Icho Larenas,1,0,1,0.0,2.0,13.0,0.15384615384615385,0.0,0.0,0.0,0.0,0.0,0.0,30.0,7.0,1.0,0.0,0.15384615384615385,0.0,0.15384615384615385,190.5,,1980-03-12,0.0
Tom Murphy,1,1,0,1.0,30.0,42.0,0.7142857142857143,6.0,7.0,0.8571428571428571,2.0,0.0,490.0,2.0,0.0,0.0,1.0,0.7142857142857143,1.0,0.7142857142857143,187.96,,1974-11-19,1.0
Derrick Noble,1,0,1,0.0,18.0,45.0,0.4,0.0,0.0,0.0,0.0,0.0,40.0,11.0,0.0,0.0,0.0,0.4,0.0,0.4,175.26,,1978-08-14,1.0
Rick Davis,1,0,1,0.0,5.0,10.0,0.5,0.0,0.0,0.0,0.0,0.0,0.0,10.0,0.0,0.0,0.0,0.5,0.0,0.5,175.26,,,0.0
Solomon Hutcherson,1,0,1,0.0,11.0,28.0,0.39285714285714285,1.0,1.0,1.0,0.0,1.0,98.0,11.0,1.0,0.0,0.0,0.39285714285714285,0.0,0.39285714285714285,180.34,,1972-08-31,1.0
Kristian Rothaermel,1,0,1,0.0,3.0,6.0,0.5,0.0,3.0,0.0,0.0,0.0,0.0,10.0,4.0,1.0,0.0,0.5,0.0,0.5,182.88,,1972-01-31,0.0
Joe Jordan,1,0,1,0.0,20.0,78.0,0.2564102564102564,0.0,0.0,0.0,0.0,0.0,67.0,46.0,9.0,1.0,0.0,0.2564102564102564,0.0,0.2564102564102564,167.64,,1978-07-27,0.0
Yuki Sasaki,1,0,1,0.0,26.0,66.0,0.3939393939393939,0.0,0.0,0.0,0.0,0.0,277.0,24.0,17.0,1.0,0.0,0.3939393939393939,0.0,0.3939393939393939,187.96,,1976-09-12,0.0
Kristof Midoux,1,0,1,0.0,2.0,10.0,0.2,0.0,0.0,0.0,0.0,0.0,0.0,25.0,3.0,1.0,0.0,0.2,0.0,0.2,185.42,,1974-07-30,0.0
Cory Walmsley,1,0,1,0.0,2.0,2.0,1.0,0.0,0.0,0.0,0.0,0.0,2.0,3.0,1.0,1.0,0.0,1.0,0.0,1.0,182.88,,,0.0
Mario Neto,1,0,1,0.0,10.0,20.0,0.5,1.0,1.0,1.0,0.0,0.0,118.0,10.0,0.0,0.0,0.0,0.5,0.0,0.5,182.88,,,0.0
Justin James,1,0,1,0.0,13.0,36.0,0.3611111111111111,0.0,0.0,0.0,1.0,0.0,26.0,26.0,4.0,1.0,0.0,0.3611111111111111,0.0,0.3611111111111111,177.8,,1976-11-08,0.0
Sherman Pendergarst,1,0,1,0.0,4.0,11.0,0.36363636363636365,1.0,1.0,1.0,0.0,0.0,164.0,10.0,0.0,0.0,0.0,0.36363636363636365,0.0,0.36363636363636365,185.42,,1967-08-01,0.0
Josh Shockman,1,0,1,0.0,13.0,40.0,0.325,0.0,0.0,0.0,0.0,0.0,26.0,13.0,13.0,1.0,0.0,0.325,0.0,0.325,193.04,,1980-12-29,1.0
Jeff Joslin,1,0,1,0.0,18.0,54.0,0.3333333333333333,0.0,0.0,0.0,1.0,0.0,0.0,14.0,12.0,1.0,0.0,0.3333333333333333,0.0,0.3333333333333333,182.88,,1975-04-30,0.0
Jeff Newton,1,0,1,0.0,2.0,10.0,0.2,0.0,0.0,0.0,4.0,0.0,9.0,10.0,3.0,1.0,0.0,0.2,0.0,0.2,187.96,,1966-12-11,0.0
Kerry Schall,1,0,1,0.0,8.0,68.0,0.11764705882352941,0.0,0.0,0.0,0.0,0.0,0.0,41.0,0.0,0.0,0.0,0.11764705882352941,0.0,0.11764705882352941,187.96,,1971-08-09,0.0
Gerald Strebendt,1,0,1,0.0,0.0,0.0,0.0,0.0,0.0,0.0,3.0,0.0,0.0,11.0,1.0,1.0,0.0,0.0,0.0,0.0,175.26,,1979-03-01,0.0
Keigo Kunihara,1,0,1,0.0,1.0,10.0,0.1,2.0,5.0,0.4,1.0,0.0,195.0,12.0,2.0,0.0,0.0,0.1,0.0,0.1,182.88,,,0.0
Chris Liguori,1,0,1,0.0,1.0,3.0,0.3333333333333333,0.0,0.0,0.0,0.0,0.0,8.0,5.0,2.0,1.0,0.0,0.3333333333333333,0.0,0.3333333333333333,175.26,,,0.0
Nick Agallar,1,0,1,0.0,5.0,43.0,0.11627906976744186,0.0,2.0,0.0,0.0,0.0,67.0,33.0,0.0,0.0,0.0,0.11627906976744186,0.0,0.11627906976744186,172.72,,1979-01-13,0.0
Lee Murray,1,1,0,1.0,0.0,1.0,0.0,0.0,0.0,0.0,2.0,0.0,0.0,2.0,2.0,1.0,1.0,0.0,1.0,0.0,190.5,,1977-09-12,0.0
Jonathan Wiezorek,1,1,0,1.0,10.0,10.0,1.0,1.0,4.0,0.25,0.0,0.0,112.0,20.0,0.0,0.0,1.0,1.0,1.0,1.0,190.5,,1978-02-10,1.0
Wade Shipp,1,0,1,0.0,20.0,23.0,0.8695652173913043,0.0,0.0,0.0,0.0,0.0,44.0,10.0,4.0,1.0,0.0,0.8695652173913043,0.0,0.8695652173913043,190.5,,1975-02-09,0.0
Ronald Jhun,1,0,1,0.0,8.0,16.0,0.5,1.0,1.0,1.0,0.0,0.0,23.0,12.0,1.0,0.0,0.0,0.5,0.0,0.5,180.34,,1970-09-21,0.0
Vernon White,1,0,1,0.0,13.0,37.0,0.35135135135135137,0.0,1.0,0.0,0.0,0.0,0.0,31.0,1.0,1.0,0.0,0.35135135135135137,0.0,0.35135135135135137,182.88,,1971-12-03,1.0
Josh Rafferty,1,0,1,0.0,1.0,3.0,0.3333333333333333,0.0,1.0,0.0,1.0,0.0,0.0,6.0,0.0,0.0,0.0,0.3333333333333333,0.0,0.3333333333333333,182.88,,1981-01-06,0.0
Jason Thacker,1,0,1,0.0,1.0,3.0,0.3333333333333333,0.0,0.0,0.0,0.0,0.0,0.0,27.0,1.0,1.0,0.0,0.3333333333333333,0.0,0.3333333333333333,177.8,,1975-08-18,0.0
Chris Sanford,1,0,1,0.0,1.0,2.0,0.5,0.0,0.0,0.0,1.0,0.0,0.0,14.0,2.0,1.0,0.0,0.5,0.0,0.5,180.34,,1968-03-12,0.0
Alex Schoenauer,1,0,1,0.0,1.0,4.0,0.25,0.0,0.0,0.0,0.0,0.0,0.0,7.0,0.0,0.0,0.0,0.25,0.0,0.25,190.5,,1976-05-05,0.0
Lodune Sincaid,1,0,1,0.0,10.0,34.0,0.29411764705882354,0.0,0.0,0.0,0.0,0.0,0.0,36.0,0.0,0.0,0.0,0.29411764705882354,0.0,0.29411764705882354,175.26,,1973-05-07,0.0
Bobby Southworth,1,0,1,0.0,21.0,84.0,0.25,1.0,2.0,0.5,0.0,0.0,81.0,22.0,1.0,0.0,0.0,0.25,0.0,0.25,187.96,,1969-12-16,0.0
John Marsh,1,0,1,0.0,18.0,35.0,0.5142857142857142,1.0,1.0,1.0,1.0,0.0,161.0,34.0,4.0,0.75,0.0,0.5142857142857142,0.0,0.5142857142857142,182.88,,1970-09-15,0.0
Bill Mahood,1,0,1,0.0,1.0,1.0,1.0,0.0,0.0,0.0,0.0,0.0,0.0,3.0,1.0,1.0,0.0,1.0,0.0,1.0,190.5,,1967-02-01,0.0
Brian Gassaway,1,0,1,0.0,3.0,6.0,0.5,0.0,0.0,0.0,0.0,0.0,23.0,35.0,6.0,1.0,0.0,0.5,0.0,0.5,185.42,,1972-08-07,0.0
Sean Gannon,1,0,1,0.0,0.0,3.0,0.0,0.0,0.0,0.0,0.0,0.0,0.0,27.0,2.0,1.0,0.0,0.0,0.0,0.0,190.5,,,1.0
Andre Pederneiras,1,0,1,0.0,10.0,19.0,0.5263157894736842,0.0,1.0,0.0,0.0,0.0,4.0,13.0,0.0,0.0,0.0,0.5263157894736842,0.0,0.5263157894736842,172.72,,1967-03-22,0.0
Chris Condo,1,0,1,0.0,0.0,2.0,0.0,0.0,0.0,0.0,0.0,0.0,0.0,6.0,1.0,1.0,0.0,0.0,0.0,0.0,182.88,,,0.0
Braxton Smith,1,0,1,0.0,14.0,29.0,0.4827586206896552,0.0,1.0,0.0,0.0,0.0,0.0,25.0,1.0,1.0,0.0,0.4827586206896552,0.0,0.4827586206896552,180.34,182.88,1990-01-01,0.0
Jon Hess,1,1,0,1.0,17.0,28.0,0.6071428571428571,0.0,0.0,0.0,0.0,0.0,0.0,2.0,2.0,1.0,1.0,0.6071428571428571,1.0,0.6071428571428571,200.66,,,
John Matua,1,0,1,0.0,0.0,0.0,0.0,0.0,0.0,0.0,0.0,0.0,0.0,7.0,0.0,0.0,0.0,0.0,0.0,0.0,187.96,,,0.0
Rudyard Moncayo,1,0,1,0.0,0.0,0.0,0.0,0.0,1.0,0.0,0.0,0.0,0.0,6.0,2.0,1.0,0.0,0.0,0.0,0.0,177.8,,,0.0
Gerry Harris,1,0,1,0.0,0.0,2.0,0.0,0.0,0.0,0.0,0.0,0.0,0.0,4.0,1.0,1.0,0.0,0.0,0.0,0.0,203.2,,,0.0
Ryan Parker,1,0,1,0.0,0.0,0.0,0.0,0.0,0.0,0.0,0.0,0.0,0.0,0.0,1.0,1.0,0.0,0.0,0.0,0.0,190.5,,,1.0
David Hood,1,0,1,0.0,2.0,3.0,0.6666666666666666,0.0,0.0,0.0,0.0,0.0,0.0,1.0,0.0,0.0,0.0,0.6666666666666666,0.0,0.6666666666666666,182.88,,,
Scott Bessac,1,1,0,1.0,1.0,5.0,0.2,0.0,0.0,0.0,2.0,0.0,0.0,2.0,0.0,0.0,1.0,0.2,1.0,0.2,193.04,,,
Thomas Ramirez,1,0,1,0.0,1.0,2.0,0.5,0.0,0.0,0.0,0.0,0.0,0.0,3.0,0.0,0.0,0.0,0.5,0.0,0.5,185.42,,,0.0
Paul Herrera,1,0,1,0.0,0.0,0.0,0.0,0.0,1.0,0.0,0.0,0.0,0.0,8.0,1.0,1.0,0.0,0.0,0.0,0.0,177.8,,,0.0
Zane Frazier,1,0,1,0.0,1.0,2.0,0.5,0.0,0.0,0.0,0.0,0.0,0.0,9.0,1.0,1.0,0.0,0.5,0.0,0.5,195.58,,,0.0
Koji Kitao,1,0,1,0.0,1.0,2.0,0.5,1.0,1.0,1.0,0.0,0.0,0.0,3.0,0.0,0.0,0.0,0.5,0.0,0.5,200.66,,1963-10-12,1.0
Mark Schultz,1,1,0,1.0,8.0,29.0,0.27586206896551724,3.0,3.0,1.0,0.0,0.0,0.0,1.0,0.0,0.0,1.0,0.27586206896551724,1.0,0.27586206896551724,175.26,,,0.0
Matt Andersen,1,0,1,0.0,0.0,0.0,0.0,0.0,0.0,0.0,0.0,0.0,0.0,8.0,1.0,1.0,0.0,0.0,0.0,0.0,187.96,,1971-05-29,1.0
Rafael Carino,1,1,0,1.0,8.0,17.0,0.47058823529411764,1.0,1.0,1.0,0.0,0.0,0.0,0.0,0.0,0.0,1.0,0.47058823529411764,1.0,0.47058823529411764,203.2,,,0.0
Tai Bowden,1,0,1,0.0,4.0,4.0,1.0,0.0,0.0,0.0,0.0,0.0,0.0,13.0,2.0,1.0,0.0,1.0,0.0,1.0,180.34,,,
Scott Fiedler,1,0,1,0.0,3.0,4.0,0.75,0.0,0.0,0.0,0.0,0.0,0.0,2.0,2.0,1.0,0.0,0.75,0.0,0.75,193.04,,,0.0
John Campetella,1,0,1,0.0,5.0,7.0,0.7142857142857143,0.0,1.0,0.0,0.0,0.0,0.0,5.0,0.0,0.0,0.0,0.7142857142857143,0.0,0.7142857142857143,175.26,,,0.0
Dieusel Berto,1,0,1,0.0,3.0,5.0,0.6,0.0,1.0,0.0,0.0,0.0,0.0,21.0,2.0,1.0,0.0,0.6,0.0,0.6,175.26,,,
Ernie Verdicia,1,0,1,0.0,2.0,5.0,0.4,0.0,0.0,0.0,0.0,0.0,0.0,0.0,1.0,1.0,0.0,0.4,0.0,0.4,180.34,,,0.0
Andy Anderson,1,0,1,0.0,2.0,2.0,1.0,0.0,2.0,0.0,0.0,1.0,0.0,17.0,0.0,0.0,0.0,1.0,0.0,1.0,167.64,,1974-07-16,
Reza Nasri,1,0,1,0.0,0.0,0.0,0.0,0.0,1.0,0.0,0.0,0.0,0.0,6.0,1.0,1.0,0.0,0.0,0.0,0.0,180.34,,,0.0
John Dowdy,1,0,1,0.0,0.0,4.0,0.0,0.0,0.0,0.0,0.0,0.0,0.0,12.0,0.0,0.0,0.0,0.0,0.0,0.0,,,,
Scott Baker,1,0,1,0.0,0.0,2.0,0.0,1.0,1.0,1.0,0.0,2.0,0.0,3.0,1.0,0.0,0.0,0.0,0.0,0.0,182.88,,,
David Levicki,1,0,1,0.0,4.0,5.0,0.8,0.0,0.0,0.0,0.0,0.0,0.0,11.0,1.0,1.0,0.0,0.8,0.0,0.8,195.58,,,
Fred Ettish,1,0,1,0.0,4.0,7.0,0.5714285714285714,0.0,0.0,0.0,0.0,0.0,0.0,13.0,0.0,0.0,0.0,0.5714285714285714,0.0,0.5714285714285714,182.88,,,1.0
Robert Lucarelli,1,0,1,0.0,2.0,6.0,0.3333333333333333,1.0,1.0,1.0,1.0,0.0,0.0,8.0,0.0,0.0,0.0,0.3333333333333333,0.0,0.3333333333333333,187.96,,,
Ray Wizard,1,0,1,0.0,1.0,1.0,1.0,0.0,0.0,0.0,0.0,0.0,0.0,1.0,1.0,1.0,0.0,1.0,0.0,1.0,,,,
Alberta Cerra Leon,1,0,1,0.0,1.0,3.0,0.3333333333333333,0.0,0.0,0.0,0.0,0.0,0.0,4.0,1.0,1.0,0.0,0.3333333333333333,0.0,0.3333333333333333,172.72,,,
Minoki Ichihara,1,0,1,0.0,3.0,7.0,0.42857142857142855,0.0,0.0,0.0,0.0,0.0,0.0,2.0,1.0,1.0,0.0,0.42857142857142855,0.0,0.42857142857142855,170.18,,,0.0
Sean Daugherty,1,0,1,0.0,0.0,4.0,0.0,0.0,0.0,0.0,0.0,0.0,0.0,1.0,1.0,1.0,0.0,0.0,0.0,0.0,182.88,,1975-12-04,
Roland Payne,1,0,1,0.0,3.0,4.0,0.75,1.0,2.0,0.5,0.0,0.0,0.0,9.0,1.0,0.0,0.0,0.75,0.0,0.75,175.26,,,0.0
Emmanuel Yarborough,1,0,1,0.0,1.0,5.0,0.2,0.0,1.0,0.0,0.0,0.0,0.0,34.0,0.0,0.0,0.0,0.2,0.0,0.2,203.2,,1960-09-05,0.0
Felix Lee Mitchell,1,0,1,0.0,3.0,3.0,1.0,0.0,0.0,0.0,0.0,0.0,0.0,4.0,2.0,1.0,0.0,1.0,0.0,1.0,,,,0.0
Marcus Bossett,1,0,1,0.0,1.0,2.0,0.5,0.0,0.0,0.0,0.0,0.0,0.0,0.0,1.0,1.0,0.0,0.5,0.0,0.5,185.42,,,0.0
Jason Fairn,1,0,1,0.0,9.0,12.0,0.75,0.0,0.0,0.0,0.0,0.0,0.0,19.0,1.0,1.0,0.0,0.75,0.0,0.75,185.42,,,
Joe Son,1,0,1,0.0,0.0,0.0,0.0,1.0,1.0,1.0,1.0,0.0,0.0,8.0,0.0,0.0,0.0,0.0,0.0,0.0,162.56,,1970-11-22,0.0
Ron van Clief,1,0,1,0.0,0.0,2.0,0.0,0.0,0.0,0.0,0.0,0.0,0.0,7.0,1.0,1.0,0.0,0.0,0.0,0.0,177.8,,1943-01-25,0.0
Melton Bowen,1,0,1,0.0,1.0,4.0,0.25,0.0,0.0,0.0,0.0,0.0,0.0,13.0,3.0,1.0,0.0,0.25,0.0,0.25,182.88,,1969-07-16,0.0
Asbel Cancio,1,0,1,0.0,0.0,0.0,0.0,0.0,0.0,0.0,0.0,0.0,0.0,12.0,1.0,1.0,0.0,0.0,0.0,0.0,177.8,,,
Geza Kalman,1,1,0,1.0,21.0,36.0,0.5833333333333334,0.0,2.0,0.0,1.0,1.0,0.0,3.0,1.0,1.0,1.0,0.5833333333333334,1.0,0.5833333333333334,185.42,,,
Fabio Gurgel,1,0,1,0.0,2.0,3.0,0.6666666666666666,1.0,3.0,0.3333333333333333,1.0,0.0,0.0,18.0,1.0,0.0,0.0,0.6666666666666666,0.0,0.6666666666666666,182.88,,,0.0
Marcelo Mello,1,1,0,1.0,7.0,13.0,0.5384615384615384,1.0,2.0,0.5,0.0,0.0,0.0,0.0,0.0,0.0,1.0,0.5384615384615384,1.0,0.5384615384615384,170.18,,,1.0
Kazushi Sakuraba,1,1,0,1.0,1.0,3.0,0.3333333333333333,1.0,2.0,0.5,2.0,0.0,0.0,5.0,2.0,0.5,1.0,0.3333333333333333,1.0,0.3333333333333333,182.88,,1969-07-14,1.0
Igor Zinoviev,1,0,1,0.0,0.0,2.0,0.0,0.0,0.0,0.0,0.0,0.0,0.0,2.0,1.0,1.0,0.0,0.0,0.0,0.0,185.42,,,0.0
Eugenio Tadeu,1,0,1,0.0,6.0,24.0,0.25,0.0,2.0,0.0,0.0,0.0,0.0,42.0,1.0,1.0,0.0,0.25,0.0,0.25,172.72,,,0.0
Bob Gilstrap,1,0,1,0.0,0.0,1.0,0.0,0.0,0.0,0.0,0.0,0.0,0.0,1.0,1.0,1.0,0.0,0.0,0.0,0.0,190.5,,,0.0
Noe Hernandez,1,0,1,0.0,9.0,38.0,0.23684210526315788,1.0,1.0,1.0,0.0,0.0,0.0,46.0,2.0,0.5,0.0,0.23684210526315788,0.0,0.23684210526315788,,,,0.0
Allan Goes,1,0,1,0.0,36.0,49.0,0.7346938775510204,0.0,0.0,0.0,0.0,0.0,0.0,31.0,1.0,1.0,0.0,0.7346938775510204,0.0,0.7346938775510204,182.88,,1971-04-20,0.0
Hugo Duarte,1,0,1,0.0,0.0,0.0,0.0,1.0,3.0,0.3333333333333333,0.0,0.0,0.0,11.0,0.0,0.0,0.0,0.0,0.0,0.0,182.88,,1968-08-09,0.0
Joe Pardo,1,0,1,0.0,4.0,11.0,0.36363636363636365,0.0,5.0,0.0,1.0,0.0,0.0,27.0,1.0,1.0,0.0,0.36363636363636365,0.0,0.36363636363636365,185.42,,,1.0
Ebenezer Fontes Braga,1,1,0,1.0,9.0,16.0,0.5625,1.0,1.0,1.0,1.0,0.0,0.0,3.0,0.0,0.0,1.0,0.5625,1.0,0.5625,182.88,,1969-04-14,0.0
John Lober,1,0,1,0.0,4.0,11.0,0.36363636363636365,3.0,4.0,0.75,1.0,0.0,0.0,23.0,0.0,0.0,0.0,0.36363636363636365,0.0,0.36363636363636365,180.34,,1968-02-26,0.0
Adriano Santos,1,0,1,0.0,11.0,36.0,0.3055555555555556,2.0,3.0,0.6666666666666666,0.0,1.0,0.0,31.0,4.0,0.5,0.0,0.3055555555555556,0.0,0.3055555555555556,,,,
Tulio Palhares,1,1,0,1.0,31.0,44.0,0.7045454545454546,4.0,4.0,1.0,0.0,0.0,0.0,11.0,3.0,-0.33333333333333326,1.0,0.7045454545454546,1.0,0.7045454545454546,,,,
Darrel Gholar,1,0,1,0.0,4.0,26.0,0.15384615384615385,1.0,1.0,1.0,0.0,0.0,0.0,24.0,1.0,0.0,0.0,0.15384615384615385,0.0,0.15384615384615385,172.72,,,0.0
Frank Caracci,1,0,1,0.0,0.0,2.0,0.0,0.0,2.0,0.0,1.0,0.0,0.0,15.0,2.0,1.0,0.0,0.0,0.0,0.0,,,,
Jorge Patino,1,0,1,0.0,19.0,88.0,0.2159090909090909,1.0,6.0,0.16666666666666666,1.0,0.0,0.0,27.0,3.0,0.6666666666666667,0.0,0.2159090909090909,0.0,0.2159090909090909,172.72,,1973-08-05,0.0
Joey Roberts,1,0,1,0.0,17.0,42.0,0.40476190476190477,1.0,2.0,0.5,2.0,1.0,0.0,9.0,1.0,0.0,0.0,0.40476190476190477,0.0,0.40476190476190477,187.96,,,
Sione Latu,1,1,0,1.0,9.0,19.0,0.47368421052631576,1.0,1.0,1.0,0.0,1.0,0.0,17.0,2.0,0.5,1.0,0.47368421052631576,1.0,0.47368421052631576,182.88,,,
David Roberts,1,0,1,0.0,0.0,3.0,0.0,0.0,0.0,0.0,0.0,0.0,0.0,7.0,2.0,1.0,0.0,0.0,0.0,0.0,185.42,,1975-11-15,0.0
Marcus Silveira,1,0,1,0.0,5.0,12.0,0.4166666666666667,2.0,2.0,1.0,2.0,0.0,0.0,1.0,2.0,0.0,0.0,0.4166666666666667,0.0,0.4166666666666667,190.5,,,0.0
Greg Stott,1,0,1,0.0,0.0,3.0,0.0,0.0,0.0,0.0,0.0,0.0,0.0,1.0,0.0,0.0,0.0,0.0,0.0,0.0,170.18,,,1.0
Julian Sanchez,1,0,1,0.0,0.0,0.0,0.0,0.0,0.0,0.0,0.0,0.0,0.0,7.0,1.0,1.0,0.0,0.0,0.0,0.0,190.5,,,0.0
Houston Dorr,1,0,1,0.0,1.0,2.0,0.5,0.0,0.0,0.0,0.0,0.0,0.0,11.0,1.0,1.0,0.0,0.5,0.0,0.5,185.42,,,0.0
Nick Sanzo,1,0,1,0.0,0.0,0.0,0.0,0.0,1.0,0.0,0.0,0.0,0.0,2.0,1.0,1.0,0.0,0.0,0.0,0.0,175.26,,,
Rainy Martinez,1,0,1,0.0,0.0,0.0,0.0,0.0,0.0,0.0,0.0,0.0,0.0,0.0,1.0,1.0,0.0,0.0,0.0,0.0,182.88,,,0.0
Jim Mullen,1,0,1,0.0,3.0,5.0,0.6,0.0,0.0,0.0,0.0,0.0,0.0,30.0,2.0,1.0,0.0,0.6,0.0,0.6,185.42,,,1.0
Wallid Ismail,1,0,1,0.0,1.0,17.0,0.058823529411764705,1.0,10.0,0.1,0.0,0.0,0.0,20.0,1.0,0.0,0.0,0.058823529411764705,0.0,0.058823529411764705,170.18,,1968-02-23,0.0
Yoshiki Takahashi,1,1,0,1.0,20.0,43.0,0.46511627906976744,1.0,1.0,1.0,0.0,0.0,0.0,1.0,10.0,0.9,1.0,0.46511627906976744,1.0,0.46511627906976744,180.34,,1969-03-13,1.0
Enson Inoue,1,1,0,1.0,0.0,0.0,0.0,0.0,0.0,0.0,1.0,0.0,0.0,3.0,1.0,1.0,1.0,0.0,1.0,0.0,177.8,,1967-04-15,0.0
Jack Nilson,1,1,0,1.0,11.0,13.0,0.8461538461538461,0.0,0.0,0.0,0.0,0.0,0.0,1.0,0.0,0.0,1.0,0.8461538461538461,1.0,0.8461538461538461,,,,
Saeed Hosseini,1,0,1,0.0,1.0,5.0,0.2,0.0,0.0,0.0,1.0,0.0,0.0,11.0,0.0,0.0,0.0,0.2,0.0,0.2,,,,
Tony Halme,1,0,1,0.0,0.0,0.0,0.0,0.0,0.0,0.0,0.0,0.0,0.0,1.0,1.0,1.0,0.0,0.0,0.0,0.0,190.5,,1963-01-06,0.0
Dmitri Stepanov,1,0,1,0.0,1.0,1.0,1.0,0.0,0.0,0.0,0.0,0.0,0.0,0.0,1.0,1.0,0.0,1.0,0.0,1.0,190.5,,,0.0
Wes Albritton,1,0,1,0.0,0.0,0.0,0.0,0.0,0.0,0.0,0.0,0.0,0.0,21.0,1.0,1.0,0.0,0.0,0.0,0.0,177.8,,,0.0
Sam Fulton,1,0,1,0.0,1.0,1.0,1.0,0.0,0.0,0.0,0.0,0.0,0.0,7.0,1.0,1.0,0.0,1.0,0.0,1.0,,,,
Yuri Vaulin,1,0,1,0.0,1.0,5.0,0.2,0.0,0.0,0.0,0.0,0.0,0.0,7.0,3.0,1.0,0.0,0.2,0.0,0.2,193.04,,,1.0
Todd Butler,1,0,1,0.0,1.0,4.0,0.25,0.0,0.0,0.0,0.0,0.0,0.0,3.0,1.0,1.0,0.0,0.25,0.0,0.25,185.42,,,1.0
Donnie Chappell,1,0,1,0.0,0.0,2.0,0.0,0.0,0.0,0.0,0.0,0.0,0.0,5.0,1.0,1.0,0.0,0.0,0.0,0.0,180.34,,,1.0
Harry Moskowitz,1,0,1,0.0,12.0,22.0,0.5454545454545454,1.0,1.0,1.0,4.0,0.0,0.0,11.0,5.0,0.8,0.0,0.5454545454545454,0.0,0.5454545454545454,195.58,,,0.0
Carlos Barreto,1,0,1,0.0,11.0,32.0,0.34375,2.0,4.0,0.5,0.0,0.0,0.0,13.0,3.0,0.33333333333333337,0.0,0.34375,0.0,0.34375,193.04,,,0.0
Logan Clark,1,1,0,1.0,40.0,55.0,0.7272727272727273,0.0,0.0,0.0,2.0,1.0,229.0,18.0,5.0,1.0,1.0,0.7272727272727273,1.0,0.7272727272727273,187.96,,1985-02-16,0.0
Steve Byrnes,1,0,1,0.0,18.0,35.0,0.5142857142857142,3.0,5.0,0.6,4.0,1.0,539.0,40.0,0.0,0.0,0.0,0.5142857142857142,0.0,0.5142857142857142,182.88,,,0.0
Rex Holman,1,0,1,0.0,11.0,32.0,0.34375,0.0,4.0,0.0,0.0,0.0,0.0,29.0,1.0,1.0,0.0,0.34375,0.0,0.34375,190.5,,,1.0
Izabela Badurek,1,0,1,0.0,32.0,45.0,0.7111111111111111,1.0,8.0,0.125,0.0,0.0,190.0,42.0,1.0,0.0,0.0,0.7111111111111111,0.0,0.7111111111111111,165.1,,1991-07-11,0.0
Joe Merritt,1,0,1,0.0,23.0,39.0,0.5897435897435898,0.0,2.0,0.0,0.0,3.0,151.0,11.0,16.0,1.0,0.0,0.5897435897435898,0.0,0.5897435897435898,182.88,,1984-03-07,0.0
Lewis Gonzalez,1,0,1,0.0,21.0,56.0,0.375,2.0,6.0,0.3333333333333333,0.0,1.0,279.0,28.0,8.0,0.75,0.0,0.375,0.0,0.375,177.8,,1987-09-19,0.0
Nazareno Malegarie,1,0,1,0.0,58.0,166.0,0.3493975903614458,1.0,3.0,0.3333333333333333,0.0,0.0,49.0,49.0,0.0,0.0,0.0,0.3493975903614458,0.0,0.3493975903614458,172.72,,1986-05-16,
Roger Zapata,1,0,1,0.0,28.0,54.0,0.5185185185185185,0.0,1.0,0.0,1.0,0.0,24.0,23.0,11.0,1.0,0.0,0.5185185185185185,0.0,0.5185185185185185,180.34,,1986-05-09,1.0
Bubba Bush,1,0,1,0.0,8.0,14.0,0.5714285714285714,3.0,6.0,0.5,0.0,0.0,357.0,97.0,5.0,0.4,0.0,0.5714285714285714,0.0,0.5714285714285714,182.88,,1985-07-24,0.0
Bruno Korea,1,0,1,0.0,27.0,79.0,0.34177215189873417,0.0,0.0,0.0,0.0,0.0,0.0,46.0,4.0,1.0,0.0,0.34177215189873417,0.0,0.34177215189873417,167.64,165.1,1991-06-28,
Vernon Ramos Ho,1,0,1,0.0,2.0,8.0,0.25,0.0,0.0,0.0,0.0,0.0,0.0,4.0,0.0,0.0,0.0,0.25,0.0,0.25,167.64,,1992-06-03,0.0
Abner Lloveras,1,0,1,0.0,94.0,189.0,0.4973544973544973,2.0,10.0,0.2,0.0,0.0,173.0,103.0,0.0,0.0,0.0,0.4973544973544973,0.0,0.4973544973544973,180.34,,1982-09-04,
Marcin Wrzosek,1,0,1,0.0,52.0,119.0,0.4369747899159664,3.0,12.0,0.25,0.0,0.0,281.0,61.0,3.0,0.0,0.0,0.4369747899159664,0.0,0.4369747899159664,175.26,,1987-10-14,
Felipe Olivieri,1,0,1,0.0,87.0,150.0,0.58,0.0,1.0,0.0,0.0,0.0,19.0,60.0,7.0,1.0,0.0,0.58,0.0,0.58,175.26,,1985-04-12,0.0
Martin Svensson,1,0,1,0.0,13.0,34.0,0.38235294117647056,0.0,4.0,0.0,0.0,0.0,19.0,38.0,1.0,1.0,0.0,0.38235294117647056,0.0,0.38235294117647056,185.42,,1985-04-25,
Filip Pejic,1,0,1,0.0,0.0,2.0,0.0,0.0,0.0,0.0,0.0,0.0,22.0,2.0,2.0,1.0,0.0,0.0,0.0,0.0,172.72,,1992-07-21,0.0
Cory Hendricks,1,0,1,0.0,47.0,118.0,0.3983050847457627,0.0,2.0,0.0,0.0,0.0,18.0,61.0,2.0,1.0,0.0,0.3983050847457627,0.0,0.3983050847457627,190.5,,1988-05-10,
CM Punk,1,0,1,0.0,0.0,1.0,0.0,0.0,0.0,0.0,0.0,0.0,0.0,20.0,1.0,1.0,0.0,0.0,0.0,0.0,185.42,185.42,1978-10-26,0.0
Keith Berish,1,0,1,0.0,61.0,168.0,0.3630952380952381,2.0,5.0,0.4,0.0,0.0,52.0,82.0,0.0,0.0,0.0,0.3630952380952381,0.0,0.3630952380952381,182.88,,1985-11-14,0.0
Cindy Dandois,1,0,1,0.0,47.0,146.0,0.3219178082191781,5.0,9.0,0.5555555555555556,0.0,0.0,399.0,51.0,0.0,0.0,0.0,0.3219178082191781,0.0,0.3219178082191781,170.18,,1984-10-26,0.0
Tom Gallicchio,1,0,1,0.0,53.0,200.0,0.265,1.0,9.0,0.1111111111111111,0.0,0.0,61.0,106.0,0.0,0.0,0.0,0.265,0.0,0.265,177.8,,1986-09-23,1.0
Rocky Lee,1,0,1,0.0,37.0,72.0,0.5138888888888888,1.0,10.0,0.1,0.0,0.0,223.0,80.0,3.0,0.6666666666666667,0.0,0.5138888888888888,0.0,0.5138888888888888,175.26,,1987-04-08,0.0
Bentley Syler,1,0,1,0.0,15.0,79.0,0.189873417721519,0.0,0.0,0.0,0.0,0.0,0.0,20.0,8.0,1.0,0.0,0.189873417721519,0.0,0.189873417721519,162.56,,1982-12-22,0.0
James Mulheron,1,0,1,0.0,36.0,114.0,0.3157894736842105,0.0,0.0,0.0,0.0,0.0,40.0,52.0,4.0,1.0,0.0,0.3157894736842105,0.0,0.3157894736842105,177.8,185.42,1988-02-20,0.0
Alex Torres,1,0,1,0.0,37.0,99.0,0.37373737373737376,2.0,9.0,0.2222222222222222,0.0,0.0,195.0,41.0,2.0,0.0,0.0,0.37373737373737376,0.0,0.37373737373737376,177.8,,1988-05-29,0.0
Gilbert Smith,1,0,1,0.0,14.0,34.0,0.4117647058823529,3.0,5.0,0.6,1.0,1.0,229.0,35.0,0.0,0.0,0.0,0.4117647058823529,0.0,0.4117647058823529,175.26,,1981-10-19,1.0
Eddie Mendez,1,0,1,0.0,4.0,12.0,0.3333333333333333,0.0,0.0,0.0,0.0,0.0,22.0,8.0,1.0,1.0,0.0,0.3333333333333333,0.0,0.3333333333333333,177.8,,1984-01-16,
Roger Gracie,1,0,1,0.0,12.0,29.0,0.41379310344827586,2.0,4.0,0.5,0.0,0.0,206.0,54.0,4.0,0.5,0.0,0.41379310344827586,0.0,0.41379310344827586,193.04,200.66,1981-09-26,0.0
Nandor Guelmino,1,0,1,0.0,56.0,99.0,0.5656565656565656,0.0,3.0,0.0,0.0,0.0,228.0,49.0,5.0,1.0,0.0,0.5656565656565656,0.0,0.5656565656565656,190.5,,1975-12-20,
Peggy Morgan,1,0,1,0.0,34.0,147.0,0.23129251700680273,0.0,0.0,0.0,0.0,0.0,353.0,123.0,2.0,1.0,0.0,0.23129251700680273,0.0,0.23129251700680273,185.42,,1979-12-16,
Shunichi Shimizu,1,0,1,0.0,2.0,6.0,0.3333333333333333,0.0,6.0,0.0,0.0,1.0,108.0,65.0,2.0,1.0,0.0,0.3333333333333333,0.0,0.3333333333333333,165.1,,1985-01-31,0.0
Will Chope,1,0,1,0.0,33.0,121.0,0.2727272727272727,0.0,5.0,0.0,0.0,0.0,61.0,74.0,0.0,0.0,0.0,0.2727272727272727,0.0,0.2727272727272727,193.04,,1990-09-08,0.0
Dave Galera,1,0,1,0.0,25.0,36.0,0.6944444444444444,0.0,0.0,0.0,2.0,1.0,5.0,8.0,7.0,1.0,0.0,0.6944444444444444,0.0,0.6944444444444444,180.34,,1978-01-12,0.0
Albert Cheng,1,0,1,0.0,5.0,12.0,0.4166666666666667,0.0,1.0,0.0,0.0,0.0,6.0,13.0,0.0,0.0,0.0,0.4166666666666667,0.0,0.4166666666666667,180.34,,1985-02-07,0.0
Guilherme Vasconcelos,1,0,1,0.0,49.0,166.0,0.29518072289156627,0.0,3.0,0.0,0.0,0.0,0.0,66.0,1.0,1.0,0.0,0.29518072289156627,0.0,0.29518072289156627,182.88,,1986-03-23,0.0
Daniel Spohn,1,0,1,0.0,24.0,51.0,0.47058823529411764,0.0,1.0,0.0,2.0,0.0,64.0,11.0,7.0,1.0,0.0,0.47058823529411764,0.0,0.47058823529411764,193.04,200.66,1984-10-12,1.0
Tina Lahdemaki,1,0,1,0.0,29.0,141.0,0.20567375886524822,0.0,0.0,0.0,0.0,0.0,0.0,70.0,6.0,1.0,0.0,0.20567375886524822,0.0,0.20567375886524822,157.48,,1988-05-28,0.0
Mike King,1,0,1,0.0,38.0,65.0,0.5846153846153846,1.0,4.0,0.25,2.0,0.0,141.0,11.0,5.0,0.8,0.0,0.5846153846153846,0.0,0.5846153846153846,190.5,,1983-08-04,
Jianping Yang,1,0,1,0.0,21.0,78.0,0.2692307692307692,1.0,4.0,0.25,0.0,0.0,31.0,31.0,3.0,0.6666666666666667,0.0,0.2692307692307692,0.0,0.2692307692307692,170.18,,1988-11-27,0.0
Rodolfo Rubio Perez,1,0,1,0.0,17.0,47.0,0.3617021276595745,2.0,6.0,0.3333333333333333,0.0,1.0,193.0,15.0,3.0,0.33333333333333337,0.0,0.3617021276595745,0.0,0.3617021276595745,165.1,,1987-01-29,0.0
Humberto Brown Morrison,1,0,1,0.0,18.0,36.0,0.5,1.0,4.0,0.25,0.0,0.0,367.0,23.0,0.0,0.0,0.0,0.5,0.0,0.5,177.8,,1984-11-03,
Thaddeus Luster,1,0,1,0.0,0.0,0.0,0.0,0.0,1.0,0.0,0.0,0.0,0.0,2.0,1.0,1.0,0.0,0.0,0.0,0.0,190.5,,,
Nick Roehrick,1,0,1,0.0,28.0,160.0,0.175,0.0,0.0,0.0,0.0,0.0,14.0,84.0,1.0,1.0,0.0,0.175,0.0,0.175,187.96,,1987-07-06,0.0
Abdul-Kerim Edilov,1,1,0,1.0,77.0,125.0,0.616,2.0,2.0,1.0,1.0,0.0,333.0,1.0,0.0,0.0,1.0,0.616,1.0,0.616,187.96,,1991-11-25,0.0
Stevie Lynch,1,0,1,0.0,7.0,28.0,0.25,0.0,0.0,0.0,0.0,0.0,19.0,20.0,0.0,0.0,0.0,0.25,0.0,0.25,177.8,,,0.0
Sung Bin Jo,1,0,1,0.0,21.0,63.0,0.3333333333333333,1.0,3.0,0.3333333333333333,1.0,0.0,10.0,40.0,6.0,0.8333333333333334,0.0,0.3333333333333333,0.0,0.3333333333333333,182.88,182.88,1992-07-17,0.0
Isabela de Padua,1,0,1,0.0,15.0,42.0,0.35714285714285715,2.0,3.0,0.6666666666666666,1.0,0.0,278.0,31.0,0.0,0.0,0.0,0.35714285714285715,0.0,0.35714285714285715,160.02,162.56,1991-09-04,0.0
Ben Sosoli,1,0,1,0.0,5.0,17.0,0.29411764705882354,0.0,0.0,0.0,0.0,0.0,0.0,19.0,0.0,0.0,0.0,0.29411764705882354,0.0,0.29411764705882354,182.88,182.88,1989-12-10,1.0
Max Rohskopf,1,0,1,0.0,17.0,54.0,0.3148148148148148,2.0,6.0,0.3333333333333333,1.0,0.0,67.0,58.0,0.0,0.0,0.0,0.3148148148148148,0.0,0.3148148148148148,185.42,180.34,1994-09-27,0.0
Roman Bogatov,1,0,1,0.0,50.0,117.0,0.42735042735042733,1.0,11.0,0.09090909090909091,0.0,1.0,367.0,66.0,2.0,0.5,0.0,0.42735042735042733,0.0,0.42735042735042733,172.72,185.42,1990-12-15,0.0
Austin Springer,1,0,1,0.0,14.0,32.0,0.4375,0.0,1.0,0.0,0.0,0.0,3.0,18.0,0.0,0.0,0.0,0.4375,0.0,0.4375,172.72,180.34,1987-05-12,0.0
Liliya Shakirova,1,0,1,0.0,23.0,75.0,0.30666666666666664,0.0,3.0,0.0,0.0,0.0,29.0,22.0,1.0,1.0,0.0,0.30666666666666664,0.0,0.30666666666666664,162.56,165.1,1991-10-24,0.0
Martin Sano,1,0,1,0.0,1.0,3.0,0.3333333333333333,0.0,0.0,0.0,0.0,0.0,0.0,3.0,0.0,0.0,0.0,0.3333333333333333,0.0,0.3333333333333333,180.34,190.5,1991-05-30,0.0
Zviad Lazishvili,1,0,1,0.0,63.0,160.0,0.39375,0.0,6.0,0.0,0.0,0.0,90.0,92.0,0.0,0.0,0.0,0.39375,0.0,0.39375,167.64,175.26,1991-10-25,0.0
Aliaskhab Khizriev,1,1,0,1.0,42.0,67.0,0.6268656716417911,2.0,3.0,0.6666666666666666,1.0,0.0,166.0,31.0,1.0,-1.0,1.0,0.6268656716417911,1.0,0.6268656716417911,175.26,187.96,1990-08-24,1.0
Dean Barry,1,0,1,0.0,36.0,90.0,0.4,0.0,0.0,0.0,0.0,0.0,15.0,18.0,1.0,1.0,0.0,0.4,0.0,0.4,177.8,182.88,1992-07-03,0.0
Askar Mozharov,1,0,1,0.0,2.0,11.0,0.18181818181818182,0.0,0.0,0.0,0.0,0.0,0.0,19.0,3.0,1.0,0.0,0.18181818181818182,0.0,0.18181818181818182,190.5,187.96,1994-10-26,0.0
Danyelle Wolf,1,0,1,0.0,20.0,95.0,0.21052631578947367,0.0,0.0,0.0,0.0,0.0,0.0,52.0,2.0,1.0,0.0,0.21052631578947367,0.0,0.21052631578947367,180.34,177.8,1983-09-08,0.0
Joshua Weems,1,0,1,0.0,18.0,26.0,0.6923076923076923,2.0,3.0,0.6666666666666666,0.0,0.0,63.0,9.0,2.0,0.0,0.0,0.6923076923076923,0.0,0.6923076923076923,172.72,175.26,1994-05-05,0.0
Carlos Mota,1,0,1,0.0,12.0,29.0,0.41379310344827586,0.0,0.0,0.0,1.0,1.0,11.0,17.0,8.0,1.0,0.0,0.41379310344827586,0.0,0.41379310344827586,162.56,175.26,1995-04-15,0.0
Steven Koslow,1,0,1,0.0,11.0,29.0,0.3793103448275862,5.0,9.0,0.5555555555555556,1.0,2.0,280.0,53.0,0.0,0.0,0.0,0.3793103448275862,0.0,0.3793103448275862,170.18,175.26,1997-01-22,0.0
SeungGuk Choi,1,0,1,0.0,20.0,69.0,0.2898550724637681,0.0,2.0,0.0,0.0,0.0,158.0,38.0,3.0,1.0,0.0,0.2898550724637681,0.0,0.2898550724637681,167.64,162.56,1996-12-26,0.0
Khusein Askhabov,1,0,1,0.0,30.0,114.0,0.2631578947368421,0.0,6.0,0.0,0.0,2.0,58.0,62.0,3.0,1.0,0.0,0.2631578947368421,0.0,0.2631578947368421,172.72,175.26,1995-02-13,0.0
Yoshinori Horie,1,0,1,0.0,39.0,79.0,0.4936708860759494,0.0,1.0,0.0,0.0,0.0,2.0,80.0,0.0,0.0,0.0,0.4936708860759494,0.0,0.4936708860759494,172.72,177.8,1995-05-10,0.0
Duda Santana,1,0,1,0.0,42.0,106.0,0.39622641509433965,3.0,5.0,0.6,0.0,0.0,156.0,19.0,0.0,0.0,0.0,0.39622641509433965,0.0,0.39622641509433965,170.18,185.42,1996-01-10,0.0
Azunna Anyanwu,1,0,1,0.0,37.0,84.0,0.44047619047619047,0.0,0.0,0.0,0.0,0.0,0.0,36.0,0.0,0.0,0.0,0.44047619047619047,0.0,0.44047619047619047,185.42,,1981-08-05,0.0
Alex Gorgees,1,0,1,0.0,10.0,31.0,0.3225806451612903,0.0,0.0,0.0,0.0,0.0,0.0,34.0,11.0,1.0,0.0,0.3225806451612903,0.0,0.3225806451612903,187.96,187.96,1995-08-11,0.0
Bharat Kandare,1,0,1,0.0,3.0,30.0,0.1,0.0,1.0,0.0,0.0,0.0,0.0,8.0,0.0,0.0,0.0,0.1,0.0,0.1,170.18,182.88,1987-06-20,0.0
Wang Guan,1,1,0,1.0,71.0,164.0,0.4329268292682927,0.0,3.0,0.0,0.0,0.0,23.0,49.0,0.0,0.0,1.0,0.4329268292682927,1.0,0.4329268292682927,175.26,180.34,1986-03-14,0.0
Ariel Beck,1,0,1,0.0,35.0,102.0,0.3431372549019608,0.0,0.0,0.0,0.0,0.0,9.0,34.0,0.0,0.0,0.0,0.3431372549019608,0.0,0.3431372549019608,167.64,167.64,1990-09-16,1.0
Christina Marks,1,0,1,0.0,10.0,17.0,0.5882352941176471,1.0,1.0,1.0,0.0,0.0,41.0,6.0,0.0,0.0,0.0,0.5882352941176471,0.0,0.5882352941176471,170.18,175.26,1985-11-08,0.0
Karine Gevorgyan,1,0,1,0.0,2.0,10.0,0.2,0.0,2.0,0.0,0.0,0.0,22.0,3.0,1.0,1.0,0.0,0.2,0.0,0.2,162.56,160.02,1989-03-09,
Maia Stevenson,1,0,1,0.0,6.0,11.0,0.5454545454545454,1.0,1.0,1.0,0.0,0.0,88.0,12.0,2.0,0.5,0.0,0.5454545454545454,0.0,0.5454545454545454,162.56,157.48,1982-03-19,0.0
Dmitry Sosnovskiy,1,1,0,1.0,28.0,40.0,0.7,2.0,3.0,0.6666666666666666,2.0,1.0,252.0,24.0,1.0,-1.0,1.0,0.7,1.0,0.7,190.5,195.58,1989-07-06,0.0
Melinda Fabian,1,0,1,0.0,72.0,173.0,0.4161849710982659,0.0,1.0,0.0,0.0,0.0,2.0,73.0,0.0,0.0,0.0,0.4161849710982659,0.0,0.4161849710982659,167.64,167.64,1987-06-25,
Jay Cucciniello,1,0,1,0.0,14.0,64.0,0.21875,0.0,1.0,0.0,0.0,0.0,0.0,71.0,7.0,1.0,0.0,0.21875,0.0,0.21875,170.18,,1986-07-23,0.0
Allan Zuniga,1,0,1,0.0,59.0,112.0,0.5267857142857143,0.0,0.0,0.0,1.0,0.0,0.0,27.0,19.0,1.0,0.0,0.5267857142857143,0.0,0.5267857142857143,170.18,177.8,1992-04-04,0.0
Richie Smullen,1,0,1,0.0,7.0,9.0,0.7777777777777778,2.0,3.0,0.6666666666666666,0.0,0.0,100.0,8.0,1.0,-1.0,0.0,0.7777777777777778,0.0,0.7777777777777778,175.26,172.72,1991-08-17,0.0
Joe Giannetti,1,0,1,0.0,29.0,75.0,0.38666666666666666,1.0,6.0,0.16666666666666666,0.0,0.0,170.0,42.0,0.0,0.0,0.0,0.38666666666666666,0.0,0.38666666666666666,182.88,187.96,1995-07-05,1.0
Tyler Diamond,1,0,1,0.0,51.0,107.0,0.4766355140186916,3.0,4.0,0.75,0.0,2.0,512.0,38.0,10.0,0.7,0.0,0.4766355140186916,0.0,0.4766355140186916,170.18,175.26,1991-03-18,0.0
Adam Yandiev,1,0,1,0.0,1.0,12.0,0.08333333333333333,0.0,0.0,0.0,0.0,0.0,0.0,35.0,4.0,1.0,0.0,0.08333333333333333,0.0,0.08333333333333333,175.26,187.96,1988-08-07,0.0
Khalid Murtazaliev,1,1,0,1.0,48.0,69.0,0.6956521739130435,5.0,5.0,1.0,0.0,1.0,358.0,4.0,3.0,-0.6666666666666667,1.0,0.6956521739130435,1.0,0.6956521739130435,182.88,193.04,1993-07-15,0.0
Justin Frazier,1,0,1,0.0,4.0,6.0,0.6666666666666666,0.0,0.0,0.0,0.0,0.0,0.0,22.0,2.0,1.0,0.0,0.6666666666666666,0.0,0.6666666666666666,182.88,190.5,1989-06-15,1.0
Michel Batista,1,0,1,0.0,0.0,0.0,0.0,1.0,2.0,0.5,0.0,0.0,72.0,9.0,0.0,0.0,0.0,0.0,0.0,0.0,190.5,,1984-04-20,0.0
Collin Hart,1,0,1,0.0,95.0,212.0,0.4481132075471698,2.0,12.0,0.16666666666666666,0.0,0.0,214.0,113.0,2.0,0.0,0.0,0.4481132075471698,0.0,0.4481132075471698,185.42,,1989-10-12,0.0
Jimmy Quinlan,1,0,1,0.0,7.0,10.0,0.7,1.0,4.0,0.25,0.0,0.0,166.0,20.0,0.0,0.0,0.0,0.7,0.0,0.7,182.88,,1986-05-25,0.0
Adam Cella,1,0,1,0.0,2.0,12.0,0.16666666666666666,0.0,0.0,0.0,0.0,0.0,0.0,6.0,1.0,1.0,0.0,0.16666666666666666,0.0,0.16666666666666666,187.96,,1985-06-26,
Neil Wain,1,0,1,0.0,4.0,8.0,0.5,0.0,0.0,0.0,0.0,0.0,0.0,13.0,2.0,1.0,0.0,0.5,0.0,0.5,177.8,,,0.0
Jules Bruchez,1,0,1,0.0,1.0,2.0,0.5,0.0,0.0,0.0,0.0,0.0,0.0,8.0,1.0,1.0,0.0,0.5,0.0,0.5,182.88,,1977-08-16,1.0
Shane Primm,1,0,1,0.0,7.0,26.0,0.2692307692307692,1.0,5.0,0.2,0.0,0.0,77.0,19.0,0.0,0.0,0.0,0.2692307692307692,0.0,0.2692307692307692,190.5,,1984-07-30,0.0
John Polakowski,1,0,1,0.0,1.0,23.0,0.043478260869565216,0.0,0.0,0.0,1.0,0.0,21.0,15.0,4.0,1.0,0.0,0.043478260869565216,0.0,0.043478260869565216,177.8,,1981-06-21,0.0
Mike Wessel,1,0,1,0.0,13.0,23.0,0.5652173913043478,3.0,6.0,0.5,0.0,0.0,238.0,46.0,0.0,0.0,0.0,0.5652173913043478,0.0,0.5652173913043478,182.88,,1977-12-02,0.0
Tom Egan,1,0,1,0.0,0.0,1.0,0.0,0.0,0.0,0.0,0.0,0.0,0.0,18.0,7.0,1.0,0.0,0.0,0.0,0.0,180.34,,,0.0
Alexandre Barros,1,0,1,0.0,8.0,20.0,0.4,1.0,2.0,0.5,0.0,0.0,136.0,33.0,1.0,0.0,0.0,0.4,0.0,0.4,175.26,,1976-11-19,1.0
Ivan Serati,1,0,1,0.0,3.0,11.0,0.2727272727272727,0.0,2.0,0.0,0.0,0.0,0.0,14.0,1.0,1.0,0.0,0.2727272727272727,0.0,0.2727272727272727,182.88,,,0.0
Derek Downey,1,0,1,0.0,2.0,2.0,1.0,1.0,6.0,0.16666666666666666,0.0,0.0,62.0,21.0,4.0,0.75,0.0,1.0,0.0,1.0,185.42,,1980-04-27,0.0
Neil Grove,1,0,1,0.0,0.0,3.0,0.0,0.0,0.0,0.0,1.0,0.0,22.0,0.0,1.0,1.0,0.0,0.0,0.0,0.0,198.12,,1971-01-18,0.0
Brian Cobb,1,0,1,0.0,0.0,13.0,0.0,2.0,4.0,0.5,0.0,0.0,108.0,19.0,1.0,-1.0,0.0,0.0,0.0,0.0,180.34,,,0.0
Ryan Madigan,1,0,1,0.0,0.0,2.0,0.0,0.0,0.0,0.0,0.0,0.0,0.0,12.0,1.0,1.0,0.0,0.0,0.0,0.0,182.88,,,0.0
Tim McKenzie,1,0,1,0.0,1.0,4.0,0.25,0.0,0.0,0.0,0.0,0.0,0.0,16.0,1.0,1.0,0.0,0.25,0.0,0.25,182.88,187.96,1982-07-21,0.0
Jesse Sanders,1,0,1,0.0,0.0,3.0,0.0,0.0,0.0,0.0,0.0,0.0,0.0,13.0,2.0,1.0,0.0,0.0,0.0,0.0,182.88,,,0.0
Nissen Osterneck,1,0,1,0.0,35.0,70.0,0.5,1.0,8.0,0.125,1.0,1.0,290.0,29.0,8.0,0.875,0.0,0.5,0.0,0.5,187.96,,1981-05-01,0.0
Cameron Dollar,1,0,1,0.0,24.0,63.0,0.38095238095238093,0.0,1.0,0.0,0.0,0.0,5.0,14.0,0.0,0.0,0.0,0.38095238095238093,0.0,0.38095238095238093,180.34,,1987-05-12,0.0
Frank Lester,1,0,1,0.0,8.0,22.0,0.36363636363636365,0.0,2.0,0.0,0.0,0.0,4.0,14.0,1.0,1.0,0.0,0.36363636363636365,0.0,0.36363636363636365,180.34,,1984-06-10,0.0
Danillo Villefort,1,0,1,0.0,43.0,114.0,0.37719298245614036,1.0,2.0,0.5,1.0,0.0,62.0,37.0,2.0,0.5,0.0,0.37719298245614036,0.0,0.37719298245614036,185.42,,1983-05-08,0.0
Josh Hendricks,1,0,1,0.0,1.0,5.0,0.2,0.0,0.0,0.0,0.0,0.0,0.0,12.0,0.0,0.0,0.0,0.2,0.0,0.2,187.96,,1976-08-28,1.0
David Baron,1,0,1,0.0,7.0,16.0,0.4375,0.0,1.0,0.0,1.0,1.0,55.0,15.0,6.0,1.0,0.0,0.4375,0.0,0.4375,167.64,,1973-02-15,0.0
Chris Spang,1,0,1,0.0,5.0,57.0,0.08771929824561403,0.0,0.0,0.0,0.0,0.0,0.0,38.0,10.0,1.0,0.0,0.08771929824561403,0.0,0.08771929824561403,187.96,,1987-11-26,0.0
Cale Yarbrough,1,0,1,0.0,6.0,22.0,0.2727272727272727,0.0,0.0,0.0,0.0,0.0,0.0,19.0,0.0,0.0,0.0,0.2727272727272727,0.0,0.2727272727272727,185.42,,1986-12-27,0.0
Andy Wang,1,0,1,0.0,4.0,11.0,0.36363636363636365,0.0,1.0,0.0,0.0,0.0,0.0,12.0,0.0,0.0,0.0,0.36363636363636365,0.0,0.36363636363636365,167.64,,1977-05-28,0.0
Brandon Melendez,1,0,1,0.0,6.0,23.0,0.2608695652173913,0.0,0.0,0.0,0.0,2.0,82.0,4.0,4.0,1.0,0.0,0.2608695652173913,0.0,0.2608695652173913,180.34,,1983-03-24,1.0
Allen Berube,1,0,1,0.0,4.0,5.0,0.8,2.0,2.0,1.0,1.0,0.0,159.0,4.0,0.0,0.0,0.0,0.8,0.0,0.8,172.72,,1974-08-25,0.0
Brian Geraghty,1,0,1,0.0,1.0,4.0,0.25,0.0,0.0,0.0,0.0,0.0,0.0,21.0,2.0,1.0,0.0,0.25,0.0,0.25,170.18,,1980-11-04,0.0
Floyd Sword,1,0,1,0.0,3.0,7.0,0.42857142857142855,0.0,0.0,0.0,0.0,0.0,38.0,6.0,3.0,1.0,0.0,0.42857142857142855,0.0,0.42857142857142855,182.88,,1976-08-24,0.0
Scott Junk,1,0,1,0.0,17.0,28.0,0.6071428571428571,0.0,0.0,0.0,0.0,0.0,75.0,6.0,1.0,1.0,0.0,0.6071428571428571,0.0,0.6071428571428571,185.42,,1978-12-17,0.0
Dan Barrera,1,0,1,0.0,12.0,17.0,0.7058823529411765,1.0,12.0,0.08333333333333333,0.0,1.0,429.0,18.0,0.0,0.0,0.0,0.7058823529411765,0.0,0.7058823529411765,175.26,,1980-12-23,0.0
Billy Miles,1,0,1,0.0,0.0,3.0,0.0,0.0,2.0,0.0,0.0,0.0,19.0,2.0,0.0,0.0,0.0,0.0,0.0,0.0,177.8,,1978-04-28,0.0
Paul Georgieff,1,0,1,0.0,12.0,30.0,0.4,0.0,2.0,0.0,0.0,0.0,0.0,11.0,3.0,1.0,0.0,0.4,0.0,0.4,187.96,,1982-09-22,0.0
John Kolosci,1,0,1,0.0,1.0,5.0,0.2,0.0,2.0,0.0,0.0,0.0,203.0,4.0,0.0,0.0,0.0,0.2,0.0,0.2,180.34,,1974-11-26,0.0
Dorian Price,1,0,1,0.0,0.0,2.0,0.0,0.0,0.0,0.0,0.0,0.0,0.0,0.0,1.0,1.0,0.0,0.0,0.0,0.0,190.5,,1977-08-20,1.0
Richie Hightower,1,0,1,0.0,20.0,56.0,0.35714285714285715,1.0,1.0,1.0,0.0,0.0,19.0,30.0,2.0,0.5,0.0,0.35714285714285715,0.0,0.35714285714285715,172.72,,1974-11-26,0.0
Jared Rollins,1,0,1,0.0,40.0,70.0,0.5714285714285714,2.0,4.0,0.5,1.0,0.0,221.0,29.0,2.0,0.0,0.0,0.5714285714285714,0.0,0.5714285714285714,175.26,,1977-01-26,0.0
James Lee,1,0,1,0.0,0.0,1.0,0.0,2.0,4.0,0.5,0.0,0.0,43.0,8.0,0.0,0.0,0.0,0.0,0.0,0.0,180.34,,1973-09-22,1.0
Ryan Roberts,1,0,1,0.0,0.0,1.0,0.0,0.0,0.0,0.0,0.0,0.0,0.0,6.0,0.0,0.0,0.0,0.0,0.0,0.0,167.64,,1978-07-16,0.0
Dante Rivera,1,0,1,0.0,34.0,64.0,0.53125,0.0,5.0,0.0,0.0,0.0,150.0,60.0,6.0,1.0,0.0,0.53125,0.0,0.53125,185.42,,1974-12-08,1.0
James Giboo,1,0,1,0.0,9.0,33.0,0.2727272727272727,0.0,6.0,0.0,0.0,0.0,28.0,53.0,0.0,0.0,0.0,0.2727272727272727,0.0,0.2727272727272727,180.34,,1978-01-06,0.0
Darrill Schoonover,1,0,1,0.0,16.0,48.0,0.3333333333333333,0.0,3.0,0.0,1.0,1.0,126.0,58.0,2.0,1.0,0.0,0.3333333333333333,0.0,0.3333333333333333,187.96,,1985-07-18,0.0
Justin Wren,1,0,1,0.0,17.0,159.0,0.1069182389937107,0.0,1.0,0.0,0.0,0.0,16.0,26.0,1.0,1.0,0.0,0.1069182389937107,0.0,0.1069182389937107,187.96,,1987-04-27,0.0
Marcus Jones,1,0,1,0.0,10.0,19.0,0.5263157894736842,3.0,4.0,0.75,1.0,0.0,161.0,14.0,0.0,0.0,0.0,0.5263157894736842,0.0,0.5263157894736842,198.12,,1973-08-15,0.0
Rolles Gracie,1,0,1,0.0,15.0,46.0,0.32608695652173914,1.0,10.0,0.1,0.0,0.0,104.0,22.0,0.0,0.0,0.0,0.32608695652173914,0.0,0.32608695652173914,193.04,,1978-07-14,0.0
Ryan McGillivray,1,0,1,0.0,19.0,91.0,0.2087912087912088,0.0,1.0,0.0,0.0,0.0,0.0,33.0,9.0,1.0,0.0,0.2087912087912088,0.0,0.2087912087912088,180.34,,1986-09-27,
Jesse Bongfeldt,1,0,1,0.0,5.0,12.0,0.4166666666666667,0.0,0.0,0.0,0.0,0.0,0.0,7.0,1.0,1.0,0.0,0.4166666666666667,0.0,0.4166666666666667,182.88,,1980-08-28,0.0
Javier Vazquez,1,1,0,1.0,62.0,161.0,0.38509316770186336,3.0,5.0,0.6,1.0,0.0,253.0,27.0,3.0,0.0,1.0,0.38509316770186336,1.0,0.38509316770186336,170.18,175.26,1977-07-16,1.0
Matt Lucas,1,0,1,0.0,19.0,39.0,0.48717948717948717,1.0,10.0,0.1,0.0,0.0,410.0,59.0,0.0,0.0,0.0,0.48717948717948717,0.0,0.48717948717948717,185.42,,,
Dustin Neace,1,0,1,0.0,18.0,55.0,0.32727272727272727,0.0,1.0,0.0,1.0,0.0,55.0,23.0,3.0,1.0,0.0,0.32727272727272727,0.0,0.32727272727272727,175.26,,1986-09-12,
Stephen Bass,1,0,1,0.0,73.0,140.0,0.5214285714285715,0.0,6.0,0.0,0.0,0.0,24.0,88.0,1.0,1.0,0.0,0.5214285714285715,0.0,0.5214285714285715,175.26,,1982-11-14,0.0
Chris Tickle,1,0,1,0.0,16.0,40.0,0.4,1.0,4.0,0.25,2.0,1.0,303.0,17.0,5.0,0.8,0.0,0.4,0.0,0.4,175.26,,1982-02-01,
Chris Saunders,1,0,1,0.0,6.0,27.0,0.2222222222222222,1.0,1.0,1.0,0.0,0.0,36.0,12.0,0.0,0.0,0.0,0.2222222222222222,0.0,0.2222222222222222,172.72,,1986-03-11,
Anistavio Medeiros,1,0,1,0.0,8.0,18.0,0.4444444444444444,0.0,0.0,0.0,0.0,0.0,0.0,11.0,0.0,0.0,0.0,0.4444444444444444,0.0,0.4444444444444444,167.64,,1988-05-01,0.0
Delson Heleno,1,0,1,0.0,3.0,4.0,0.75,0.0,4.0,0.0,0.0,0.0,67.0,21.0,0.0,0.0,0.0,0.75,0.0,0.75,180.34,,1977-11-16,0.0
John Teixeira,1,0,1,0.0,52.0,140.0,0.37142857142857144,1.0,6.0,0.16666666666666666,0.0,0.0,105.0,65.0,0.0,0.0,0.0,0.37142857142857144,0.0,0.37142857142857144,170.18,,1986-11-18,0.0
Wagner Campos,1,0,1,0.0,17.0,41.0,0.4146341463414634,2.0,2.0,1.0,0.0,0.0,391.0,28.0,0.0,0.0,0.0,0.4146341463414634,0.0,0.4146341463414634,167.64,,1981-07-31,1.0
Manuel Rodriguez,1,0,1,0.0,4.0,12.0,0.3333333333333333,3.0,4.0,0.75,0.0,0.0,219.0,16.0,0.0,0.0,0.0,0.3333333333333333,0.0,0.3333333333333333,175.26,,1985-04-25,0.0
Brendan Loughnane,1,0,1,0.0,75.0,119.0,0.6302521008403361,0.0,2.0,0.0,0.0,0.0,114.0,54.0,12.0,1.0,0.0,0.6302521008403361,0.0,0.6302521008403361,177.8,177.8,1989-12-05,0.0
Milton Vieira,1,0,1,0.0,17.0,34.0,0.5,5.0,6.0,0.8333333333333334,0.0,0.0,360.0,36.0,1.0,-4.0,0.0,0.5,0.0,0.5,182.88,,1978-10-04,0.0
Jon Manley,1,0,1,0.0,17.0,85.0,0.2,1.0,13.0,0.07692307692307693,0.0,0.0,328.0,65.0,5.0,0.8,0.0,0.2,0.0,0.2,185.42,,1986-07-07,0.0
Caros Fodor,1,0,1,0.0,47.0,92.0,0.5108695652173914,3.0,13.0,0.23076923076923078,0.0,0.0,127.0,46.0,3.0,0.0,0.0,0.5108695652173914,0.0,0.5108695652173914,175.26,187.96,1984-01-07,0.0
Chuck O'Neil,1,0,1,0.0,47.0,125.0,0.376,0.0,2.0,0.0,0.0,0.0,105.0,66.0,0.0,0.0,0.0,0.376,0.0,0.376,187.96,,1985-09-22,
Charlie Valencia,1,0,1,0.0,5.0,10.0,0.5,0.0,0.0,0.0,0.0,0.0,0.0,8.0,0.0,0.0,0.0,0.5,0.0,0.5,160.02,162.56,1974-10-31,0.0
Tom Blackledge,1,0,1,0.0,8.0,13.0,0.6153846153846154,0.0,0.0,0.0,0.0,0.0,9.0,7.0,4.0,1.0,0.0,0.6153846153846154,0.0,0.6153846153846154,,,,0.0
Alexandre Ferreira,1,0,1,0.0,6.0,10.0,0.6,0.0,3.0,0.0,0.0,0.0,0.0,19.0,2.0,1.0,0.0,0.6,0.0,0.6,170.18,,1979-04-25,0.0
Renzo Gracie,1,0,1,0.0,34.0,109.0,0.3119266055045872,0.0,1.0,0.0,0.0,0.0,0.0,70.0,1.0,1.0,0.0,0.3119266055045872,0.0,0.3119266055045872,177.8,,1967-03-11,0.0
James Hammortree,1,0,1,0.0,29.0,95.0,0.30526315789473685,2.0,4.0,0.5,1.0,0.0,143.0,62.0,5.0,0.6,0.0,0.30526315789473685,0.0,0.30526315789473685,190.5,,1983-11-29,0.0
Jamie Yager,1,0,1,0.0,29.0,74.0,0.3918918918918919,0.0,1.0,0.0,0.0,0.0,0.0,24.0,3.0,1.0,0.0,0.3918918918918919,0.0,0.3918918918918919,185.42,,1983-11-29,0.0
Josh Bryant,1,0,1,0.0,9.0,45.0,0.2,0.0,2.0,0.0,0.0,0.0,0.0,50.0,0.0,0.0,0.0,0.2,0.0,0.2,177.8,,1980-04-23,0.0
James Toney,1,0,1,0.0,0.0,0.0,0.0,0.0,0.0,0.0,0.0,0.0,0.0,8.0,1.0,1.0,0.0,0.0,0.0,0.0,175.26,,1968-08-24,0.0
Vinicius Queiroz,1,0,1,0.0,47.0,103.0,0.4563106796116505,5.0,7.0,0.7142857142857143,0.0,0.0,333.0,67.0,1.0,-4.0,0.0,0.4563106796116505,0.0,0.4563106796116505,200.66,,1983-08-29,
Mark Scanlon,1,0,1,0.0,33.0,94.0,0.35106382978723405,3.0,4.0,0.75,2.0,1.0,196.0,50.0,4.0,0.25,0.0,0.35106382978723405,0.0,0.35106382978723405,175.26,,,0.0
Maiquel Falcao,1,1,0,1.0,25.0,45.0,0.5555555555555556,1.0,1.0,1.0,3.0,0.0,243.0,8.0,7.0,0.8571428571428572,1.0,0.5555555555555556,1.0,0.5555555555555556,180.34,,1981-03-08,0.0
Maciej Jewtuszko,1,0,1,0.0,30.0,67.0,0.44776119402985076,0.0,0.0,0.0,0.0,0.0,0.0,18.0,7.0,1.0,0.0,0.44776119402985076,0.0,0.44776119402985076,182.88,,1981-01-31,1.0
Aaron Wilkinson,1,0,1,0.0,0.0,1.0,0.0,1.0,1.0,1.0,0.0,1.0,64.0,0.0,1.0,0.0,0.0,0.0,0.0,0.0,177.8,,1987-01-31,
Fredson Paixao,1,0,1,0.0,1.0,1.0,1.0,0.0,0.0,0.0,0.0,0.0,0.0,3.0,0.0,0.0,0.0,1.0,0.0,1.0,167.64,167.64,1979-05-13,0.0
Tyler Toner,1,0,1,0.0,21.0,78.0,0.2692307692307692,0.0,0.0,0.0,0.0,0.0,0.0,44.0,0.0,0.0,0.0,0.2692307692307692,0.0,0.2692307692307692,172.72,177.8,1983-03-31,0.0
Sako Chivitchian,1,0,1,0.0,36.0,132.0,0.2727272727272727,0.0,1.0,0.0,0.0,0.0,176.0,72.0,12.0,1.0,0.0,0.2727272727272727,0.0,0.2727272727272727,180.34,,1984-03-11,
Antonio McKee,1,0,1,0.0,25.0,55.0,0.45454545454545453,1.0,4.0,0.25,0.0,1.0,168.0,10.0,2.0,0.5,0.0,0.45454545454545453,0.0,0.45454545454545453,172.72,,1970-03-12,1.0
Willamy Freire,1,0,1,0.0,23.0,50.0,0.46,1.0,1.0,1.0,0.0,0.0,88.0,15.0,8.0,0.875,0.0,0.46,0.0,0.46,172.72,,1987-07-28,
Antonio Banuelos,1,0,1,0.0,10.0,135.0,0.07407407407407407,0.0,0.0,0.0,0.0,0.0,1.0,73.0,0.0,0.0,0.0,0.07407407407407407,0.0,0.07407407407407407,165.1,160.02,1979-09-23,0.0
Tina Black,1,1,0,1.0,50.0,105.0,0.47619047619047616,0.0,0.0,0.0,0.0,0.0,41.0,22.0,1.0,1.0,1.0,0.47619047619047616,1.0,0.47619047619047616,,,,
