DATE,EVENT,BOUT,fighter_a,fighter_b,target,logistic_regression_prediction,logistic_regression_probability,decision_tree_prediction,decision_tree_probability,gradient_boosting_prediction,gradient_boosting_probability,mlp_prediction,mlp_probability
2023-06-03,UFC Fight Night: Kara-France vs. Albazi,Abubakar Nurmagomedov vs. Elizeu Zaleski dos Santos,Abubakar Nurmagomedov,Elizeu Zaleski dos Santos,0,1,0.6485862576459263,1,0.5833333333333334,1,0.610201200832776,0,0.37314576500336866
2023-06-03,UFC Fight Night: Kara-France vs. Albazi,Alex Caceres vs. Daniel Pineda,Alex Caceres,Daniel Pineda,1,1,0.6983254881099665,1,0.7138103161397671,1,0.660843561184898,1,0.800275132889177
2023-06-03,UFC Fight Night: Kara-France vs. Albazi,Andrei Arlovski vs. Don'Tale Mayes,Andrei Arlovski,Don'Tale Mayes,0,1,0.6958449136610829,1,0.5155038759689923,0,0.4640884725977402,1,0.8999235518882016
2023-06-03,UFC Fight Night: Kara-France vs. Albazi,Da'Mon Blackshear vs. Luan Lacerda,Da'Mon Blackshear,Luan Lacerda,1,1,0.5726991373165209,1,0.6533892382948987,1,0.6032412536490922,1,0.518591170911979
2023-06-03,UFC Fight Night: Kara-France vs. Albazi,Daniel Santos vs. Johnny Munoz,Daniel Santos,Johnny Munoz,1,1,0.6592990011884288,1,0.7138103161397671,1,0.6159210888891176,1,0.9900866226509757
2023-06-03,UFC Fight Night: Kara-France vs. Albazi,Elise Reed vs. Jinh Yu Frey,Elise Reed,Jinh Yu Frey,1,1,0.63577003241802,1,0.5833333333333334,1,0.6254908273928589,1,0.9896053521371414
2023-06-03,UFC Fight Night: Kara-France vs. Albazi,Jamie Mullarkey vs. Muhammad Naimov,Jamie Mullarkey,Muhammad Naimov,0,1,0.6582451690027826,1,0.6779026217228464,1,0.6068292732361434,1,0.8342689861505415
2023-06-03,UFC Fight Night: Kara-France vs. Albazi,Jim Miller vs. Jesse Butler,Jesse Butler,Jim Miller,1,1,0.6268405021483626,1,0.6785009861932939,1,0.5897403309949397,1,0.9147834943923728
2023-06-03,UFC Fight Night: Kara-France vs. Albazi,John Castaneda vs. Muin Gafurov,John Castaneda,Muin Gafurov,1,1,0.6868105025348854,1,0.7138103161397671,1,0.6715636426825973,1,0.9318882131564217
2023-06-03,UFC Fight Night: Kara-France vs. Albazi,Kai Kara-France vs. Amir Albazi,Amir Albazi,Kai Kara-France,0,1,0.642716305608627,1,0.5833333333333334,1,0.6212277202002012,1,0.8758706987793352
2023-06-03,UFC Fight Night: Kara-France vs. Albazi,Karine Silva vs. Ketlen Souza,Karine Silva,Ketlen Souza,1,1,0.6909333461507355,1,0.7138103161397671,1,0.7349455362105405,1,0.8793569284534928
2023-06-03,UFC Fight Night: Kara-France vs. Albazi,Philipe Lins vs. Maxim Grishin,Maxim Grishin,Philipe Lins,1,1,0.6557035752560684,1,0.6533892382948987,1,0.6666870191755239,0,0.0311149440010527
2023-06-03,UFC Fight Night: Kara-France vs. Albazi,Tim Elliott vs. Victor Altamirano,Tim Elliott,Victor Altamirano,1,1,0.5766166757093101,1,0.5155038759689923,1,0.5758363587308735,0,0.3491422524212831
2023-06-10,UFC 289: Nunes vs. Aldana,Aiemann Zahabi vs. Aoriqileng,Aiemann Zahabi,Aoriqileng,1,1,0.6434665560228149,1,0.6533892382948987,1,0.6000035413939765,1,0.9198026354435828
2023-06-10,UFC 289: Nunes vs. Aldana,Amanda Nunes vs. Irene Aldana,Amanda Nunes,Irene Aldana,1,1,0.6684626163909871,1,0.6533892382948987,1,0.6135633721119061,0,0.3039920506172752
2023-06-10,UFC 289: Nunes vs. Aldana,Charles Oliveira vs. Beneil Dariush,Beneil Dariush,Charles Oliveira,1,1,0.6415978048619474,1,0.5833333333333334,1,0.6192919898623633,1,0.9320288067971931
2023-06-10,UFC 289: Nunes vs. Aldana,Dan Ige vs. Nate Landwehr,Dan Ige,Nate Landwehr,1,1,0.6489405168082063,1,0.5155038759689923,1,0.5510237220272219,1,0.889031871143281
2023-06-10,UFC 289: Nunes vs. Aldana,David Dvorak vs. Steve Erceg,David Dvorak,Steve Erceg,0,1,0.6630875336838498,1,0.7138103161397671,1,0.6477254988787318,1,0.9480281054381373
2023-06-10,UFC 289: Nunes vs. Aldana,Diana Belbita vs. Maria Oliveira,Diana Belbita,Maria Oliveira,1,1,0.6534773780464385,1,0.6533892382948987,1,0.6480259189343532,1,0.7446089283874903
2023-06-10,UFC 289: Nunes vs. Aldana,Kyle Nelson vs. Blake Bilder,Blake Bilder,Kyle Nelson,1,1,0.6725610325824972,1,0.6533892382948987,1,0.6493748526066044,1,0.9843341638818789
2023-06-10,UFC 289: Nunes vs. Aldana,Marc-Andre Barriault vs. Eryk Anders,Eryk Anders,Marc-Andre Barriault,1,1,0.6258097237276705,1,0.6779026217228464,1,0.5619284824049756,1,0.8409926027498889
2023-06-10,UFC 289: Nunes vs. Aldana,Mike Malott vs. Adam Fugitt,Adam Fugitt,Mike Malott,1,1,0.606387859469279,1,0.7376344086021506,1,0.65533784416928,1,0.5794820752650588
2023-06-10,UFC 289: Nunes vs. Aldana,Miranda Maverick vs. Jasmine Jasudavicius,Jasmine Jasudavicius,Miranda Maverick,0,1,0.5832066028798265,1,0.5833333333333334,1,0.5288917783594362,1,0.9506507543490202
2023-06-17,UFC Fight Night: Vettori vs. Cannonier,Arman Tsarukyan vs. Joaquim Silva,Arman Tsarukyan,Joaquim Silva,1,1,0.6533251643633463,1,0.7138103161397671,1,0.6834016941774139,1,0.7444027594254886
2023-06-17,UFC Fight Night: Vettori vs. Cannonier,Armen Petrosyan vs. Christian Leroy Duncan,Armen Petrosyan,Christian Leroy Duncan,1,1,0.6489813980189023,1,0.6533892382948987,1,0.6241322771848127,1,0.9837052274674167
2023-06-17,UFC Fight Night: Vettori vs. Cannonier,Carlos Hernandez vs. Denys Bondar,Carlos Hernandez,Denys Bondar,1,1,0.6076386128961694,1,0.7376344086021506,1,0.7057145348482723,0,0.48112238095679044
2023-06-17,UFC Fight Night: Vettori vs. Cannonier,Jimmy Flick vs. Alessandro Costa,Alessandro Costa,Jimmy Flick,0,1,0.7012622571325805,1,0.7138103161397671,1,0.7331093891106513,1,0.9985909704136858
2023-06-17,UFC Fight Night: Vettori vs. Cannonier,Kyung Ho Kang vs. Cristian Quinonez,Cristian Quinonez,Kyung Ho Kang,1,1,0.6293241404260916,1,0.6785009861932939,1,0.6470836692386853,1,0.90720437321506
2023-06-17,UFC Fight Night: Vettori vs. Cannonier,Manuel Torres vs. Nikolas Motta,Manuel Torres,Nikolas Motta,1,1,0.7229794206283998,1,0.7138103161397671,1,0.7038347025496794,1,0.9233000347378687
2023-06-17,UFC Fight Night: Vettori vs. Cannonier,Marvin Vettori vs. Jared Cannonier,Jared Cannonier,Marvin Vettori,0,1,0.6875528780006663,1,0.6533892382948987,1,0.6589976543653696,0,0.043074576504432444
2023-06-17,UFC Fight Night: Vettori vs. Cannonier,Nicolas Dalby vs. Muslim Salikhov,Muslim Salikhov,Nicolas Dalby,1,1,0.6650984755323102,1,0.6533892382948987,1,0.6513502180068739,1,0.5934257899644173
2023-06-17,UFC Fight Night: Vettori vs. Cannonier,Pat Sabatini vs. Lucas Almeida,Lucas Almeida,Pat Sabatini,1,1,0.6255135277007831,1,0.6785009861932939,1,0.6016274372886773,1,0.9740067201266908
2023-06-17,UFC Fight Night: Vettori vs. Cannonier,Tereza Bleda vs. Gabriella Fernandes,Gabriella Fernandes,Tereza Bleda,1,1,0.7102948184269059,1,0.7138103161397671,1,0.7050138497624268,0,0.18236802621489767
2023-06-17,UFC Fight Night: Vettori vs. Cannonier,Zac Pauga vs. Modestas Bukauskas,Modestas Bukauskas,Zac Pauga,0,1,0.6277045510124485,1,0.6533892382948987,1,0.6606817987664797,1,0.7845622664943811
2023-06-24,UFC Fight Night: Emmett vs. Topuria,Amanda Ribas vs. Maycee Barber,Amanda Ribas,Maycee Barber,0,1,0.6610345970357417,1,0.6533892382948987,1,0.6533700535476471,1,0.8256149219611136
2023-06-24,UFC Fight Night: Emmett vs. Topuria,Brendan Allen vs. Bruno Silva,Brendan Allen,Bruno Silva,1,1,0.6545634788842739,1,0.6533892382948987,1,0.656133780058509,1,0.9491119104580551
2023-06-24,UFC Fight Night: Emmett vs. Topuria,Cody Brundage vs. Sedriques Dumas,Cody Brundage,Sedriques Dumas,0,1,0.6427460133637972,1,0.7708333333333334,1,0.6034438079551846,0,0.26523889938399897
2023-06-24,UFC Fight Night: Emmett vs. Topuria,David Onama vs. Gabriel Santos,David Onama,Gabriel Santos,1,1,0.6617387094522009,1,0.6533892382948987,1,0.649486914506482,0,0.13053934389364147
2023-06-24,UFC Fight Night: Emmett vs. Topuria,Jamall Emmers vs. Jack Jenkins,Jack Jenkins,Jamall Emmers,0,1,0.622769406742926,1,0.5833333333333334,1,0.5912002069223052,1,0.5467435796234701
2023-06-24,UFC Fight Night: Emmett vs. Topuria,Josh Emmett vs. Ilia Topuria,Ilia Topuria,Josh Emmett,0,1,0.6339178769151128,1,0.5833333333333334,1,0.6363528936097123,1,0.9645749668229107
2023-06-24,UFC Fight Night: Emmett vs. Topuria,Mateusz Rebecki vs. Loik Radzhabov,Loik Radzhabov,Mateusz Rebecki,1,1,0.5611287497089155,1,0.6533892382948987,0,0.4963304155250198,0,0.00884857504230025
2023-06-24,UFC Fight Night: Emmett vs. Topuria,Neil Magny vs. Phil Rowe,Neil Magny,Phil Rowe,1,1,0.6365052004093591,1,0.5155038759689923,0,0.47554511766793345,1,0.8877065436320766
2023-06-24,UFC Fight Night: Emmett vs. Topuria,Randy Brown vs. Wellington Turman,Randy Brown,Wellington Turman,1,1,0.6326035025047373,1,0.5155038759689923,1,0.5663322372187171,1,0.6510821789465712
2023-06-24,UFC Fight Night: Emmett vs. Topuria,Tabatha Ricci vs. Gillian Robertson,Gillian Robertson,Tabatha Ricci,1,1,0.6762983913604661,1,0.5155038759689923,1,0.5879535394878082,1,0.6049467512197845
2023-06-24,UFC Fight Night: Emmett vs. Topuria,Trevor Peek vs. Chepe Mariscal,Chepe Mariscal,Trevor Peek,0,1,0.5816938125029367,1,0.6533892382948987,1,0.7264903062920426,1,0.9998646358562986
2023-06-24,UFC Fight Night: Emmett vs. Topuria,Zhalgas Zhumagulov vs. Joshua Van,Joshua Van,Zhalgas Zhumagulov,0,1,0.6704651639000635,1,0.6533892382948987,1,0.6087384173849093,1,0.9641297116307778
2023-07-01,UFC Fight Night: Strickland vs. Magomedov,Alexandr Romanov vs. Blagoy Ivanov,Alexandr Romanov,Blagoy Ivanov,1,1,0.64767131515157,1,0.6533892382948987,1,0.6362970526412992,0,0.10406212722617855
2023-07-01,UFC Fight Night: Strickland vs. Magomedov,Ariane da Silva vs. Melissa Gatto,Ariane da Silva,Melissa Gatto,1,1,0.707744529977541,1,0.7138103161397671,1,0.6365083347783039,0,0.02128641542696396
2023-07-01,UFC Fight Night: Strickland vs. Magomedov,Brunno Ferreira vs. Nursulton Ruziboev,Brunno Ferreira,Nursulton Ruziboev,0,1,0.6422276834355782,1,0.6533892382948987,1,0.7091431429680124,1,0.9594661567361285
2023-07-01,UFC Fight Night: Strickland vs. Magomedov,Damir Ismagulov vs. Grant Dawson,Damir Ismagulov,Grant Dawson,0,1,0.6739273023220264,1,0.6533892382948987,1,0.670261375895971,1,0.9959747326407081
2023-07-01,UFC Fight Night: Strickland vs. Magomedov,Guram Kutateladze vs. Elves Brener,Elves Brener,Guram Kutateladze,0,1,0.6557935481039368,1,0.6533892382948987,1,0.6659215533139256,0,0.23114998653418733
2023-07-01,UFC Fight Night: Strickland vs. Magomedov,Ismael Bonfim vs. Benoit Saint Denis,Benoit Saint Denis,Ismael Bonfim,0,1,0.620749282737852,1,0.6533892382948987,1,0.6277497884401665,1,0.7847214323622731
2023-07-01,UFC Fight Night: Strickland vs. Magomedov,Ivana Petrovic vs. Luana Carolina,Ivana Petrovic,Luana Carolina,0,1,0.6369471313291037,0,0.3902439024390244,1,0.6403054488678799,1,0.7911864267271556
2023-07-01,UFC Fight Night: Strickland vs. Magomedov,Joanderson Brito vs. Westin Wilson,Joanderson Brito,Westin Wilson,1,1,0.6710162969068103,1,0.7138103161397671,1,0.7069108768811644,1,0.929441515432319
2023-07-01,UFC Fight Night: Strickland vs. Magomedov,Kevin Lee vs. Rinat Fakhretdinov,Kevin Lee,Rinat Fakhretdinov,0,1,0.6952223738280475,1,0.5155038759689923,1,0.6094164902169261,1,0.9999150503242582
2023-07-01,UFC Fight Night: Strickland vs. Magomedov,Max Griffin vs. Michael Morales,Max Griffin,Michael Morales,0,1,0.654364946321624,1,0.6779026217228464,1,0.5837580167904589,0,0.03434825853465287
2023-07-01,UFC Fight Night: Strickland vs. Magomedov,Sean Strickland vs. Abus Magomedov,Abus Magomedov,Sean Strickland,1,1,0.6754859474190306,0,0.0,1,0.6107900970056733,0,0.36481492286638795
2023-07-01,UFC Fight Night: Strickland vs. Magomedov,Yana Santos vs. Karol Rosa,Karol Rosa,Yana Santos,0,1,0.6841037832565602,1,0.6533892382948987,1,0.6150557196716213,0,0.4243628317968291
2023-07-08,UFC 290: Volkanovski vs. Rodriguez,Alexander Volkanovski vs. Yair Rodriguez,Alexander Volkanovski,Yair Rodriguez,1,1,0.6975734352210043,1,0.7138103161397671,1,0.6930274543672356,0,0.3135836282501001
2023-07-08,UFC 290: Volkanovski vs. Rodriguez,Bo Nickal vs. Val Woodburn,Bo Nickal,Val Woodburn,1,1,0.7140590384737915,1,0.7138103161397671,1,0.7330319235346238,1,0.999853794951737
2023-07-08,UFC 290: Volkanovski vs. Rodriguez,Brandon Moreno vs. Alexandre Pantoja,Alexandre Pantoja,Brandon Moreno,0,1,0.6766948591831277,1,0.6533892382948987,1,0.6599259359549959,1,0.7790531665214898
2023-07-08,UFC 290: Volkanovski vs. Rodriguez,Cameron Saaiman vs. Terrence Mitchell,Cameron Saaiman,Terrence Mitchell,1,1,0.6029584824741433,1,0.7138103161397671,1,0.6480871032744524,1,0.5178188421001397
2023-07-08,UFC 290: Volkanovski vs. Rodriguez,Jalin Turner vs. Dan Hooker,Dan Hooker,Jalin Turner,0,1,0.6242542037975595,1,0.5155038759689923,1,0.5624286086968646,0,0.055217604291408914
2023-07-08,UFC 290: Volkanovski vs. Rodriguez,Jimmy Crute vs. Alonzo Menifield,Alonzo Menifield,Jimmy Crute,0,1,0.6608590784661403,1,0.6533892382948987,1,0.6253485732117011,0,0.21081051660360858
2023-07-08,UFC 290: Volkanovski vs. Rodriguez,Kamuela Kirk vs. Esteban Ribovics,Esteban Ribovics,Kamuela Kirk,0,1,0.6441353008120756,1,0.6533892382948987,1,0.6562123681739196,1,0.8004114850599005
2023-07-08,UFC 290: Volkanovski vs. Rodriguez,Robbie Lawler vs. Niko Price,Niko Price,Robbie Lawler,1,1,0.6353321553076873,1,0.5833333333333334,1,0.6101289984477308,1,0.9958788949864955
2023-07-08,UFC 290: Volkanovski vs. Rodriguez,Robert Whittaker vs. Dricus Du Plessis,Dricus Du Plessis,Robert Whittaker,0,1,0.680619166963773,1,0.5833333333333334,1,0.5754494381635227,1,0.9301149968128085
2023-07-08,UFC 290: Volkanovski vs. Rodriguez,Shannon Ross vs. Jesus Aguilar,Jesus Aguilar,Shannon Ross,0,1,0.6437728936989946,1,0.9722222222222222,1,0.8628038014764514,1,0.9999991762801761
2023-07-08,UFC 290: Volkanovski vs. Rodriguez,Tatsuro Taira vs. Edgar Chairez,Edgar Chairez,Tatsuro Taira,1,1,0.671846218884664,1,0.6533892382948987,1,0.7256384371431309,1,0.9985268104003563
2023-07-08,UFC 290: Volkanovski vs. Rodriguez,Vitor Petrino vs. Marcin Prachnio,Marcin Prachnio,Vitor Petrino,1,1,0.8046041399796413,1,0.5155038759689923,1,0.5740874581282867,1,0.9704265605545096
2023-07-08,UFC 290: Volkanovski vs. Rodriguez,Yazmin Jauregui vs. Denise Gomes,Denise Gomes,Yazmin Jauregui,0,1,0.6683620630093029,1,0.7138103161397671,1,0.6898542658756263,1,0.8891450333192671
2023-07-15,UFC Fight Night: Holm vs. Bueno Silva,Albert Duraev vs. JunYong Park,Albert Duraev,JunYong Park,0,1,0.6274208963305847,1,0.6785009861932939,1,0.6151231354059338,0,0.41811474246164376
2023-07-15,UFC Fight Night: Holm vs. Bueno Silva,Alexander Munoz vs. Carl Deaton,Alexander Munoz,Carl Deaton,1,1,0.6110397080261983,1,0.6533892382948987,1,0.6826852679820397,1,0.9993505969115785
2023-07-15,UFC Fight Night: Holm vs. Bueno Silva,Ashlee Evans-Smith vs. Ailin Perez,Ailin Perez,Ashlee Evans-Smith,0,1,0.7050890175252086,1,0.5833333333333334,1,0.6271329796061053,1,0.6365699139761571
2023-07-15,UFC Fight Night: Holm vs. Bueno Silva,Austin Lingo vs. Melquizael Costa,Austin Lingo,Melquizael Costa,0,1,0.6118968106034776,1,0.6533892382948987,1,0.6051276644589236,1,0.589207009527962
2023-07-15,UFC Fight Night: Holm vs. Bueno Silva,Evan Elder vs. Genaro Valdez,Evan Elder,Genaro Valdez,1,1,0.6412693725994297,1,0.6533892382948987,1,0.6620872057261512,0,0.11693012162632421
2023-07-15,UFC Fight Night: Holm vs. Bueno Silva,Jack Della Maddalena vs. Bassil Hafez,Bassil Hafez,Jack Della Maddalena,1,1,0.6116447737471787,1,0.6785009861932939,1,0.6802523815390275,1,0.9500440337342995
2023-07-15,UFC Fight Night: Holm vs. Bueno Silva,Nazim Sadykhov vs. Terrance McKinney,Nazim Sadykhov,Terrance McKinney,1,1,0.6390770138054114,1,0.6533892382948987,1,0.6055500444484236,0,0.46079071770555124
2023-07-15,UFC Fight Night: Holm vs. Bueno Silva,Norma Dumont vs. Chelsea Chandler,Chelsea Chandler,Norma Dumont,1,1,0.6303748000050362,1,0.5833333333333334,1,0.6420501116794298,0,0.05667197960559523
2023-07-15,UFC Fight Night: Holm vs. Bueno Silva,Ottman Azaitar vs. Francisco Prado,Francisco Prado,Ottman Azaitar,0,1,0.6680567482096142,1,0.7138103161397671,1,0.6465373326901148,0,0.01795573081268106
2023-07-15,UFC Fight Night: Holm vs. Bueno Silva,Tucker Lutz vs. Melsik Baghdasaryan,Melsik Baghdasaryan,Tucker Lutz,0,1,0.6683016792130698,1,0.7376344086021506,1,0.6624403455659506,0,0.38856915800848096
2023-07-15,UFC Fight Night: Holm vs. Bueno Silva,Tyson Nam vs. Azat Maksum,Azat Maksum,Tyson Nam,0,1,0.6401689491179149,1,0.6785009861932939,1,0.6537236922958537,1,0.9035617319951991
2023-07-15,UFC Fight Night: Holm vs. Bueno Silva,Viktoriia Dudakova vs. Istela Nunes,Istela Nunes,Viktoriia Dudakova,1,1,0.6843654521458349,1,0.7138103161397671,1,0.6818569842467053,1,0.9767823634973659
2023-07-22,UFC Fight Night: Aspinall vs. Tybura,Chris Duncan vs. Yanal Ashmouz,Chris Duncan,Yanal Ashmouz,1,1,0.6373840881089837,1,0.7376344086021506,1,0.6931554275936541,1,0.9792834085148509
2023-07-22,UFC Fight Night: Aspinall vs. Tybura,Danny Roberts vs. Jonny Parsons,Danny Roberts,Jonny Parsons,0,1,0.6675529556356748,0,0.4727272727272727,1,0.591310315965476,1,0.6714764840897341
2023-07-22,UFC Fight Night: Aspinall vs. Tybura,Davey Grant vs. Daniel Marcos,Daniel Marcos,Davey Grant,0,1,0.6500360783454495,1,0.5833333333333334,1,0.6121523544388494,0,0.431288621565525
2023-07-22,UFC Fight Night: Aspinall vs. Tybura,Jafel Filho vs. Daniel Barez,Daniel Barez,Jafel Filho,1,1,0.6132968725828244,1,0.6533892382948987,1,0.7034773076222602,1,0.9801243230230281
2023-07-22,UFC Fight Night: Aspinall vs. Tybura,Jai Herbert vs. Fares Ziam,Fares Ziam,Jai Herbert,0,1,0.6344589511712794,1,0.6533892382948987,1,0.6542235136146465,0,0.37700635556421097
2023-07-22,UFC Fight Night: Aspinall vs. Tybura,Ketlen Vieira vs. Pannie Kianzad,Ketlen Vieira,Pannie Kianzad,1,1,0.6453627876125604,1,0.6533892382948987,1,0.632962101874661,0,0.479041063082563
2023-07-22,UFC Fight Night: Aspinall vs. Tybura,Lerone Murphy vs. Josh Culibao,Josh Culibao,Lerone Murphy,1,1,0.6864485759520592,1,0.7138103161397671,1,0.658839203129914,1,0.9295755365186242
2023-07-22,UFC Fight Night: Aspinall vs. Tybura,Makhmud Muradov vs. Bryan Barberena,Bryan Barberena,Makhmud Muradov,1,1,0.632710149624131,1,0.5155038759689923,1,0.5676266423018005,1,0.7421430496201388
2023-07-22,UFC Fight Night: Aspinall vs. Tybura,Marc Diakiese vs. Joel Alvarez,Joel Alvarez,Marc Diakiese,0,1,0.6720640411100041,1,0.5833333333333334,1,0.6292518974609671,0,0.4387858313593981
2023-07-22,UFC Fight Night: Aspinall vs. Tybura,Mick Parkin vs. Jamal Pogues,Jamal Pogues,Mick Parkin,1,1,0.6019191670714412,1,0.6533892382948987,1,0.7222573908153862,0,0.15954964271100708
2023-07-22,UFC Fight Night: Aspinall vs. Tybura,Molly McCann vs. Julija Stoliarenko,Julija Stoliarenko,Molly McCann,0,1,0.669434091697583,1,0.7138103161397671,1,0.6381545325337654,1,0.9973784670148632
2023-07-22,UFC Fight Night: Aspinall vs. Tybura,Nathaniel Wood vs. Andre Fili,Andre Fili,Nathaniel Wood,1,1,0.6411142026654973,1,0.5155038759689923,1,0.5176123652477016,0,0.021899062790036797
2023-07-22,UFC Fight Night: Aspinall vs. Tybura,Paul Craig vs. Andre Muniz,Andre Muniz,Paul Craig,1,1,0.6466409076050211,1,0.5833333333333334,1,0.6111512557685321,1,0.6267575843537928
2023-07-22,UFC Fight Night: Aspinall vs. Tybura,Shauna Bannon vs. Bruna Brasil,Bruna Brasil,Shauna Bannon,0,1,0.6333993345284228,1,0.9722222222222222,1,0.7773177212124824,1,0.9977522073352565
2023-07-22,UFC Fight Night: Aspinall vs. Tybura,Tom Aspinall vs. Marcin Tybura,Marcin Tybura,Tom Aspinall,1,1,0.6307626792235328,1,0.6779026217228464,1,0.6437544434792887,0,0.24119931978894837
2023-07-29,UFC 291: Poirier vs. Gaethje 2,CJ Vergara vs. Vinicius Salvador,CJ Vergara,Vinicius Salvador,1,1,0.69594455671795,1,0.7138103161397671,1,0.5117960464110796,1,0.9721393827437961
2023-07-29,UFC 291: Poirier vs. Gaethje 2,Derrick Lewis vs. Marcos Rogerio de Lima,Derrick Lewis,Marcos Rogerio de Lima,1,1,0.6427683645653091,1,0.5155038759689923,1,0.5806391503344259,0,0.0382005717614001
2023-07-29,UFC 291: Poirier vs. Gaethje 2,Dustin Poirier vs. Justin Gaethje,Dustin Poirier,Justin Gaethje,0,1,0.6310596925682763,1,0.6779026217228464,1,0.5614002303666311,1,0.8556128451596788
2023-07-29,UFC 291: Poirier vs. Gaethje 2,Gabriel Bonfim vs. Trevin Giles,Gabriel Bonfim,Trevin Giles,1,1,0.7147169774874147,1,0.6785009861932939,1,0.6590347490264491,1,0.6466155472822436
2023-07-29,UFC 291: Poirier vs. Gaethje 2,Jake Matthews vs. Darrius Flowers,Darrius Flowers,Jake Matthews,1,1,0.6386703524089143,1,0.6785009861932939,1,0.5758882115091329,1,0.7319562530222044
2023-07-29,UFC 291: Poirier vs. Gaethje 2,Jan Blachowicz vs. Alex Pereira,Alex Pereira,Jan Blachowicz,0,1,0.6498085058111248,1,0.5833333333333334,1,0.5824330819590092,1,0.7266868260328122
2023-07-29,UFC 291: Poirier vs. Gaethje 2,Matthew Semelsberger vs. Uros Medic,Matthew Semelsberger,Uros Medic,0,1,0.6047572119106307,1,0.6779026217228464,1,0.6002170242900494,1,0.8578856031046381
2023-07-29,UFC 291: Poirier vs. Gaethje 2,Michael Chiesa vs. Kevin Holland,Kevin Holland,Michael Chiesa,0,1,0.6609606552944695,1,0.5155038759689923,1,0.5427911089819561,0,0.35541254723890875
2023-07-29,UFC 291: Poirier vs. Gaethje 2,Miranda Maverick vs. Priscila Cachoeira,Miranda Maverick,Priscila Cachoeira,1,1,0.6582188138066505,1,0.6533892382948987,1,0.6476823874020854,0,0.12327963381347248
2023-07-29,UFC 291: Poirier vs. Gaethje 2,Roman Kopylov vs. Claudio Ribeiro,Claudio Ribeiro,Roman Kopylov,1,1,0.6319017085091455,1,0.5833333333333334,1,0.6114507422766658,0,0.21469022961999268
2023-07-29,UFC 291: Poirier vs. Gaethje 2,Tony Ferguson vs. King Green,King Green,Tony Ferguson,0,1,0.6443309858231355,1,0.6533892382948987,1,0.621254197852156,0,0.1990716199148892
2023-08-05,UFC Fight Night: Sandhagen vs. Font,Billy Quarantillo vs. Damon Jackson,Billy Quarantillo,Damon Jackson,1,1,0.6579496244217913,1,0.6533892382948987,1,0.619198374984995,1,0.8650708001988828
2023-08-05,UFC Fight Night: Sandhagen vs. Font,Cody Durden vs. Jake Hadley,Cody Durden,Jake Hadley,1,1,0.5747942991483376,1,0.6779026217228464,1,0.6402658652856147,1,0.6080350055126157
2023-08-05,UFC Fight Night: Sandhagen vs. Font,Cory Sandhagen vs. Rob Font,Cory Sandhagen,Rob Font,1,1,0.6418588043983924,1,0.6533892382948987,1,0.6268248350563065,1,0.6256946528616072
2023-08-05,UFC Fight Night: Sandhagen vs. Font,Diego Lopes vs. Gavin Tucker,Diego Lopes,Gavin Tucker,1,1,0.7048392546965206,1,0.7138103161397671,1,0.7042526144382685,1,0.9994452680491887
2023-08-05,UFC Fight Night: Sandhagen vs. Font,Dustin Jacoby vs. Kennedy Nzechukwu,Dustin Jacoby,Kennedy Nzechukwu,1,1,0.6564036639699049,1,0.6533892382948987,1,0.6404882377057113,1,0.7489296929805075
2023-08-05,UFC Fight Night: Sandhagen vs. Font,Ignacio Bahamondes vs. Ludovit Klein,Ignacio Bahamondes,Ludovit Klein,0,1,0.6827545594846564,1,0.6533892382948987,1,0.6327555329322615,1,0.9899112543556733
2023-08-05,UFC Fight Night: Sandhagen vs. Font,Jeremiah Wells vs. Carlston Harris,Carlston Harris,Jeremiah Wells,0,1,0.6615735798922137,1,0.6533892382948987,1,0.6872776856665642,1,0.8774375885371658
2023-08-05,UFC Fight Night: Sandhagen vs. Font,Jessica Andrade vs. Tatiana Suarez,Jessica Andrade,Tatiana Suarez,0,1,0.6801513634333984,1,0.5155038759689923,1,0.5205462540627491,1,0.7270690151348643
2023-08-05,UFC Fight Night: Sandhagen vs. Font,Kyler Phillips vs. Raoni Barcelos,Kyler Phillips,Raoni Barcelos,1,1,0.6358767035069657,1,0.5833333333333334,1,0.6216805527230644,1,0.8533412208145255
2023-08-05,UFC Fight Night: Sandhagen vs. Font,Ode Osbourne vs. Asu Almabayev,Asu Almabayev,Ode Osbourne,0,1,0.6507991840392914,1,0.6785009861932939,1,0.6126615318120275,1,0.9552752859459613
2023-08-05,UFC Fight Night: Sandhagen vs. Font,Sean Woodson vs. Dennis Buzukja,Dennis Buzukja,Sean Woodson,1,1,0.6046891212476776,1,0.6785009861932939,1,0.6443212348309547,1,0.9997215300090857
2023-08-05,UFC Fight Night: Sandhagen vs. Font,Tanner Boser vs. Aleksa Camur,Aleksa Camur,Tanner Boser,1,1,0.6661777869734741,1,0.5833333333333334,1,0.6014228258248228,0,0.1606529651457134
2023-08-12,UFC Fight Night: Luque vs. Dos Anjos,AJ Dobson vs. Tafon Nchukwi,AJ Dobson,Tafon Nchukwi,1,1,0.6346186299188413,1,0.6533892382948987,1,0.5901328468338036,0,0.29118141090331745
2023-08-12,UFC Fight Night: Luque vs. Dos Anjos,Cub Swanson vs. Hakeem Dawodu,Cub Swanson,Hakeem Dawodu,1,1,0.6742595134087419,1,0.7708333333333334,1,0.5783740776731658,1,0.9991355172496549
2023-08-12,UFC Fight Night: Luque vs. Dos Anjos,Da'Mon Blackshear vs. Jose Johnson,Da'Mon Blackshear,Jose Johnson,1,1,0.6459230321955917,1,0.7138103161397671,1,0.6520856943781261,1,0.9586583094472798
2023-08-12,UFC Fight Night: Luque vs. Dos Anjos,Francis Marshall vs. Isaac Dulgarian,Francis Marshall,Isaac Dulgarian,0,1,0.6074602974836062,1,0.6533892382948987,1,0.6539391551952906,1,0.7056829482771095
2023-08-12,UFC Fight Night: Luque vs. Dos Anjos,JP Buys vs. Marcus McGhee,JP Buys,Marcus McGhee,0,1,0.6294868728711103,1,0.6533892382948987,1,0.5797660204128984,0,0.108928834798311
2023-08-12,UFC Fight Night: Luque vs. Dos Anjos,Jaqueline Amorim vs. Montserrat Conejo Ruiz,Jaqueline Amorim,Montserrat Conejo Ruiz,1,1,0.6517372152458584,1,0.7376344086021506,1,0.6931138817509145,1,0.9331973148655199
2023-08-12,UFC Fight Night: Luque vs. Dos Anjos,Josh Fremd vs. Jamie Pickett,Jamie Pickett,Josh Fremd,1,1,0.7031385723315859,1,0.7376344086021506,1,0.6784535337095818,1,0.9986752854738707
2023-08-12,UFC Fight Night: Luque vs. Dos Anjos,Josh Parisian vs. Martin Buday,Josh Parisian,Martin Buday,0,1,0.6541740030767874,1,0.6533892382948987,1,0.644908514409013,1,0.9680174636803489
2023-08-12,UFC Fight Night: Luque vs. Dos Anjos,Juliana Miller vs. Luana Santos,Juliana Miller,Luana Santos,0,1,0.6726530928891225,1,0.7138103161397671,1,0.7087521412885183,0,0.3376804983961884
2023-08-12,UFC Fight Night: Luque vs. Dos Anjos,Khalil Rountree Jr. vs. Chris Daukaus,Chris Daukaus,Khalil Rountree Jr.,1,1,0.6837854183427281,1,0.7138103161397671,1,0.6620093866806593,1,0.9703785159501335
2023-08-12,UFC Fight Night: Luque vs. Dos Anjos,Polyana Viana vs. Iasmin Lucindo,Iasmin Lucindo,Polyana Viana,0,1,0.6367483769778517,1,0.5833333333333334,1,0.6092237070516718,1,0.9420336528324632
2023-08-12,UFC Fight Night: Luque vs. Dos Anjos,Terrance McKinney vs. Mike Breeden,Mike Breeden,Terrance McKinney,1,1,0.683680687106631,1,0.7138103161397671,1,0.6244886404518879,1,0.7519606611589902
2023-08-12,UFC Fight Night: Luque vs. Dos Anjos,Vicente Luque vs. Rafael Dos Anjos,Rafael Dos Anjos,Vicente Luque,1,1,0.6602596731715472,1,0.6533892382948987,1,0.6407724332676739,1,0.9300065129995841
2023-08-19,UFC 292: Sterling vs. O'Malley,Aljamain Sterling vs. Sean O'Malley,Aljamain Sterling,Sean O'Malley,0,1,0.640971670136076,1,0.6779026217228464,1,0.5940840255758127,0,0.27822117606870206
2023-08-19,UFC 292: Sterling vs. O'Malley,Andre Petroski vs. Gerald Meerschaert,Andre Petroski,Gerald Meerschaert,1,1,0.641088814312824,0,0.40298507462686567,1,0.6287445449691245,0,0.04364532001315969
2023-08-19,UFC 292: Sterling vs. O'Malley,Andrea Lee vs. Natalia Silva,Andrea Lee,Natalia Silva,0,1,0.6231374618171555,1,0.6779026217228464,1,0.5472725807263088,1,0.8255204335894302
2023-08-19,UFC 292: Sterling vs. O'Malley,Brad Katona vs. Cody Gibson,Brad Katona,Cody Gibson,1,1,0.6331170289829048,1,0.5833333333333334,1,0.5899715111641342,1,0.8264217434636958
2023-08-19,UFC 292: Sterling vs. O'Malley,Chris Weidman vs. Brad Tavares,Brad Tavares,Chris Weidman,0,1,0.6438424682173327,1,0.5155038759689923,1,0.6101871542818001,1,0.9787901166787091
2023-08-19,UFC 292: Sterling vs. O'Malley,Da'Mon Blackshear vs. Mario Bautista,Da'Mon Blackshear,Mario Bautista,0,1,0.6601399186397137,1,0.6533892382948987,1,0.6495337693429114,1,0.5825108833819905
2023-08-19,UFC 292: Sterling vs. O'Malley,Gregory Rodrigues vs. Denis Tiuliulin,Denis Tiuliulin,Gregory Rodrigues,1,1,0.6677005439650848,1,0.7376344086021506,1,0.7038872653865677,0,0.24865809576447676
2023-08-19,UFC 292: Sterling vs. O'Malley,Karine Silva vs. Maryna Moroz,Karine Silva,Maryna Moroz,1,1,0.7090236299649132,1,0.7138103161397671,1,0.6066809483691225,1,0.9046189395496115
2023-08-19,UFC 292: Sterling vs. O'Malley,Kurt Holobaugh vs. Austin Hubbard,Austin Hubbard,Kurt Holobaugh,1,1,0.653445183999256,1,0.6533892382948987,1,0.6733371503809915,1,0.7810970140058883
2023-08-19,UFC 292: Sterling vs. O'Malley,Marlon Vera vs. Pedro Munhoz,Marlon Vera,Pedro Munhoz,1,1,0.6651384665261587,1,0.6533892382948987,1,0.6559669648538695,0,0.3388877415049019
2023-08-19,UFC 292: Sterling vs. O'Malley,Neil Magny vs. Ian Machado Garry,Ian Machado Garry,Neil Magny,0,1,0.6943327577576474,1,0.5833333333333334,1,0.6504914609764811,0,0.009965824097986421
2023-08-19,UFC 292: Sterling vs. O'Malley,Zhang Weili vs. Amanda Lemos,Amanda Lemos,Zhang Weili,1,1,0.6519442668343352,1,0.6533892382948987,1,0.660674196835295,0,0.3899534315337494
2023-08-26,UFC Fight Night: Holloway vs. The Korean Zombie,Anthony Smith vs. Ryan Spann,Anthony Smith,Ryan Spann,1,1,0.6792896604063398,1,0.5155038759689923,1,0.5396509430707963,1,0.8518299394329832
2023-08-26,UFC Fight Night: Holloway vs. The Korean Zombie,Billy Ray Goff vs. Yusaku Kinoshita,Billy Ray Goff,Yusaku Kinoshita,1,1,0.6004862773757941,1,0.6533892382948987,1,0.6955287080046855,1,0.8343840935185759
2023-08-26,UFC Fight Night: Holloway vs. The Korean Zombie,Chidi Njokuani vs. Michal Oleksiejczuk,Chidi Njokuani,Michal Oleksiejczuk,0,1,0.6888764694067077,1,0.6533892382948987,1,0.6665623465213804,0,0.497435780344365
2023-08-26,UFC Fight Night: Holloway vs. The Korean Zombie,Erin Blanchfield vs. Taila Santos,Erin Blanchfield,Taila Santos,1,1,0.6395766641357702,1,0.5833333333333334,1,0.631232000221277,1,0.7981026911025468
2023-08-26,UFC Fight Night: Holloway vs. The Korean Zombie,Giga Chikadze vs. Alex Caceres,Alex Caceres,Giga Chikadze,1,1,0.6936942462002107,1,0.5155038759689923,1,0.5575667135339206,1,0.9317884400138973
2023-08-26,UFC Fight Night: Holloway vs. The Korean Zombie,Junior Tafa vs. Parker Porter,Junior Tafa,Parker Porter,1,1,0.6993511362709894,1,0.7138103161397671,1,0.6961284192166972,0,0.004496149974763644
2023-08-26,UFC Fight Night: Holloway vs. The Korean Zombie,Liang Na vs. JJ Aldrich,JJ Aldrich,Liang Na,0,1,0.6913544840810906,1,0.5155038759689923,1,0.5742212135137588,0,0.4893841704467725
2023-08-26,UFC Fight Night: Holloway vs. The Korean Zombie,Max Holloway vs. Chan Sung Jung,Chan Sung Jung,Max Holloway,1,1,0.6289099360593418,1,0.5833333333333334,1,0.5250569390637059,1,0.9965300107464545
2023-08-26,UFC Fight Night: Holloway vs. The Korean Zombie,Rinya Nakamura vs. Fernie Garcia,Fernie Garcia,Rinya Nakamura,1,1,0.6702154455360562,1,0.7138103161397671,1,0.6169173612534831,1,0.6498763540502966
2023-08-26,UFC Fight Night: Holloway vs. The Korean Zombie,SeungWoo Choi vs. Jarno Errens,Jarno Errens,SeungWoo Choi,1,1,0.6978009091548478,1,0.5833333333333334,1,0.6524374425662801,0,0.4227172427424498
2023-08-26,UFC Fight Night: Holloway vs. The Korean Zombie,Song Kenan vs. Rolando Bedoya,Rolando Bedoya,Song Kenan,1,1,0.6814574236166753,1,0.5833333333333334,1,0.686958249332066,1,0.9999534679434863
2023-08-26,UFC Fight Night: Holloway vs. The Korean Zombie,Toshiomi Kazama vs. Garrett Armfield,Garrett Armfield,Toshiomi Kazama,0,1,0.5846785659200844,1,0.6533892382948987,1,0.6076270152377622,1,0.7156783448579751
2023-08-26,UFC Fight Night: Holloway vs. The Korean Zombie,Waldo Cortes Acosta vs. Lukasz Brzeski,Lukasz Brzeski,Waldo Cortes Acosta,1,1,0.6493309478493736,1,0.6533892382948987,1,0.6407520964786855,1,0.9701539693018825
2023-09-02,UFC Fight Night: Gane vs. Spivac,Ange Loosa vs. Rhys McKee,Ange Loosa,Rhys McKee,1,1,0.7077705327076036,1,0.7138103161397671,1,0.7226405862164974,1,0.8356320774128936
2023-09-02,UFC Fight Night: Gane vs. Spivac,Benoit Saint Denis vs. Thiago Moises,Benoit Saint Denis,Thiago Moises,1,1,0.6560858732190258,1,0.5833333333333334,1,0.623017971407903,1,0.6551849450571992
2023-09-02,UFC Fight Night: Gane vs. Spivac,Ciryl Gane vs. Serghei Spivac,Ciryl Gane,Serghei Spivac,1,1,0.6852483113280525,1,0.7376344086021506,1,0.6497799394271722,0,0.008260499370661473
2023-09-02,UFC Fight Night: Gane vs. Spivac,Farid Basharat vs. Kleydson Rodrigues,Farid Basharat,Kleydson Rodrigues,1,1,0.6932355186599091,1,0.7138103161397671,1,0.6816311878449461,1,0.9994987626319357
2023-09-02,UFC Fight Night: Gane vs. Spivac,Manon Fiorot vs. Rose Namajunas,Manon Fiorot,Rose Namajunas,1,1,0.6595670165548235,1,0.5833333333333334,1,0.6309745264500476,1,0.9885259482572173
2023-09-02,UFC Fight Night: Gane vs. Spivac,Morgan Charriere vs. Manolo Zecchini,Manolo Zecchini,Morgan Charriere,1,1,0.6532868319559297,1,0.6533892382948987,1,0.6881650273180072,1,0.7583964348391277
2023-09-02,UFC Fight Night: Gane vs. Spivac,Nora Cornolle vs. Joselyne Edwards,Joselyne Edwards,Nora Cornolle,1,1,0.6710125972782327,1,0.5155038759689923,1,0.6015619099347806,1,0.9865463615515195
2023-09-02,UFC Fight Night: Gane vs. Spivac,Taylor Lapilus vs. Caolan Loughran,Caolan Loughran,Taylor Lapilus,1,1,0.6523300409285246,1,0.6533892382948987,1,0.6632077194551569,1,0.9530735587349799
2023-09-02,UFC Fight Night: Gane vs. Spivac,Volkan Oezdemir vs. Bogdan Guskov,Bogdan Guskov,Volkan Oezdemir,1,1,0.620082851918493,1,0.6785009861932939,1,0.5859230404668742,0,0.24823356026236734
2023-09-02,UFC Fight Night: Gane vs. Spivac,William Gomis vs. Yanis Ghemmouri,William Gomis,Yanis Ghemmouri,1,1,0.65705002771683,1,0.7138103161397671,1,0.7332921069369315,1,0.9703484634458746
2023-09-02,UFC Fight Night: Gane vs. Spivac,Zarah Fairn vs. Jacqueline Cavalcanti,Jacqueline Cavalcanti,Zarah Fairn,0,1,0.6744345991699948,1,0.6533892382948987,1,0.6218473787758635,1,0.919864945413546
2023-09-09,UFC 293: Adesanya vs. Strickland,Blood Diamond vs. Charles Radtke,Blood Diamond,Charles Radtke,0,1,0.7094052826546252,1,0.75,1,0.8439210992780476,0,0.13015518982822513
2023-09-09,UFC 293: Adesanya vs. Strickland,Carlos Ulberg vs. Da Woon Jung,Carlos Ulberg,Da Woon Jung,1,1,0.7028462358508779,1,0.7138103161397671,1,0.6675304533047061,1,0.6371282126211841
2023-09-09,UFC 293: Adesanya vs. Strickland,Israel Adesanya vs. Sean Strickland,Israel Adesanya,Sean Strickland,0,1,0.6962891899004074,1,0.7376344086021506,1,0.6732558887883037,1,0.8640537954821378
2023-09-09,UFC 293: Adesanya vs. Strickland,Jack Jenkins vs. Chepe Mariscal,Chepe Mariscal,Jack Jenkins,0,1,0.6283850275623973,1,0.7376344086021506,1,0.6794625434232611,0,0.024290226109781217
2023-09-09,UFC 293: Adesanya vs. Strickland,Jamie Mullarkey vs. John Makdessi,Jamie Mullarkey,John Makdessi,1,1,0.6283782176345738,0,0.40298507462686567,1,0.6139472203486394,1,0.9405688385547063
2023-09-09,UFC 293: Adesanya vs. Strickland,Justin Tafa vs. Austen Lane,Austen Lane,Justin Tafa,1,1,0.6295180603779814,1,0.6785009861932939,1,0.6548796744820831,0,0.11344115992157641
2023-09-09,UFC 293: Adesanya vs. Strickland,Kevin Jousset vs. Kiefer Crosbie,Kevin Jousset,Kiefer Crosbie,1,1,0.6532868319559297,1,0.6533892382948987,1,0.6881650273180072,1,0.7583964348391277
2023-09-09,UFC 293: Adesanya vs. Strickland,Manel Kape vs. Felipe dos Santos,Felipe dos Santos,Manel Kape,1,1,0.6237749385316678,1,0.6785009861932939,1,0.6202480607178342,1,0.8510359311266263
2023-09-09,UFC 293: Adesanya vs. Strickland,Nasrat Haqparast vs. Landon Quinones,Landon Quinones,Nasrat Haqparast,1,1,0.6447300549746406,0,0.3902439024390244,1,0.6182013582603048,1,0.99657556441296
2023-09-09,UFC 293: Adesanya vs. Strickland,Shane Young vs. Gabriel Miranda,Gabriel Miranda,Shane Young,0,1,0.6015155327318263,1,0.5833333333333334,1,0.6263904397760387,1,0.9311540170865769
2023-09-09,UFC 293: Adesanya vs. Strickland,Tai Tuivasa vs. Alexander Volkov,Alexander Volkov,Tai Tuivasa,0,1,0.6823131767425834,1,0.6533892382948987,1,0.6716194966125875,1,0.6026659546179038
2023-09-09,UFC 293: Adesanya vs. Strickland,Tyson Pedro vs. Anton Turkalj,Anton Turkalj,Tyson Pedro,1,1,0.668273558107685,1,0.7138103161397671,1,0.6589714453055387,1,0.8889796090163417
2023-09-16,Noche UFC: Grasso vs. Shevchenko 2,Alex Reyes vs. Charlie Campbell,Alex Reyes,Charlie Campbell,0,1,0.697224042196682,1,0.7138103161397671,1,0.7382971452489718,1,0.7978580854516317
2023-09-16,Noche UFC: Grasso vs. Shevchenko 2,Daniel Zellhuber vs. Christos Giagos,Christos Giagos,Daniel Zellhuber,1,1,0.6525965969415768,1,0.6779026217228464,1,0.5924041169164725,1,0.9523146227261925
2023-09-16,Noche UFC: Grasso vs. Shevchenko 2,Fernando Padilla vs. Kyle Nelson,Fernando Padilla,Kyle Nelson,0,1,0.646495529293139,1,0.6533892382948987,1,0.643653245440881,1,0.9911668892340665
2023-09-16,Noche UFC: Grasso vs. Shevchenko 2,Josefine Knutsson vs. Marnic Mann,Josefine Knutsson,Marnic Mann,1,1,0.6532868319559297,1,0.6533892382948987,1,0.6881650273180072,1,0.7583964348391277
2023-09-16,Noche UFC: Grasso vs. Shevchenko 2,Kevin Holland vs. Jack Della Maddalena,Jack Della Maddalena,Kevin Holland,0,1,0.6731564536315653,1,0.5833333333333334,1,0.6081177057935216,0,0.02097015955163342
2023-09-16,Noche UFC: Grasso vs. Shevchenko 2,Loopy Godinez vs. Elise Reed,Elise Reed,Loopy Godinez,1,1,0.6554793532817517,1,0.6533892382948987,1,0.638495766511634,1,0.8972752765427261
2023-09-16,Noche UFC: Grasso vs. Shevchenko 2,Raul Rosas Jr. vs. Terrence Mitchell,Raul Rosas Jr.,Terrence Mitchell,1,1,0.6875727173342048,1,0.7138103161397671,1,0.7270380644574969,1,0.9986599854352222
2023-09-16,Noche UFC: Grasso vs. Shevchenko 2,Roman Kopylov vs. Josh Fremd,Josh Fremd,Roman Kopylov,1,1,0.5919044549454868,1,0.5833333333333334,1,0.616410423888511,1,0.7527188307876319
2023-09-16,Noche UFC: Grasso vs. Shevchenko 2,Tracy Cortez vs. Jasmine Jasudavicius,Jasmine Jasudavicius,Tracy Cortez,1,1,0.6382114369599283,1,0.6533892382948987,1,0.6671473862228267,1,0.7040081557615409
2023-09-16,UFC Fight Night: Grasso vs. Shevchenko 2,Alex Reyes vs. Charlie Campbell,Alex Reyes,Charlie Campbell,0,1,0.6058940998887585,1,0.6533892382948987,1,0.6364592925156589,1,0.7652514184240397
2023-09-16,UFC Fight Night: Grasso vs. Shevchenko 2,Daniel Zellhuber vs. Christos Giagos,Christos Giagos,Daniel Zellhuber,1,1,0.6668653895896988,1,0.6779026217228464,1,0.5784641368036972,0,0.4686209605986593
2023-09-16,UFC Fight Night: Grasso vs. Shevchenko 2,Fernando Padilla vs. Kyle Nelson,Fernando Padilla,Kyle Nelson,0,1,0.6259513208695748,1,0.6533892382948987,1,0.628828140577394,0,0.02852968065017439
2023-09-16,UFC Fight Night: Grasso vs. Shevchenko 2,Josefine Knutsson vs. Marnic Mann,Josefine Knutsson,Marnic Mann,1,1,0.7188305378430063,1,0.7138103161397671,1,0.7440418730094263,1,0.9999784616491664
2023-09-16,UFC Fight Night: Grasso vs. Shevchenko 2,Kevin Holland vs. Jack Della Maddalena,Jack Della Maddalena,Kevin Holland,0,1,0.6563658375811667,1,0.5833333333333334,1,0.583681444780892,0,0.3589783944247623
2023-09-16,UFC Fight Night: Grasso vs. Shevchenko 2,Loopy Godinez vs. Elise Reed,Elise Reed,Loopy Godinez,1,1,0.6576861721777328,1,0.6533892382948987,1,0.6709328373717447,1,0.6081178003777106
2023-09-16,UFC Fight Night: Grasso vs. Shevchenko 2,Raul Rosas Jr. vs. Terrence Mitchell,Raul Rosas Jr.,Terrence Mitchell,1,1,0.6906823908296482,1,0.7138103161397671,1,0.6921499436568409,1,0.9965733843496306
2023-09-16,UFC Fight Night: Grasso vs. Shevchenko 2,Roman Kopylov vs. Josh Fremd,Josh Fremd,Roman Kopylov,1,1,0.6099711192866981,1,0.6785009861932939,1,0.5995952686789823,1,0.620205786741696
2023-09-16,UFC Fight Night: Grasso vs. Shevchenko 2,Tracy Cortez vs. Jasmine Jasudavicius,Jasmine Jasudavicius,Tracy Cortez,1,1,0.6435062159056116,1,0.6533892382948987,1,0.639063951989901,1,0.6720410089081403
2023-09-23,UFC Fight Night: Fiziev vs. Gamrot,Bryan Battle vs. AJ Fletcher,AJ Fletcher,Bryan Battle,1,1,0.6284959366318065,1,0.6533892382948987,1,0.6079240246378785,0,0.4919134220976118
2023-09-23,UFC Fight Night: Fiziev vs. Gamrot,Bryce Mitchell vs. Dan Ige,Bryce Mitchell,Dan Ige,1,1,0.6478192185910954,1,0.5833333333333334,1,0.6646453777000055,1,0.76594795814541
2023-09-23,UFC Fight Night: Fiziev vs. Gamrot,Jacob Malkoun vs. Cody Brundage,Cody Brundage,Jacob Malkoun,0,1,0.6947529536519674,1,0.6533892382948987,1,0.6538549894282507,0,0.07559016401854443
2023-09-23,UFC Fight Night: Fiziev vs. Gamrot,Marina Rodriguez vs. Michelle Waterson-Gomez,Marina Rodriguez,Michelle Waterson-Gomez,1,1,0.6862750235893057,1,0.5833333333333334,1,0.6392858245282763,0,0.01632085295670419
2023-09-23,UFC Fight Night: Fiziev vs. Gamrot,Mizuki vs. Hannah Goldy,Hannah Goldy,Mizuki,1,1,0.6916941002168812,1,0.7138103161397671,1,0.6487758618699823,1,0.5004084422657746
2023-09-23,UFC Fight Night: Fiziev vs. Gamrot,Mohammed Usman vs. Jake Collier,Jake Collier,Mohammed Usman,1,1,0.6623539299508034,1,0.5155038759689923,1,0.5712421166658403,1,0.9963366864346984
2023-09-23,UFC Fight Night: Fiziev vs. Gamrot,Rafael Fiziev vs. Mateusz Gamrot,Mateusz Gamrot,Rafael Fiziev,0,1,0.6302689417490618,1,0.6533892382948987,1,0.5986587798540054,1,0.5934521287306099
2023-09-23,UFC Fight Night: Fiziev vs. Gamrot,Ricardo Ramos vs. Charles Jourdain,Charles Jourdain,Ricardo Ramos,0,1,0.6850093846902292,1,0.6533892382948987,1,0.636012967812635,1,0.5995450250178075
2023-09-23,UFC Fight Night: Fiziev vs. Gamrot,Tamires Vidal vs. Montse Rendon,Montse Rendon,Tamires Vidal,0,1,0.6663332980559985,1,0.6533892382948987,1,0.7288962323872872,1,0.9535128648125373
2023-09-23,UFC Fight Night: Fiziev vs. Gamrot,Tim Means vs. Andre Fialho,Andre Fialho,Tim Means,1,1,0.6112060206080724,1,0.6785009861932939,0,0.46110345640162215,1,0.6694649482090415
2023-10-07,UFC Fight Night: Dawson vs. Green,Alex Morono vs. Joaquin Buckley,Alex Morono,Joaquin Buckley,0,1,0.690941464955054,1,0.5155038759689923,1,0.553231057444837,1,0.9152491331887415
2023-10-07,UFC Fight Night: Dawson vs. Green,Alexander Hernandez vs. Bill Algeo,Alexander Hernandez,Bill Algeo,0,1,0.6226414891639751,1,0.5155038759689923,1,0.5729612364512388,1,0.63647200529583
2023-10-07,UFC Fight Night: Dawson vs. Green,Aoriqileng vs. Johnny Munoz,Aoriqileng,Johnny Munoz,1,1,0.6929741287090745,1,0.7138103161397671,1,0.6283411492808243,1,0.8363496206049393
2023-10-07,UFC Fight Night: Dawson vs. Green,Drew Dober vs. Ricky Glenn,Drew Dober,Ricky Glenn,1,1,0.6616844666112265,1,0.6533892382948987,1,0.614858269300177,0,0.01296210519299738
2023-10-07,UFC Fight Night: Dawson vs. Green,Grant Dawson vs. King Green,Grant Dawson,King Green,0,1,0.6259596167510347,0,0.40298507462686567,1,0.5909427759464341,1,0.9452124649676998
2023-10-07,UFC Fight Night: Dawson vs. Green,Joe Pyfer vs. Abdul Razak Alhassan,Abdul Razak Alhassan,Joe Pyfer,1,1,0.6372234493390553,1,0.5155038759689923,1,0.5701133252357659,0,0.07657074323429366
2023-10-07,UFC Fight Night: Dawson vs. Green,Karolina Kowalkiewicz vs. Diana Belbita,Diana Belbita,Karolina Kowalkiewicz,1,1,0.6406243903261108,1,0.5833333333333334,1,0.585951801289245,0,0.2214753717157226
2023-10-07,UFC Fight Night: Dawson vs. Green,Montana De La Rosa vs. JJ Aldrich,JJ Aldrich,Montana De La Rosa,0,1,0.6537506386896786,1,0.6533892382948987,1,0.5914894755246607,0,0.19281601154301675
2023-10-07,UFC Fight Night: Dawson vs. Green,Nate Maness vs. Mateus Mendonca,Mateus Mendonca,Nate Maness,1,1,0.5790257345752184,1,0.6785009861932939,1,0.5933687623124259,1,0.9863773620802574
2023-10-07,UFC Fight Night: Dawson vs. Green,Vanessa Demopoulos vs. Kanako Murata,Kanako Murata,Vanessa Demopoulos,1,1,0.6381035914352076,1,0.6533892382948987,1,0.6265135427786734,0,0.19736702394305328
2023-10-14,UFC Fight Night: Yusuff vs. Barboza,Andre Petroski vs. Michel Pereira,Andre Petroski,Michel Pereira,0,1,0.6492414292519274,1,0.7138103161397671,1,0.6757164818957789,1,0.9946102001640623
2023-10-14,UFC Fight Night: Yusuff vs. Barboza,Ashley Yoder vs. Emily Ducote,Ashley Yoder,Emily Ducote,0,1,0.6612411169138418,1,0.7138103161397671,1,0.6258486795789461,0,0.4010742547829366
2023-10-14,UFC Fight Night: Yusuff vs. Barboza,Chris Gutierrez vs. Alatengheili,Alatengheili,Chris Gutierrez,1,1,0.6240983411606558,1,0.6533892382948987,1,0.6398233883113486,1,0.9576711021366315
2023-10-14,UFC Fight Night: Yusuff vs. Barboza,Christian Rodriguez vs. Cameron Saaiman,Cameron Saaiman,Christian Rodriguez,1,1,0.5967864321853213,1,0.6533892382948987,1,0.6265289938425734,0,0.0021273802909137
2023-10-14,UFC Fight Night: Yusuff vs. Barboza,Darren Elkins vs. TJ Brown,Darren Elkins,TJ Brown,1,1,0.6976163965257639,1,0.5155038759689923,1,0.5092578926064224,1,0.9967777533202234
2023-10-14,UFC Fight Night: Yusuff vs. Barboza,Irina Alekseeva vs. Melissa Mullins,Irina Alekseeva,Melissa Mullins,0,1,0.6496581958182882,1,0.6533892382948987,1,0.7289951394038603,1,0.980442521158468
2023-10-14,UFC Fight Night: Yusuff vs. Barboza,Jennifer Maia vs. Viviane Araujo,Jennifer Maia,Viviane Araujo,0,1,0.6640550361211163,1,0.6533892382948987,1,0.6617722087022736,0,0.17180852023724613
2023-10-14,UFC Fight Night: Yusuff vs. Barboza,Jonathan Martinez vs. Adrian Yanez,Adrian Yanez,Jonathan Martinez,1,1,0.6454494759165629,1,0.6533892382948987,1,0.6306094238207121,1,0.9892713832468794
2023-10-14,UFC Fight Night: Yusuff vs. Barboza,Sodiq Yusuff vs. Edson Barboza,Edson Barboza,Sodiq Yusuff,0,1,0.6577431012841588,1,0.5155038759689923,1,0.5118433199986289,1,0.9193798415402638
2023-10-14,UFC Fight Night: Yusuff vs. Barboza,Tainara Lisboa vs. Ravena Oliveira,Ravena Oliveira,Tainara Lisboa,1,1,0.5928902769662167,1,0.8869565217391304,1,0.6954385417993288,1,0.5313162301618846
2023-10-14,UFC Fight Night: Yusuff vs. Barboza,Terrance McKinney vs. Brendon Marotte,Brendon Marotte,Terrance McKinney,1,1,0.6666570859945032,1,0.6533892382948987,1,0.6839519920004153,1,0.7281299551835522
2023-10-21,UFC 294: Makhachev vs. Volkanovski 2,Abu Azaitar vs. Sedriques Dumas,Abu Azaitar,Sedriques Dumas,0,1,0.6474093477616993,1,0.6533892382948987,1,0.5780968157783384,1,0.958126571860699
2023-10-21,UFC 294: Makhachev vs. Volkanovski 2,Ikram Aliskerov vs. Warlley Alves,Ikram Aliskerov,Warlley Alves,1,1,0.6144937697688355,1,0.5833333333333334,1,0.5998016721865665,1,0.9390703861825062
2023-10-21,UFC 294: Makhachev vs. Volkanovski 2,Islam Makhachev vs. Alexander Volkanovski,Alexander Volkanovski,Islam Makhachev,1,1,0.6994937970445475,1,0.6533892382948987,1,0.6460101682602609,1,0.9521875930089216
2023-10-21,UFC 294: Makhachev vs. Volkanovski 2,Kamaru Usman vs. Khamzat Chimaev,Kamaru Usman,Khamzat Chimaev,0,1,0.6217744580927904,1,0.6779026217228464,1,0.6126296576520597,1,0.9120926875737674
2023-10-21,UFC 294: Makhachev vs. Volkanovski 2,Mike Breeden vs. Anshul Jubli,Anshul Jubli,Mike Breeden,1,1,0.6149976496867741,1,0.5833333333333334,1,0.6566177591089397,0,0.1495793869904461
2023-10-21,UFC 294: Makhachev vs. Volkanovski 2,Mohammad Yahya vs. Trevor Peek,Mohammad Yahya,Trevor Peek,0,1,0.6078064741358391,1,0.6785009861932939,1,0.6573061511939255,1,0.8582906542543677
2023-10-21,UFC 294: Makhachev vs. Volkanovski 2,Nathaniel Wood vs. Muhammad Naimov,Muhammad Naimov,Nathaniel Wood,0,1,0.6844968848858997,1,0.6785009861932939,1,0.6658635429479796,1,0.9485809919734711
2023-10-21,UFC 294: Makhachev vs. Volkanovski 2,Said Nurmagomedov vs. Muin Gafurov,Muin Gafurov,Said Nurmagomedov,1,1,0.5895326559347893,1,0.6785009861932939,1,0.5856658846614784,1,0.9502849323030563
2023-10-21,UFC 294: Makhachev vs. Volkanovski 2,Shara Magomedov vs. Bruno Silva,Bruno Silva,Shara Magomedov,1,1,0.6524427047144307,1,0.5155038759689923,1,0.6065039973410415,1,0.5183093331033474
2023-10-21,UFC 294: Makhachev vs. Volkanovski 2,Tim Elliott vs. Muhammad Mokaev,Muhammad Mokaev,Tim Elliott,0,1,0.6054816214376059,1,0.5833333333333334,1,0.5611977105070616,0,0.1152670522494529
2023-10-21,UFC 294: Makhachev vs. Volkanovski 2,Viktoriia Dudakova vs. Jinh Yu Frey,Jinh Yu Frey,Viktoriia Dudakova,1,1,0.6880726094626546,1,0.7376344086021506,1,0.6417656480630797,1,0.6619918009994709
2023-11-04,UFC Fight Night: Almeida vs. Lewis,Angela Hill vs. Denise Gomes,Angela Hill,Denise Gomes,1,1,0.6988367545546464,1,0.5155038759689923,0,0.48374420024939097,1,0.6427945654772149
2023-11-04,UFC Fight Night: Almeida vs. Lewis,Caio Borralho vs. Abus Magomedov,Abus Magomedov,Caio Borralho,1,1,0.7164219038210177,1,0.7138103161397671,1,0.6751157418104294,1,0.911722012521745
2023-11-04,UFC Fight Night: Almeida vs. Lewis,Eduarda Moura vs. Montserrat Conejo Ruiz,Eduarda Moura,Montserrat Conejo Ruiz,1,1,0.671068692565727,1,0.7376344086021506,1,0.7271044600243348,0,0.2537579391170267
2023-11-04,UFC Fight Night: Almeida vs. Lewis,Elves Brener vs. Kaynan Kruschewsky,Elves Brener,Kaynan Kruschewsky,1,1,0.6370544124269899,1,0.6533892382948987,1,0.6748227089268983,1,0.9721244425837986
2023-11-04,UFC Fight Night: Almeida vs. Lewis,Gabriel Bonfim vs. Nicolas Dalby,Gabriel Bonfim,Nicolas Dalby,0,1,0.6877725095058964,1,0.6785009861932939,1,0.6025481503830027,1,0.8833149101246385
2023-11-04,UFC Fight Night: Almeida vs. Lewis,Jailton Almeida vs. Derrick Lewis,Derrick Lewis,Jailton Almeida,1,1,0.6698792251786809,1,0.5155038759689923,0,0.4841281719771573,0,0.005509327550102733
2023-11-04,UFC Fight Night: Almeida vs. Lewis,Kaue Fernandes vs. Marc Diakiese,Kaue Fernandes,Marc Diakiese,0,1,0.6481311969424141,1,0.6785009861932939,1,0.5749569118952561,0,0.2486349148037144
2023-11-04,UFC Fight Night: Almeida vs. Lewis,Rodrigo Nascimento vs. Don'Tale Mayes,Don'Tale Mayes,Rodrigo Nascimento,1,1,0.6811519668535185,1,0.6533892382948987,1,0.686662610784054,0,0.38058216406314543
2023-11-04,UFC Fight Night: Almeida vs. Lewis,Vitor Petrino vs. Modestas Bukauskas,Modestas Bukauskas,Vitor Petrino,1,1,0.7495187932067804,1,0.7376344086021506,1,0.726107384454951,0,0.45971034141066935
2023-11-11,UFC 295: Prochazka vs. Pereira,Dennis Buzukja vs. Jamall Emmers,Dennis Buzukja,Jamall Emmers,0,1,0.6588812202212543,1,0.6785009861932939,1,0.5379090952670847,1,0.9491482241702797
2023-11-11,UFC 295: Prochazka vs. Pereira,Diego Lopes vs. Pat Sabatini,Diego Lopes,Pat Sabatini,1,1,0.7008442227020605,1,0.6785009861932939,1,0.7501743977891622,1,0.9999813254055043
2023-11-11,UFC 295: Prochazka vs. Pereira,Jared Gordon vs. Mark Madsen,Jared Gordon,Mark Madsen,1,1,0.6884289140489098,1,0.6779026217228464,1,0.6423169546344711,1,0.9215247355261671
2023-11-11,UFC 295: Prochazka vs. Pereira,Jessica Andrade vs. Mackenzie Dern,Jessica Andrade,Mackenzie Dern,1,1,0.669702786279918,1,0.5155038759689923,1,0.6144297521506534,1,0.9959429270278016
2023-11-11,UFC 295: Prochazka vs. Pereira,Jiri Prochazka vs. Alex Pereira,Alex Pereira,Jiri Prochazka,0,1,0.6671771707044326,1,0.5155038759689923,1,0.5946226481371499,1,0.6924073428880787
2023-11-11,UFC 295: Prochazka vs. Pereira,John Castaneda vs. Kyung Ho Kang,John Castaneda,Kyung Ho Kang,1,1,0.6704880184208775,1,0.6533892382948987,1,0.6009667260877416,0,0.3503907472780433
2023-11-11,UFC 295: Prochazka vs. Pereira,Joshua Van vs. Kevin Borjas,Joshua Van,Kevin Borjas,1,1,0.6619759778514671,1,0.6533892382948987,1,0.6863377749373432,1,0.999339575301475
2023-11-11,UFC 295: Prochazka vs. Pereira,Mateusz Rebecki vs. Roosevelt Roberts,Mateusz Rebecki,Roosevelt Roberts,1,1,0.6641712002982488,1,0.5833333333333334,1,0.619768259184964,0,0.1140437144970702
2023-11-11,UFC 295: Prochazka vs. Pereira,Matt Frevola vs. Benoit Saint Denis,Benoit Saint Denis,Matt Frevola,0,1,0.6637600760389106,1,0.6533892382948987,1,0.6350312064081004,0,0.11560623978831529
2023-11-11,UFC 295: Prochazka vs. Pereira,Sergei Pavlovich vs. Tom Aspinall,Sergei Pavlovich,Tom Aspinall,0,1,0.6569855623990754,1,0.7376344086021506,1,0.7936358055351507,1,0.9544342594295028
2023-11-11,UFC 295: Prochazka vs. Pereira,Steve Erceg vs. Alessandro Costa,Alessandro Costa,Steve Erceg,1,1,0.6531490273160064,1,0.7376344086021506,1,0.6829893288898965,1,0.9840569345421233
2023-11-11,UFC 295: Prochazka vs. Pereira,Tabatha Ricci vs. Loopy Godinez,Loopy Godinez,Tabatha Ricci,0,1,0.6871924843415768,1,0.6533892382948987,1,0.6943486452755486,1,0.9928649120881757
2023-11-18,UFC Fight Night: Allen vs. Craig,Brendan Allen vs. Paul Craig,Brendan Allen,Paul Craig,1,1,0.6573990114666773,1,0.6533892382948987,1,0.6255952928994547,1,0.7375025206595645
2023-11-18,UFC Fight Night: Allen vs. Craig,Chad Anheliger vs. Jose Johnson,Chad Anheliger,Jose Johnson,0,1,0.7168521538017683,1,0.7138103161397671,1,0.7088548183792449,0,0.013251312986162193
2023-11-18,UFC Fight Night: Allen vs. Craig,Charles Johnson vs. Rafael Estevam,Charles Johnson,Rafael Estevam,0,1,0.709858693582927,1,0.7138103161397671,1,0.65302696064429,0,0.3498967559359392
2023-11-18,UFC Fight Night: Allen vs. Craig,Chase Hooper vs. Jordan Leavitt,Chase Hooper,Jordan Leavitt,1,1,0.6368209260808919,1,0.6533892382948987,1,0.5866677167767358,1,0.5272351613680902
2023-11-18,UFC Fight Night: Allen vs. Craig,Christian Leroy Duncan vs. Denis Tiuliulin,Christian Leroy Duncan,Denis Tiuliulin,1,1,0.6395806708069766,1,0.5833333333333334,1,0.5973304104172015,1,0.7792554076884333
2023-11-18,UFC Fight Night: Allen vs. Craig,Jeka Saragih vs. Lucas Alexander,Jeka Saragih,Lucas Alexander,1,1,0.6998828618601594,1,0.7138103161397671,1,0.6460483295014188,0,0.21184007413074618
2023-11-18,UFC Fight Night: Allen vs. Craig,Jonathan Pearce vs. Joanderson Brito,Joanderson Brito,Jonathan Pearce,0,1,0.6765234557825528,1,0.7138103161397671,1,0.6575026132056144,1,0.9890677866754911
2023-11-18,UFC Fight Night: Allen vs. Craig,Luana Pinheiro vs. Amanda Ribas,Amanda Ribas,Luana Pinheiro,0,1,0.6819581476173492,1,0.6533892382948987,1,0.6557080853247967,1,0.9987904984230738
2023-11-18,UFC Fight Night: Allen vs. Craig,Lucie Pudilova vs. Ailin Perez,Ailin Perez,Lucie Pudilova,0,1,0.6648275721154235,1,0.7138103161397671,1,0.6327203090874524,0,0.0473322596973732
2023-11-18,UFC Fight Night: Allen vs. Craig,Michael Morales vs. Jake Matthews,Jake Matthews,Michael Morales,1,1,0.6454912377198573,1,0.6779026217228464,1,0.5393320363873189,0,0.3918410544238018
2023-11-18,UFC Fight Night: Allen vs. Craig,Mick Parkin vs. Caio Machado,Caio Machado,Mick Parkin,1,1,0.6328139408365978,1,0.6533892382948987,1,0.681317073926869,0,0.07364631594601904
2023-11-18,UFC Fight Night: Allen vs. Craig,Payton Talbott vs. Nick Aguirre,Nick Aguirre,Payton Talbott,1,1,0.6153647013365655,1,0.6533892382948987,1,0.6386128710335902,1,0.9759380077089933
2023-11-18,UFC Fight Night: Allen vs. Craig,Uros Medic vs. Myktybek Orolbai,Myktybek Orolbai,Uros Medic,0,1,0.6118803421819444,1,0.6785009861932939,1,0.7989526546861192,1,0.8978852301902863
2023-12-02,UFC Fight Night: Dariush vs. Tsarukyan,Beneil Dariush vs. Arman Tsarukyan,Arman Tsarukyan,Beneil Dariush,0,1,0.6529893186320461,0,0.40298507462686567,1,0.6078171210380406,0,0.1383056198510234
2023-12-02,UFC Fight Night: Dariush vs. Tsarukyan,Clay Guida vs. Joaquim Silva,Clay Guida,Joaquim Silva,0,1,0.6516098250589869,0,0.4727272727272727,1,0.5334153600432955,0,0.040637583957252005
2023-12-02,UFC Fight Night: Dariush vs. Tsarukyan,Drakkar Klose vs. Joe Solecki,Drakkar Klose,Joe Solecki,1,1,0.6654050846108036,1,0.5155038759689923,1,0.5941947219403096,1,0.9999778656067956
2023-12-02,UFC Fight Night: Dariush vs. Tsarukyan,Jalin Turner vs. King Green,Jalin Turner,King Green,1,1,0.6694187253902202,1,0.6785009861932939,1,0.6107175641207016,1,0.9792110860865922
2023-12-02,UFC Fight Night: Dariush vs. Tsarukyan,Miesha Tate vs. Julia Avila,Julia Avila,Miesha Tate,1,1,0.6411676000274177,1,0.5833333333333334,1,0.6216074687131486,1,0.523278241374602
2023-12-02,UFC Fight Night: Dariush vs. Tsarukyan,Punahele Soriano vs. Dustin Stoltzfus,Dustin Stoltzfus,Punahele Soriano,0,1,0.6338645165547848,1,0.6533892382948987,1,0.6414106208239675,0,0.418256957235394
2023-12-02,UFC Fight Night: Dariush vs. Tsarukyan,Rob Font vs. Deiveson Figueiredo,Deiveson Figueiredo,Rob Font,0,1,0.682263398660549,1,0.7138103161397671,1,0.6870754645731557,1,0.8408082350651197
2023-12-02,UFC Fight Night: Dariush vs. Tsarukyan,Rodolfo Bellato vs. Ihor Potieria,Ihor Potieria,Rodolfo Bellato,1,1,0.6627269035668854,1,0.6533892382948987,1,0.6634596086451686,1,0.9962147349117809
2023-12-02,UFC Fight Night: Dariush vs. Tsarukyan,Sean Brady vs. Kelvin Gastelum,Kelvin Gastelum,Sean Brady,1,1,0.6646092001828583,1,0.5155038759689923,1,0.6053173736490574,1,0.9830817585248264
2023-12-02,UFC Fight Night: Dariush vs. Tsarukyan,Veronica Hardy vs. Jamey-Lyn Horth,Jamey-Lyn Horth,Veronica Hardy,1,1,0.712633467578608,1,0.5833333333333334,1,0.6508577430306238,1,0.8611439837450373
2023-12-02,UFC Fight Night: Dariush vs. Tsarukyan,Wellington Turman vs. Jared Gooden,Jared Gooden,Wellington Turman,0,1,0.6359738950567463,1,0.5833333333333334,1,0.5999824580724114,1,0.8650063271470605
2023-12-02,UFC Fight Night: Dariush vs. Tsarukyan,Zach Reese vs. Cody Brundage,Cody Brundage,Zach Reese,0,1,0.659319245024286,1,0.9722222222222222,1,0.7628520372763582,1,0.990363311820548
2023-12-09,UFC Fight Night: Song vs. Gutierrez,Anthony Smith vs. Khalil Rountree Jr.,Anthony Smith,Khalil Rountree Jr.,0,1,0.6942768728473614,1,0.6533892382948987,1,0.6382967028270881,0,0.342356201874584
2023-12-09,UFC Fight Night: Song vs. Gutierrez,HyunSung Park vs. Shannon Ross,HyunSung Park,Shannon Ross,1,1,0.6129037435898573,1,0.5833333333333334,1,0.7131427124835,1,0.9978975299358647
2023-12-09,UFC Fight Night: Song vs. Gutierrez,JunYong Park vs. Andre Muniz,Andre Muniz,JunYong Park,0,1,0.612723815509875,1,0.5833333333333334,1,0.6079564103810426,1,0.6505060756759384
2023-12-09,UFC Fight Night: Song vs. Gutierrez,Luana Santos vs. Stephanie Egger,Luana Santos,Stephanie Egger,1,1,0.7141518096374645,1,0.5833333333333334,1,0.641873807300295,1,0.8543280767088196
2023-12-09,UFC Fight Night: Song vs. Gutierrez,Nasrat Haqparast vs. Jamie Mullarkey,Jamie Mullarkey,Nasrat Haqparast,1,1,0.6405773659454319,1,0.6533892382948987,1,0.6417255072903151,1,0.9899930654054284
2023-12-09,UFC Fight Night: Song vs. Gutierrez,Rayanne dos Santos vs. Talita Alencar,Rayanne dos Santos,Talita Alencar,0,1,0.6532868319559297,1,0.6533892382948987,1,0.6881650273180072,1,0.7583964348391277
2023-12-09,UFC Fight Night: Song vs. Gutierrez,Song Kenan vs. Kevin Jousset,Kevin Jousset,Song Kenan,0,1,0.6894547918618694,1,0.5833333333333334,1,0.6314489179082001,0,0.12640421514482864
2023-12-09,UFC Fight Night: Song vs. Gutierrez,Song Yadong vs. Chris Gutierrez,Chris Gutierrez,Song Yadong,1,1,0.6800288451075513,1,0.6533892382948987,1,0.652743218512991,1,0.6824424533821712
2023-12-09,UFC Fight Night: Song vs. Gutierrez,Steve Garcia vs. Melquizael Costa,Melquizael Costa,Steve Garcia,1,1,0.694462746827681,1,0.6533892382948987,1,0.6478832211910052,0,0.2594461486714417
2023-12-09,UFC Fight Night: Song vs. Gutierrez,Tatsuro Taira vs. Carlos Hernandez,Carlos Hernandez,Tatsuro Taira,1,1,0.679882268535261,1,0.6533892382948987,1,0.6186228410569719,0,0.04201265334686321
2023-12-09,UFC Fight Night: Song vs. Gutierrez,Tim Elliott vs. Sumudaerji,Sumudaerji,Tim Elliott,1,1,0.6576862907529555,1,0.5833333333333334,1,0.5482885162034401,0,0.07688807585120153
2023-12-16,UFC 296: Edwards vs. Covington,Alexandre Pantoja vs. Brandon Royval,Alexandre Pantoja,Brandon Royval,1,1,0.6534271069691646,1,0.7376344086021506,1,0.601726625706074,0,0.19450554455807506
2023-12-16,UFC 296: Edwards vs. Covington,Alonzo Menifield vs. Dustin Jacoby,Alonzo Menifield,Dustin Jacoby,1,1,0.6510734848696772,1,0.6533892382948987,1,0.6244353499376338,1,0.7231833171951619
2023-12-16,UFC 296: Edwards vs. Covington,Andre Fili vs. Lucas Almeida,Andre Fili,Lucas Almeida,1,1,0.6425451711596045,1,0.5155038759689923,1,0.5281556703779912,0,0.1960614393241791
2023-12-16,UFC 296: Edwards vs. Covington,Casey O'Neill vs. Ariane da Silva,Ariane da Silva,Casey O'Neill,0,1,0.6566567491370061,1,0.6533892382948987,1,0.6297489228325419,1,0.9961475095198339
2023-12-16,UFC 296: Edwards vs. Covington,Cody Garbrandt vs. Brian Kelleher,Brian Kelleher,Cody Garbrandt,1,1,0.6471813016278465,1,0.6533892382948987,1,0.6493120121157506,1,0.9181339871720857
2023-12-16,UFC 296: Edwards vs. Covington,Irene Aldana vs. Karol Rosa,Irene Aldana,Karol Rosa,1,1,0.6226793110026023,1,0.6533892382948987,1,0.615377155999144,0,0.43906584821192335
2023-12-16,UFC 296: Edwards vs. Covington,Josh Emmett vs. Bryce Mitchell,Bryce Mitchell,Josh Emmett,1,1,0.6389294340927385,1,0.6779026217228464,1,0.6744533956993652,1,0.9951285444518548
2023-12-16,UFC 296: Edwards vs. Covington,Leon Edwards vs. Colby Covington,Colby Covington,Leon Edwards,1,1,0.6346036045554652,1,0.6533892382948987,1,0.7024802133670708,1,0.9253935372243799
2023-12-16,UFC 296: Edwards vs. Covington,Martin Buday vs. Shamil Gaziev,Martin Buday,Shamil Gaziev,0,1,0.6758640956118387,1,0.6533892382948987,1,0.7161553880200549,1,0.5497621194710729
2023-12-16,UFC 296: Edwards vs. Covington,Shavkat Rakhmonov vs. Stephen Thompson,Shavkat Rakhmonov,Stephen Thompson,1,1,0.6515066388498728,1,0.5833333333333334,1,0.5825106115861307,1,0.6996413186114302
2023-12-16,UFC 296: Edwards vs. Covington,Tagir Ulanbekov vs. Cody Durden,Cody Durden,Tagir Ulanbekov,1,1,0.6406949435636756,1,0.6533892382948987,1,0.6615330870142087,0,0.42792011683725933
2023-12-16,UFC 296: Edwards vs. Covington,Tony Ferguson vs. Paddy Pimblett,Paddy Pimblett,Tony Ferguson,0,1,0.6165599720361317,1,0.5833333333333334,1,0.5351940994274714,0,0.044322415372583704
2024-01-13,UFC Fight Night: Ankalaev vs. Walker 2,Andrei Arlovski vs. Waldo Cortes Acosta,Andrei Arlovski,Waldo Cortes Acosta,0,1,0.6818413848157548,1,0.5155038759689923,0,0.4529543338635127,1,0.9994384281371882
2024-01-13,UFC Fight Night: Ankalaev vs. Walker 2,Farid Basharat vs. Taylor Lapilus,Farid Basharat,Taylor Lapilus,1,1,0.6865929496934537,1,0.7138103161397671,1,0.6766305093395918,1,0.9952452719694387
2024-01-13,UFC Fight Night: Ankalaev vs. Walker 2,Jim Miller vs. Gabriel Benitez,Gabriel Benitez,Jim Miller,1,1,0.6578485157218789,1,0.5833333333333334,0,0.43896941490305896,0,0.09682444510131742
2024-01-13,UFC Fight Night: Ankalaev vs. Walker 2,Joshua Van vs. Felipe Bunes,Felipe Bunes,Joshua Van,1,1,0.6127434143525193,1,0.6533892382948987,1,0.619558627714621,0,0.08377921938694344
2024-01-13,UFC Fight Night: Ankalaev vs. Walker 2,Magomed Ankalaev vs. Johnny Walker,Johnny Walker,Magomed Ankalaev,1,1,0.6702134615240594,1,0.6533892382948987,1,0.6518531725378159,1,0.8976948199163267
2024-01-13,UFC Fight Night: Ankalaev vs. Walker 2,Marcus McGhee vs. Gaston Bolanos,Gaston Bolanos,Marcus McGhee,1,1,0.6319642650364311,1,0.6533892382948987,1,0.6714923213871085,0,0.030461605248414198
2024-01-13,UFC Fight Night: Ankalaev vs. Walker 2,Matthew Semelsberger vs. Preston Parsons,Matthew Semelsberger,Preston Parsons,0,1,0.6416794968754709,1,0.5155038759689923,1,0.662240847109046,1,0.8726932992460306
2024-01-13,UFC Fight Night: Ankalaev vs. Walker 2,Nikolas Motta vs. Tom Nolan,Nikolas Motta,Tom Nolan,1,1,0.6378118097597647,1,0.5155038759689923,1,0.6113483744803639,1,0.545771670220869
2024-01-13,UFC Fight Night: Ankalaev vs. Walker 2,Phil Hawes vs. Brunno Ferreira,Brunno Ferreira,Phil Hawes,0,1,0.6235281500535738,1,0.6785009861932939,1,0.6226659503429924,0,0.3487488225103966
2024-01-13,UFC Fight Night: Ankalaev vs. Walker 2,Ricky Simon vs. Mario Bautista,Mario Bautista,Ricky Simon,0,1,0.6781374275013435,1,0.5833333333333334,1,0.6364210747300142,1,0.8287518603015934
2024-01-13,UFC Fight Night: Ankalaev vs. Walker 2,Westin Wilson vs. Jean Silva,Jean Silva,Westin Wilson,0,1,0.6522368327794172,1,0.6533892382948987,1,0.6967019925023115,1,0.9943302995288528
2024-01-20,UFC 297: Strickland vs. Du Plessis,Arnold Allen vs. Movsar Evloev,Arnold Allen,Movsar Evloev,0,1,0.7008422741032299,1,0.6533892382948987,1,0.6464061362607155,1,0.9947678558973764
2024-01-20,UFC 297: Strickland vs. Du Plessis,Brad Katona vs. Garrett Armfield,Brad Katona,Garrett Armfield,0,1,0.6790058957648137,1,0.6533892382948987,1,0.635727095589541,1,0.8733635376734704
2024-01-20,UFC 297: Strickland vs. Du Plessis,Charles Jourdain vs. Sean Woodson,Charles Jourdain,Sean Woodson,0,1,0.6352317903566451,1,0.5155038759689923,1,0.6053231618372127,0,0.22356704476013917
2024-01-20,UFC 297: Strickland vs. Du Plessis,Chris Curtis vs. Marc-Andre Barriault,Chris Curtis,Marc-Andre Barriault,1,1,0.664629920902981,1,0.6533892382948987,1,0.632312124881059,0,0.055219122783710606
2024-01-20,UFC 297: Strickland vs. Du Plessis,Gillian Robertson vs. Polyana Viana,Gillian Robertson,Polyana Viana,1,1,0.6600500238723929,1,0.6533892382948987,1,0.658019276489831,0,0.10069662094883432
2024-01-20,UFC 297: Strickland vs. Du Plessis,Jasmine Jasudavicius vs. Priscila Cachoeira,Jasmine Jasudavicius,Priscila Cachoeira,1,1,0.6195355822802109,0,0.40298507462686567,1,0.6336415302677113,1,0.6987339604661567
2024-01-20,UFC 297: Strickland vs. Du Plessis,Malcolm Gordon vs. Jimmy Flick,Jimmy Flick,Malcolm Gordon,0,1,0.6461487692167298,1,0.5833333333333334,1,0.5517958463133302,0,0.019987509838353797
2024-01-20,UFC 297: Strickland vs. Du Plessis,Neil Magny vs. Mike Malott,Mike Malott,Neil Magny,1,1,0.6626459737881453,1,0.5833333333333334,1,0.6043360325921784,0,1.9211283195173254e-05
2024-01-20,UFC 297: Strickland vs. Du Plessis,Raquel Pennington vs. Mayra Bueno Silva,Mayra Bueno Silva,Raquel Pennington,1,1,0.646382931097477,1,0.5833333333333334,1,0.6302268598985596,1,0.9118840515098191
2024-01-20,UFC 297: Strickland vs. Du Plessis,Sean Strickland vs. Dricus Du Plessis,Dricus Du Plessis,Sean Strickland,0,1,0.664474080352551,1,0.5833333333333334,1,0.5474238642203579,0,0.19671126747630902
2024-01-20,UFC 297: Strickland vs. Du Plessis,Serhiy Sidey vs. Ramon Taveras,Ramon Taveras,Serhiy Sidey,0,1,0.6532868319559297,1,0.6533892382948987,1,0.6881650273180072,1,0.7583964348391277
2024-01-20,UFC 297: Strickland vs. Du Plessis,Yohan Lainesse vs. Sam Patterson,Sam Patterson,Yohan Lainesse,0,1,0.6361294390757589,1,0.6533892382948987,1,0.6179068347539391,0,0.18053372083178995
2024-02-03,UFC Fight Night: Dolidze vs. Imavov,Azat Maksum vs. Charles Johnson,Azat Maksum,Charles Johnson,0,1,0.5316947368303399,1,0.6785009861932939,1,0.5203774203856487,0,0.04508478581267864
2024-02-03,UFC Fight Night: Dolidze vs. Imavov,Gilbert Urbina vs. Charles Radtke,Charles Radtke,Gilbert Urbina,0,1,0.7035850860967844,1,0.7138103161397671,1,0.7707623848986974,1,0.9971431292667164
2024-02-03,UFC Fight Night: Dolidze vs. Imavov,JeongYeong Lee vs. Blake Bilder,Blake Bilder,JeongYeong Lee,1,1,0.6211549063929936,1,0.6533892382948987,0,0.45947386257189304,1,0.9966554081980081
2024-02-03,UFC Fight Night: Dolidze vs. Imavov,Landon Quinones vs. MarQuel Mederos,Landon Quinones,MarQuel Mederos,0,1,0.684175601386171,1,0.7138103161397671,1,0.6762309308520951,1,0.940501541042636
2024-02-03,UFC Fight Night: Dolidze vs. Imavov,Luana Carolina vs. Julija Stoliarenko,Julija Stoliarenko,Luana Carolina,1,1,0.6381553131819313,1,0.6533892382948987,1,0.6089279952169209,1,0.6587448293621936
2024-02-03,UFC Fight Night: Dolidze vs. Imavov,Molly McCann vs. Diana Belbita,Diana Belbita,Molly McCann,1,1,0.6642966438264907,1,0.6533892382948987,1,0.5898225236330918,1,0.8009237564720696
2024-02-03,UFC Fight Night: Dolidze vs. Imavov,Randy Brown vs. Muslim Salikhov,Muslim Salikhov,Randy Brown,1,1,0.6847393974288286,1,0.5833333333333334,1,0.6470254811378271,0,0.4688650006102567
2024-02-03,UFC Fight Night: Dolidze vs. Imavov,Renato Moicano vs. Drew Dober,Drew Dober,Renato Moicano,1,1,0.6604268628636708,1,0.6533892382948987,1,0.6442626881487316,0,0.024066982728876956
2024-02-03,UFC Fight Night: Dolidze vs. Imavov,Roman Dolidze vs. Nassourdine Imavov,Nassourdine Imavov,Roman Dolidze,0,1,0.6928000797857489,1,0.6533892382948987,1,0.6051823543026688,0,0.33911090813059486
2024-02-03,UFC Fight Night: Dolidze vs. Imavov,Themba Gorimbo vs. Pete Rodriguez,Pete Rodriguez,Themba Gorimbo,1,1,0.7111631703819017,1,0.7376344086021506,1,0.6940582240798184,0,0.06505214652013863
2024-02-03,UFC Fight Night: Dolidze vs. Imavov,Thomas Petersen vs. Jamal Pogues,Jamal Pogues,Thomas Petersen,0,1,0.6364170907791541,1,0.7138103161397671,1,0.6568828970041765,1,0.8033063776093595
2024-02-03,UFC Fight Night: Dolidze vs. Imavov,Viviane Araujo vs. Natalia Silva,Natalia Silva,Viviane Araujo,0,1,0.695217057825799,1,0.6533892382948987,1,0.6377425661012631,0,0.0002965808275092572
2024-02-10,UFC Fight Night: Hermansson vs. Pyfer,Bolaji Oki vs. Timmy Cuamba,Bolaji Oki,Timmy Cuamba,1,1,0.6532868319559297,1,0.6533892382948987,1,0.6881650273180072,1,0.7583964348391277
2024-02-10,UFC Fight Night: Hermansson vs. Pyfer,Brad Tavares vs. Gregory Rodrigues,Brad Tavares,Gregory Rodrigues,0,1,0.651139310899283,1,0.5155038759689923,1,0.6124801911541716,0,0.12094649401035225
2024-02-10,UFC Fight Night: Hermansson vs. Pyfer,Dan Ige vs. Andre Fili,Andre Fili,Dan Ige,1,1,0.6598863829929211,1,0.7138103161397671,1,0.6242122177704763,1,0.695845830164637
2024-02-10,UFC Fight Night: Hermansson vs. Pyfer,Devin Clark vs. Marcin Prachnio,Devin Clark,Marcin Prachnio,0,1,0.6616386673096941,1,0.7138103161397671,1,0.6220730040813119,1,0.9848544710639322
2024-02-10,UFC Fight Night: Hermansson vs. Pyfer,Fernie Garcia vs. Hyder Amil,Fernie Garcia,Hyder Amil,0,1,0.6714392905265579,1,0.7138103161397671,1,0.6543837513480506,1,0.7191096288931675
2024-02-10,UFC Fight Night: Hermansson vs. Pyfer,Jack Hermansson vs. Joe Pyfer,Jack Hermansson,Joe Pyfer,1,1,0.6376694151438352,1,0.6779026217228464,1,0.6021755571047327,0,0.1483967510243695
2024-02-10,UFC Fight Night: Hermansson vs. Pyfer,Loma Lookboonmee vs. Bruna Brasil,Bruna Brasil,Loma Lookboonmee,1,1,0.6183525110892629,1,0.5833333333333334,1,0.5781685382177683,1,0.6816622369869688
2024-02-10,UFC Fight Night: Hermansson vs. Pyfer,Max Griffin vs. Jeremiah Wells,Jeremiah Wells,Max Griffin,1,1,0.6502994217854695,1,0.5833333333333334,1,0.5901466375421829,1,0.7978308941888953
2024-02-10,UFC Fight Night: Hermansson vs. Pyfer,Michael Johnson vs. Darrius Flowers,Darrius Flowers,Michael Johnson,1,1,0.6793166701587824,1,0.5833333333333334,0,0.43704802816166555,0,0.4749519126135541
2024-02-10,UFC Fight Night: Hermansson vs. Pyfer,Robert Bryczek vs. Ihor Potieria,Ihor Potieria,Robert Bryczek,0,1,0.6765352155421421,1,0.6533892382948987,1,0.6706215729735199,1,0.9319668666509047
2024-02-10,UFC Fight Night: Hermansson vs. Pyfer,Rodolfo Vieira vs. Armen Petrosyan,Armen Petrosyan,Rodolfo Vieira,1,1,0.6915085182763533,1,0.7138103161397671,1,0.7081101617656202,0,0.023105690754128265
2024-02-10,UFC Fight Night: Hermansson vs. Pyfer,Trevin Giles vs. Carlos Prates,Carlos Prates,Trevin Giles,0,1,0.660597030854891,1,0.6785009861932939,1,0.6586161286078228,1,0.9574830090885078
2024-02-10,UFC Fight Night: Hermansson vs. Pyfer,Zac Pauga vs. Bogdan Guskov,Bogdan Guskov,Zac Pauga,0,1,0.6581900387258007,1,0.6533892382948987,1,0.6839377365947453,1,0.9679591635758293
2024-02-17,UFC 298: Volkanovski vs. Topuria,Alexander Volkanovski vs. Ilia Topuria,Alexander Volkanovski,Ilia Topuria,0,1,0.7086841598760023,1,0.7138103161397671,1,0.652375657848806,1,0.9959861906588333
2024-02-17,UFC 298: Volkanovski vs. Topuria,Amanda Lemos vs. Mackenzie Dern,Amanda Lemos,Mackenzie Dern,1,1,0.6591385223879085,1,0.6533892382948987,1,0.6819579763698163,1,0.9782186836482912
2024-02-17,UFC 298: Volkanovski vs. Topuria,Andrea Lee vs. Miranda Maverick,Andrea Lee,Miranda Maverick,0,1,0.6273073929662419,1,0.5155038759689923,1,0.5775533489244813,0,0.4569587654515379
2024-02-17,UFC 298: Volkanovski vs. Topuria,Anthony Hernandez vs. Roman Kopylov,Anthony Hernandez,Roman Kopylov,1,1,0.6266362049801195,1,0.7138103161397671,1,0.6997559374931567,0,0.17740338692062138
2024-02-17,UFC 298: Volkanovski vs. Topuria,Geoff Neal vs. Ian Machado Garry,Geoff Neal,Ian Machado Garry,0,1,0.6560036759870996,1,0.6533892382948987,1,0.5732373561591105,0,0.024132465267354297
2024-02-17,UFC 298: Volkanovski vs. Topuria,Josh Quinlan vs. Danny Barlow,Danny Barlow,Josh Quinlan,0,1,0.6427484509919348,1,0.6533892382948987,1,0.6383290462666765,1,0.9198734447981057
2024-02-17,UFC 298: Volkanovski vs. Topuria,Marcos Rogerio de Lima vs. Junior Tafa,Junior Tafa,Marcos Rogerio de Lima,1,1,0.6741346022830379,1,0.6785009861932939,1,0.6280072780035132,0,0.3144098444898063
2024-02-17,UFC 298: Volkanovski vs. Topuria,Merab Dvalishvili vs. Henry Cejudo,Henry Cejudo,Merab Dvalishvili,1,1,0.6979440292132517,1,0.6533892382948987,1,0.6698064169612975,0,0.07624830399690259
2024-02-17,UFC 298: Volkanovski vs. Topuria,Oban Elliott vs. Val Woodburn,Oban Elliott,Val Woodburn,1,1,0.6618344327917718,1,0.6533892382948987,1,0.6910966327210015,1,0.8983097293807344
2024-02-17,UFC 298: Volkanovski vs. Topuria,Rinya Nakamura vs. Carlos Vera,Carlos Vera,Rinya Nakamura,1,1,0.6686463184925612,1,0.8869565217391304,1,0.8525264769269632,1,0.9691655122854241
2024-02-17,UFC 298: Volkanovski vs. Topuria,Robert Whittaker vs. Paulo Costa,Paulo Costa,Robert Whittaker,1,1,0.6689485058337965,1,0.5833333333333334,1,0.5723290602790667,1,0.7729581688623405
2024-02-17,UFC 298: Volkanovski vs. Topuria,Zhang Mingyang vs. Brendson Ribeiro,Brendson Ribeiro,Zhang Mingyang,1,1,0.6532868319559297,1,0.6533892382948987,1,0.6881650273180072,1,0.7583964348391277
2024-02-24,UFC Fight Night: Moreno vs. Royval 2,Brandon Moreno vs. Brandon Royval,Brandon Moreno,Brandon Royval,0,1,0.6408082025800041,1,0.6533892382948987,1,0.603613193875559,0,0.17652243704862128
2024-02-24,UFC Fight Night: Moreno vs. Royval 2,Claudio Puelles vs. Fares Ziam,Claudio Puelles,Fares Ziam,0,1,0.6700805722902463,1,0.6533892382948987,1,0.6454994450437104,0,0.3506736995060652
2024-02-24,UFC Fight Night: Moreno vs. Royval 2,Cristian Quinonez vs. Raoni Barcelos,Cristian Quinonez,Raoni Barcelos,0,1,0.6593876221262134,1,0.6785009861932939,1,0.591197963596666,0,0.08133996877164233
2024-02-24,UFC Fight Night: Moreno vs. Royval 2,Daniel Zellhuber vs. Francisco Prado,Daniel Zellhuber,Francisco Prado,1,1,0.6359914293462965,1,0.6533892382948987,1,0.6321904870158295,0,0.2927963002126113
2024-02-24,UFC Fight Night: Moreno vs. Royval 2,Edgar Chairez vs. Daniel Lacerda,Daniel Lacerda,Edgar Chairez,1,1,0.6153917857916087,1,0.5155038759689923,1,0.6729884303678495,1,0.9988890395413876
2024-02-24,UFC Fight Night: Moreno vs. Royval 2,Erik Silva vs. Muhammad Naimov,Erik Silva,Muhammad Naimov,0,1,0.6590716414696342,1,0.7138103161397671,1,0.6513068714426321,0,0.01723357438718384
2024-02-24,UFC Fight Night: Moreno vs. Royval 2,Jesus Aguilar vs. Mateus Mendonca,Jesus Aguilar,Mateus Mendonca,1,1,0.6592180741024218,1,0.6533892382948987,1,0.6716996138922928,1,0.6221093323564139
2024-02-24,UFC Fight Night: Moreno vs. Royval 2,Manuel Torres vs. Chris Duncan,Chris Duncan,Manuel Torres,1,1,0.6233069120118618,1,0.6533892382948987,1,0.6317879485160434,0,0.08416033124813363
2024-02-24,UFC Fight Night: Moreno vs. Royval 2,Ronaldo Rodriguez vs. Denys Bondar,Denys Bondar,Ronaldo Rodriguez,1,1,0.6609772412782758,1,0.7138103161397671,1,0.6611378777324416,1,0.812780820747332
2024-02-24,UFC Fight Night: Moreno vs. Royval 2,Victor Altamirano vs. Felipe dos Santos,Felipe dos Santos,Victor Altamirano,0,1,0.6197164901846587,1,0.6785009861932939,1,0.6164874119025182,0,0.006756550308151343
2024-02-24,UFC Fight Night: Moreno vs. Royval 2,Yair Rodriguez vs. Brian Ortega,Brian Ortega,Yair Rodriguez,0,1,0.6522753597909012,1,0.6533892382948987,1,0.5795778998757237,1,0.7778779076924298
2024-02-24,UFC Fight Night: Moreno vs. Royval 2,Yazmin Jauregui vs. Sam Hughes,Sam Hughes,Yazmin Jauregui,1,1,0.661301101966795,1,0.6533892382948987,1,0.6208205401584792,1,0.7675457785546643
2024-03-02,UFC Fight Night: Rozenstruik vs. Gaziev,Abdul-Kareem Al-Selwady vs. Loik Radzhabov,Abdul-Kareem Al-Selwady,Loik Radzhabov,0,1,0.6578892333100865,0,0.3902439024390244,1,0.6957014435798607,0,0.02803561466361269
2024-03-02,UFC Fight Night: Rozenstruik vs. Gaziev,Aiemann Zahabi vs. Javid Basharat,Aiemann Zahabi,Javid Basharat,1,1,0.6519123728081436,1,0.7138103161397671,1,0.6360319749053532,0,0.3997714268526979
2024-03-02,UFC Fight Night: Rozenstruik vs. Gaziev,Alex Perez vs. Muhammad Mokaev,Alex Perez,Muhammad Mokaev,0,1,0.7251221391006765,1,0.7138103161397671,1,0.748598972335342,1,0.999882367793397
2024-03-02,UFC Fight Night: Rozenstruik vs. Gaziev,Christian Leroy Duncan vs. Claudio Ribeiro,Christian Leroy Duncan,Claudio Ribeiro,1,1,0.6591973376936057,1,0.7376344086021506,1,0.6628638962006509,0,0.06677261498673931
2024-03-02,UFC Fight Night: Rozenstruik vs. Gaziev,Eryk Anders vs. Jamie Pickett,Eryk Anders,Jamie Pickett,1,1,0.6434289150774051,1,0.6779026217228464,1,0.5838392380794203,0,0.16478308608695907
2024-03-02,UFC Fight Night: Rozenstruik vs. Gaziev,Jairzinho Rozenstruik vs. Shamil Gaziev,Jairzinho Rozenstruik,Shamil Gaziev,1,1,0.5923256502157684,1,0.5155038759689923,1,0.5203289081511169,0,0.011785266403276689
2024-03-02,UFC Fight Night: Rozenstruik vs. Gaziev,Ludovit Klein vs. AJ Cunningham,AJ Cunningham,Ludovit Klein,1,1,0.6345086317207703,1,0.6785009861932939,1,0.5958767438620232,0,0.05372120884835004
2024-03-02,UFC Fight Night: Rozenstruik vs. Gaziev,Matt Schnell vs. Steve Erceg,Matt Schnell,Steve Erceg,0,1,0.667539040961878,1,0.5155038759689923,1,0.5778834018589798,0,0.06571160789869972
2024-03-02,UFC Fight Night: Rozenstruik vs. Gaziev,Umar Nurmagomedov vs. Bekzat Almakhan,Bekzat Almakhan,Umar Nurmagomedov,1,1,0.6442507031941453,1,0.6785009861932939,1,0.7271638163994741,1,0.9997875947142112
2024-03-02,UFC Fight Night: Rozenstruik vs. Gaziev,Vinicius Oliveira vs. Benardo Sopaj,Benardo Sopaj,Vinicius Oliveira,1,1,0.6532868319559297,1,0.6533892382948987,1,0.6881650273180072,1,0.7583964348391277
2024-03-02,UFC Fight Night: Rozenstruik vs. Gaziev,Vitor Petrino vs. Tyson Pedro,Tyson Pedro,Vitor Petrino,1,1,0.7228677409335997,1,0.5155038759689923,1,0.5571804370802637,1,0.9464432428392253
2024-03-09,UFC 299: O'Malley vs. Vera 2,CJ Vergara vs. Asu Almabayev,Asu Almabayev,CJ Vergara,0,1,0.6075815453158838,0,0.40298507462686567,1,0.6645349507189897,0,0.03282041913039385
2024-03-09,UFC 299: O'Malley vs. Vera 2,Curtis Blaydes vs. Jailton Almeida,Curtis Blaydes,Jailton Almeida,1,1,0.6537183414220561,1,0.7138103161397671,1,0.6706298679778168,1,0.9937983104428039
2024-03-09,UFC 299: O'Malley vs. Vera 2,Dustin Poirier vs. Benoit Saint Denis,Benoit Saint Denis,Dustin Poirier,1,1,0.6423872372237333,1,0.5833333333333334,0,0.4864850792630325,0,0.2878577048388648
2024-03-09,UFC 299: O'Malley vs. Vera 2,Gilbert Burns vs. Jack Della Maddalena,Gilbert Burns,Jack Della Maddalena,0,1,0.6583127287825554,0,0.4727272727272727,1,0.5352331534016223,1,0.6380778269917077
2024-03-09,UFC 299: O'Malley vs. Vera 2,Ion Cutelaba vs. Philipe Lins,Ion Cutelaba,Philipe Lins,0,1,0.6810032019760852,1,0.5155038759689923,1,0.6055760354609612,0,0.3422984908401939
2024-03-09,UFC 299: O'Malley vs. Vera 2,Joanne Wood vs. Maryna Moroz,Joanne Wood,Maryna Moroz,1,1,0.7190725353089434,1,0.7138103161397671,1,0.6842451384805984,1,0.9552730257832779
2024-03-09,UFC 299: O'Malley vs. Vera 2,Katlyn Cerminara vs. Maycee Barber,Katlyn Cerminara,Maycee Barber,0,1,0.6154838012002046,1,0.5155038759689923,1,0.5741862890360151,0,0.17781816967486475
2024-03-09,UFC 299: O'Malley vs. Vera 2,Kevin Holland vs. Michael Page,Kevin Holland,Michael Page,0,1,0.6795446297800359,1,0.5155038759689923,1,0.5863423556397886,1,0.99590111750351
2024-03-09,UFC 299: O'Malley vs. Vera 2,Mateusz Gamrot vs. Rafael Dos Anjos,Mateusz Gamrot,Rafael Dos Anjos,1,1,0.6092142850152392,0,0.40298507462686567,1,0.5297225915861726,1,0.6861643087286377
2024-03-09,UFC 299: O'Malley vs. Vera 2,Michel Pereira vs. Michal Oleksiejczuk,Michal Oleksiejczuk,Michel Pereira,1,1,0.6575403613647778,1,0.6533892382948987,1,0.6405317268864716,1,0.6188183136615575
2024-03-09,UFC 299: O'Malley vs. Vera 2,Pedro Munhoz vs. Kyler Phillips,Kyler Phillips,Pedro Munhoz,0,1,0.6509768370761738,1,0.5833333333333334,1,0.5729986147978119,0,0.18290080575463163
2024-03-09,UFC 299: O'Malley vs. Vera 2,Petr Yan vs. Song Yadong,Petr Yan,Song Yadong,1,1,0.6742797783173299,1,0.6533892382948987,1,0.636482511650613,0,0.09137869384967168
2024-03-09,UFC 299: O'Malley vs. Vera 2,Robelis Despaigne vs. Josh Parisian,Josh Parisian,Robelis Despaigne,1,1,0.6601771307736581,1,0.6779026217228464,1,0.6439511300459064,1,0.6577007581815784
2024-03-09,UFC 299: O'Malley vs. Vera 2,Sean O'Malley vs. Marlon Vera,Marlon Vera,Sean O'Malley,1,1,0.6262617302965362,1,0.5155038759689923,0,0.4849301952090438,0,0.03555329476250965
2024-03-16,UFC Fight Night: Tuivasa vs. Tybura,Charalampos Grigoriou vs. Chad Anheliger,Chad Anheliger,Charalampos Grigoriou,0,1,0.6600211229733894,1,0.7138103161397671,1,0.6643233387775088,1,0.938396576278606
2024-03-16,UFC Fight Night: Tuivasa vs. Tybura,Christian Rodriguez vs. Isaac Dulgarian,Christian Rodriguez,Isaac Dulgarian,1,1,0.6200785569466275,1,0.7376344086021506,1,0.6479965547576381,1,0.8846099127166107
2024-03-16,UFC Fight Night: Tuivasa vs. Tybura,Gerald Meerschaert vs. Bryan Barberena,Bryan Barberena,Gerald Meerschaert,1,1,0.6512350712717211,1,0.5155038759689923,1,0.5538723430207242,1,0.6666063559027605
2024-03-16,UFC Fight Night: Tuivasa vs. Tybura,Jafel Filho vs. Ode Osbourne,Jafel Filho,Ode Osbourne,1,1,0.6538395012153041,1,0.5833333333333334,1,0.6473640559560697,1,0.9778588649773309
2024-03-16,UFC Fight Night: Tuivasa vs. Tybura,Jaqueline Amorim vs. Cory McKenna,Cory McKenna,Jaqueline Amorim,1,1,0.6211745416020138,1,0.6533892382948987,1,0.6692623724975604,1,0.8475742022118057
2024-03-16,UFC Fight Night: Tuivasa vs. Tybura,Josh Culibao vs. Danny Silva,Danny Silva,Josh Culibao,0,1,0.6243414632294945,1,0.6785009861932939,1,0.6328775958017215,1,0.8953246787536809
2024-03-16,UFC Fight Night: Tuivasa vs. Tybura,Josiane Nunes vs. Chelsea Chandler,Chelsea Chandler,Josiane Nunes,0,1,0.6164342850165387,1,0.5833333333333334,1,0.6118700650145605,0,0.2835765815561372
2024-03-16,UFC Fight Night: Tuivasa vs. Tybura,Natan Levy vs. Mike Davis,Mike Davis,Natan Levy,0,1,0.6850049227235202,1,0.6533892382948987,1,0.6429726432973366,0,0.1754475719603221
2024-03-16,UFC Fight Night: Tuivasa vs. Tybura,Ovince Saint Preux vs. Kennedy Nzechukwu,Kennedy Nzechukwu,Ovince Saint Preux,1,1,0.6331659090312335,1,0.5833333333333334,1,0.5513948707805818,0,0.4312638767446547
2024-03-16,UFC Fight Night: Tuivasa vs. Tybura,Pannie Kianzad vs. Macy Chiasson,Macy Chiasson,Pannie Kianzad,0,1,0.6446560562319723,1,0.6533892382948987,1,0.6265243720350316,1,0.5923535119416972
2024-03-16,UFC Fight Night: Tuivasa vs. Tybura,Tai Tuivasa vs. Marcin Tybura,Marcin Tybura,Tai Tuivasa,0,1,0.6150957712937593,1,0.6779026217228464,1,0.6276550146617715,0,0.16245662946649697
2024-03-16,UFC Fight Night: Tuivasa vs. Tybura,Thiago Moises vs. Mitch Ramirez,Mitch Ramirez,Thiago Moises,1,1,0.6447904492823056,0,0.3902439024390244,1,0.6142121952014501,0,0.11301074699463225
2024-03-23,UFC Fight Night: Ribas vs. Namajunas,Amanda Ribas vs. Rose Namajunas,Amanda Ribas,Rose Namajunas,0,1,0.6511795269347789,1,0.5833333333333334,1,0.6092054698569189,1,0.7536708294774679
2024-03-23,UFC Fight Night: Ribas vs. Namajunas,Billy Quarantillo vs. Youssef Zalal,Billy Quarantillo,Youssef Zalal,0,1,0.7067030313559333,1,0.6533892382948987,1,0.6237714866543863,0,0.024673676998871415
2024-03-23,UFC Fight Night: Ribas vs. Namajunas,Edmen Shahbazyan vs. AJ Dobson,AJ Dobson,Edmen Shahbazyan,1,1,0.6551327573734264,1,0.5833333333333334,1,0.5779717327790629,1,0.9142856481941091
2024-03-23,UFC Fight Night: Ribas vs. Namajunas,Fernando Padilla vs. Luis Pajuelo,Fernando Padilla,Luis Pajuelo,1,1,0.6289109890669952,1,0.5155038759689923,1,0.6237837375777225,1,0.8015130881543199
2024-03-23,UFC Fight Night: Ribas vs. Namajunas,Igor Severino vs. Andre Lima,Andre Lima,Igor Severino,0,1,0.6532868319559297,1,0.6533892382948987,1,0.6881650273180072,1,0.7583964348391277
2024-03-23,UFC Fight Night: Ribas vs. Namajunas,Jarno Errens vs. Steven Nguyen,Jarno Errens,Steven Nguyen,1,1,0.7024727039844192,1,0.7138103161397671,1,0.6666419956009814,1,0.876938223387859
2024-03-23,UFC Fight Night: Ribas vs. Namajunas,Karl Williams vs. Justin Tafa,Justin Tafa,Karl Williams,1,1,0.6890196669050555,1,0.5155038759689923,1,0.6162677811086608,0,0.0024706260193394264
2024-03-23,UFC Fight Night: Ribas vs. Namajunas,Kurt Holobaugh vs. Trey Ogden,Kurt Holobaugh,Trey Ogden,0,1,0.7012489855465994,1,0.7138103161397671,1,0.6781262229511016,1,0.9543391736507074
2024-03-23,UFC Fight Night: Ribas vs. Namajunas,Miles Johns vs. Cody Gibson,Cody Gibson,Miles Johns,1,1,0.6592122237362623,1,0.6533892382948987,1,0.6315383385955169,1,0.8338540353136088
2024-03-23,UFC Fight Night: Ribas vs. Namajunas,Mohammed Usman vs. Mick Parkin,Mick Parkin,Mohammed Usman,0,1,0.6323484334197884,1,0.6533892382948987,1,0.643972271666413,1,0.7135052923045581
2024-03-23,UFC Fight Night: Ribas vs. Namajunas,Montse Rendon vs. Daria Zhelezniakova,Daria Zhelezniakova,Montse Rendon,0,1,0.7020993675012892,1,0.7376344086021506,1,0.6724196179049781,1,0.6183127972992941
2024-03-23,UFC Fight Night: Ribas vs. Namajunas,Payton Talbott vs. Cameron Saaiman,Cameron Saaiman,Payton Talbott,1,1,0.6443929854939738,1,0.7138103161397671,1,0.623368111516405,0,0.0007001748483473788
2024-03-23,UFC Fight Night: Ribas vs. Namajunas,Ricardo Ramos vs. Julian Erosa,Julian Erosa,Ricardo Ramos,0,1,0.6836723160414907,1,0.6533892382948987,1,0.634755250479294,0,0.2351274582019789
2024-03-30,UFC Fight Night: Blanchfield vs. Fiorot,Andre Petroski vs. Jacob Malkoun,Andre Petroski,Jacob Malkoun,0,1,0.6641067577599347,1,0.6533892382948987,1,0.6839671421316049,0,0.23711550350312968
2024-03-30,UFC Fight Night: Blanchfield vs. Fiorot,Angel Pacheco vs. Caolan Loughran,Angel Pacheco,Caolan Loughran,0,1,0.6347208797188888,1,0.6533892382948987,1,0.7108858089376323,1,0.8143766470123114
2024-03-30,UFC Fight Night: Blanchfield vs. Fiorot,Bill Algeo vs. Kyle Nelson,Bill Algeo,Kyle Nelson,0,1,0.6723214590140326,1,0.6533892382948987,1,0.6758459698991511,1,0.9302381337293693
2024-03-30,UFC Fight Night: Blanchfield vs. Fiorot,Chidi Njokuani vs. Rhys McKee,Chidi Njokuani,Rhys McKee,1,1,0.6934727832103817,1,0.6533892382948987,1,0.6538145920634683,1,0.6808675855427362
2024-03-30,UFC Fight Night: Blanchfield vs. Fiorot,Chris Weidman vs. Bruno Silva,Bruno Silva,Chris Weidman,1,1,0.6611321217672299,1,0.5833333333333334,1,0.6413781470842913,1,0.6370959533300932
2024-03-30,UFC Fight Night: Blanchfield vs. Fiorot,Dennis Buzukja vs. Connor Matthews,Connor Matthews,Dennis Buzukja,1,1,0.6551812274020191,1,0.6533892382948987,1,0.6567360221218225,1,0.6138331462255023
2024-03-30,UFC Fight Night: Blanchfield vs. Fiorot,Erin Blanchfield vs. Manon Fiorot,Erin Blanchfield,Manon Fiorot,0,1,0.6465637149904832,1,0.6533892382948987,1,0.6455372230257703,0,0.3760518627966245
2024-03-30,UFC Fight Night: Blanchfield vs. Fiorot,Ibo Aslan vs. Anton Turkalj,Anton Turkalj,Ibo Aslan,1,1,0.6824602555778614,1,0.7138103161397671,1,0.7292554242649637,1,0.8583894061352144
2024-03-30,UFC Fight Night: Blanchfield vs. Fiorot,Julio Arce vs. Herbert Burns,Herbert Burns,Julio Arce,1,1,0.6807566180821875,1,0.6533892382948987,1,0.6414704263736868,1,0.9616928409219705
2024-03-30,UFC Fight Night: Blanchfield vs. Fiorot,Nate Landwehr vs. Jamall Emmers,Jamall Emmers,Nate Landwehr,1,1,0.6714345381323417,1,0.7138103161397671,1,0.6623871823469052,0,0.4718889148604484
2024-03-30,UFC Fight Night: Blanchfield vs. Fiorot,Nursulton Ruziboev vs. Sedriques Dumas,Nursulton Ruziboev,Sedriques Dumas,1,1,0.6718627590677549,1,0.5833333333333334,1,0.6205204592021215,1,0.9987276788307351
2024-03-30,UFC Fight Night: Blanchfield vs. Fiorot,Vicente Luque vs. Joaquin Buckley,Joaquin Buckley,Vicente Luque,0,1,0.628344802207235,1,0.6533892382948987,1,0.6409215843877757,1,0.5811508542890009
2024-03-30,UFC Fight Night: Blanchfield vs. Fiorot,Virna Jandiroba vs. Loopy Godinez,Loopy Godinez,Virna Jandiroba,1,1,0.6745200728877316,1,0.6533892382948987,1,0.64673531207436,1,0.5020305656349779
2024-04-06,UFC Fight Night: Allen vs. Curtis 2,Alexander Hernandez vs. Damon Jackson,Alexander Hernandez,Damon Jackson,0,1,0.6427445579191741,1,0.5155038759689923,1,0.5885375409825802,1,0.8092969411688941
2024-04-06,UFC Fight Night: Allen vs. Curtis 2,Brendan Allen vs. Chris Curtis,Brendan Allen,Chris Curtis,1,1,0.6345452191351978,1,0.6779026217228464,1,0.5891381581560488,1,0.9160181094555411
2024-04-06,UFC Fight Night: Allen vs. Curtis 2,Court McGee vs. Alex Morono,Alex Morono,Court McGee,0,1,0.6582926805814948,1,0.5833333333333334,1,0.6248314939457978,1,0.543197468918953
2024-04-06,UFC Fight Night: Allen vs. Curtis 2,Dan Argueta vs. Jean Matsumoto,Dan Argueta,Jean Matsumoto,0,1,0.6349375328783671,1,0.7138103161397671,1,0.703733556884241,1,0.9394988421203129
2024-04-06,UFC Fight Night: Allen vs. Curtis 2,Dylan Budka vs. Cesar Almeida,Cesar Almeida,Dylan Budka,0,1,0.6532868319559297,1,0.6533892382948987,1,0.6881650273180072,1,0.7583964348391277
2024-04-06,UFC Fight Night: Allen vs. Curtis 2,Ignacio Bahamondes vs. Christos Giagos,Christos Giagos,Ignacio Bahamondes,1,1,0.6412307186809015,1,0.6779026217228464,1,0.594061926162618,1,0.6782580315537794
2024-04-06,UFC Fight Night: Allen vs. Curtis 2,Melissa Mullins vs. Nora Cornolle,Melissa Mullins,Nora Cornolle,0,1,0.7728126995390426,1,0.7138103161397671,1,0.6726995205075621,1,0.999999702646948
2024-04-06,UFC Fight Night: Allen vs. Curtis 2,Morgan Charriere vs. Chepe Mariscal,Chepe Mariscal,Morgan Charriere,0,1,0.6254446307786824,1,0.6533892382948987,1,0.6567152649301209,0,0.23245485253575165
2024-04-06,UFC Fight Night: Allen vs. Curtis 2,Norma Dumont vs. Germaine de Randamie,Germaine de Randamie,Norma Dumont,1,1,0.6527324100140863,1,0.5155038759689923,1,0.6108880997456017,1,0.7438153460954018
2024-04-06,UFC Fight Night: Allen vs. Curtis 2,Pedro Falcao vs. Victor Hugo,Pedro Falcao,Victor Hugo,0,1,0.6532868319559297,1,0.6533892382948987,1,0.6881650273180072,1,0.7583964348391277
2024-04-06,UFC Fight Night: Allen vs. Curtis 2,Trevor Peek vs. Charlie Campbell,Charlie Campbell,Trevor Peek,0,1,0.6729123037300191,1,0.7376344086021506,1,0.6724486393079783,1,0.9677949475843854
2024-04-06,UFC Fight Night: Allen vs. Curtis 2,Valter Walker vs. Lukasz Brzeski,Lukasz Brzeski,Valter Walker,0,1,0.6862402866010281,1,0.7138103161397671,1,0.6748521986047469,1,0.9373738908923662
2024-04-13,UFC 300: Pereira vs. Hill,Alex Pereira vs. Jamahal Hill,Alex Pereira,Jamahal Hill,1,1,0.6392350538270847,1,0.6533892382948987,1,0.6626083750558079,0,0.007125092418864402
2024-04-13,UFC 300: Pereira vs. Hill,Bo Nickal vs. Cody Brundage,Bo Nickal,Cody Brundage,1,1,0.6999401278472943,1,0.7138103161397671,1,0.6833473436463109,1,0.8353715378012607
2024-04-13,UFC 300: Pereira vs. Hill,Calvin Kattar vs. Aljamain Sterling,Aljamain Sterling,Calvin Kattar,0,1,0.6786659805955624,1,0.6779026217228464,1,0.5841000822962945,1,0.921745425976957
2024-04-13,UFC 300: Pereira vs. Hill,Charles Oliveira vs. Arman Tsarukyan,Arman Tsarukyan,Charles Oliveira,0,1,0.628474367893206,0,0.40298507462686567,0,0.4710610286976115,1,0.703570433276047
2024-04-13,UFC 300: Pereira vs. Hill,Deiveson Figueiredo vs. Cody Garbrandt,Cody Garbrandt,Deiveson Figueiredo,1,1,0.6493809532312672,1,0.5155038759689923,1,0.6446375846572048,1,0.9819881891975565
2024-04-13,UFC 300: Pereira vs. Hill,Holly Holm vs. Kayla Harrison,Holly Holm,Kayla Harrison,0,1,0.6790967320932622,0,0.4727272727272727,1,0.6170923417607383,1,0.9899300902569113
2024-04-13,UFC 300: Pereira vs. Hill,Jalin Turner vs. Renato Moicano,Jalin Turner,Renato Moicano,0,1,0.6906600629020436,1,0.7138103161397671,1,0.6711354775021579,1,0.9560118236629718
2024-04-13,UFC 300: Pereira vs. Hill,Jessica Andrade vs. Marina Rodriguez,Jessica Andrade,Marina Rodriguez,1,1,0.624981466187675,1,0.5155038759689923,1,0.5154303569612236,1,0.7341568801504111
2024-04-13,UFC 300: Pereira vs. Hill,Jiri Prochazka vs. Aleksandar Rakic,Aleksandar Rakic,Jiri Prochazka,1,1,0.6452265180172997,1,0.6779026217228464,1,0.5782191832752593,1,0.9844125571996086
2024-04-13,UFC 300: Pereira vs. Hill,Justin Gaethje vs. Max Holloway,Justin Gaethje,Max Holloway,0,1,0.6703827346331538,1,0.5833333333333334,1,0.5606423904285847,0,0.1643587717360481
2024-04-13,UFC 300: Pereira vs. Hill,King Green vs. Jim Miller,Jim Miller,King Green,1,1,0.6581895473739274,1,0.5155038759689923,0,0.4362784254932942,1,0.6539202425201127
2024-04-13,UFC 300: Pereira vs. Hill,Sodiq Yusuff vs. Diego Lopes,Diego Lopes,Sodiq Yusuff,0,1,0.6928324996444376,1,0.7138103161397671,1,0.6830254347676694,1,0.9994441479479453
2024-04-13,UFC 300: Pereira vs. Hill,Zhang Weili vs. Yan Xiaonan,Yan Xiaonan,Zhang Weili,1,1,0.6730778398597278,1,0.6533892382948987,1,0.6620219387491014,1,0.9682843778006119
2024-04-27,UFC Fight Night: Nicolau vs. Perez,Ariane da Silva vs. Karine Silva,Ariane da Silva,Karine Silva,0,1,0.6436086041097039,1,0.5155038759689923,1,0.5448768401175812,1,0.9869635257212734
2024-04-27,UFC Fight Night: Nicolau vs. Perez,Austen Lane vs. Jhonata Diniz,Austen Lane,Jhonata Diniz,0,1,0.6971179301583221,1,0.7138103161397671,1,0.7811940773842161,1,0.6429651957289291
2024-04-27,UFC Fight Night: Nicolau vs. Perez,Austin Hubbard vs. Michal Figlak,Austin Hubbard,Michal Figlak,1,1,0.7077301724516983,1,0.7138103161397671,1,0.6968992983249724,1,0.9869257239136201
2024-04-27,UFC Fight Night: Nicolau vs. Perez,Don'Tale Mayes vs. Caio Machado,Caio Machado,Don'Tale Mayes,1,1,0.6995003177201946,1,0.5833333333333334,1,0.6558284848166653,1,0.5756472014939655
2024-04-27,UFC Fight Night: Nicolau vs. Perez,Gabriel Benitez vs. Maheshate,Gabriel Benitez,Maheshate,0,1,0.6855065961331811,1,0.7708333333333334,1,0.6224593628933747,1,0.9991107608639092
2024-04-27,UFC Fight Night: Nicolau vs. Perez,Ivana Petrovic vs. Liang Na,Ivana Petrovic,Liang Na,1,1,0.6142057162159291,1,0.5833333333333334,1,0.6053364703962926,1,0.928755971981097
2024-04-27,UFC Fight Night: Nicolau vs. Perez,James Llontop vs. Chris Padilla,Chris Padilla,James Llontop,0,1,0.6532868319559297,1,0.6533892382948987,1,0.6881650273180072,1,0.7583964348391277
2024-04-27,UFC Fight Night: Nicolau vs. Perez,Jonathan Pearce vs. David Onama,David Onama,Jonathan Pearce,0,1,0.6741025377279127,1,0.6533892382948987,1,0.5869716389180561,0,0.1536495309360073
2024-04-27,UFC Fight Night: Nicolau vs. Perez,Marnic Mann vs. Ketlen Souza,Ketlen Souza,Marnic Mann,0,1,0.6755668303338409,1,0.6533892382948987,1,0.6545649363874076,1,0.9512306371419122
2024-04-27,UFC Fight Night: Nicolau vs. Perez,Matheus Nicolau vs. Alex Perez,Alex Perez,Matheus Nicolau,0,1,0.6361633774115856,1,0.6533892382948987,1,0.6279817831462774,0,0.2724043155530432
2024-04-27,UFC Fight Night: Nicolau vs. Perez,Rani Yahya vs. Victor Henry,Rani Yahya,Victor Henry,0,1,0.6151992863771293,1,0.6779026217228464,1,0.5925947810624119,1,0.9999923872841676
2024-04-27,UFC Fight Night: Nicolau vs. Perez,Ryan Spann vs. Bogdan Guskov,Bogdan Guskov,Ryan Spann,0,1,0.6773062409706584,1,0.6785009861932939,1,0.6316352223598777,0,0.17848131687988245
2024-04-27,UFC Fight Night: Nicolau vs. Perez,Tim Means vs. Uros Medic,Tim Means,Uros Medic,0,1,0.6452019661867814,1,0.5155038759689923,0,0.4511116185033493,1,0.9163276727203435
2024-05-04,UFC 301: Pantoja vs. Erceg,Alessandro Costa vs. Kevin Borjas,Alessandro Costa,Kevin Borjas,1,1,0.7438854557895944,1,0.7138103161397671,1,0.6477303850249713,1,0.8548757055202102
2024-05-04,UFC 301: Pantoja vs. Erceg,Alexandre Pantoja vs. Steve Erceg,Alexandre Pantoja,Steve Erceg,1,1,0.6570822433048706,1,0.5155038759689923,1,0.5968894681291325,1,0.8526599401957154
2024-05-04,UFC 301: Pantoja vs. Erceg,Anthony Smith vs. Vitor Petrino,Anthony Smith,Vitor Petrino,1,1,0.7461960255000556,1,0.5155038759689923,0,0.4824127297775256,0,1.1936575361935845e-05
2024-05-04,UFC 301: Pantoja vs. Erceg,Dione Barbosa vs. Ernesta Kareckaite,Dione Barbosa,Ernesta Kareckaite,1,1,0.6532868319559297,1,0.6533892382948987,1,0.6881650273180072,1,0.7583964348391277
2024-05-04,UFC 301: Pantoja vs. Erceg,Elves Brener vs. Myktybek Orolbai,Elves Brener,Myktybek Orolbai,0,1,0.7210316896717089,1,0.7376344086021506,1,0.7247402952865531,1,0.9746041903089689
2024-05-04,UFC 301: Pantoja vs. Erceg,Ismael Bonfim vs. Vinc Pichel,Ismael Bonfim,Vinc Pichel,1,1,0.6905053162199607,1,0.5833333333333334,1,0.6120965225833802,0,0.1411159098635729
2024-05-04,UFC 301: Pantoja vs. Erceg,Jack Shore vs. Joanderson Brito,Jack Shore,Joanderson Brito,0,1,0.6732060590453076,1,0.6533892382948987,1,0.6546456994972161,1,0.932869887680122
2024-05-04,UFC 301: Pantoja vs. Erceg,Joaquim Silva vs. Drakkar Klose,Drakkar Klose,Joaquim Silva,0,1,0.6686177380785212,1,0.6533892382948987,1,0.6540856912741014,1,0.6601476715190202
2024-05-04,UFC 301: Pantoja vs. Erceg,Jose Aldo vs. Jonathan Martinez,Jonathan Martinez,Jose Aldo,1,1,0.6549102502963267,1,0.5833333333333334,1,0.5931682156390796,1,0.9065381162587984
2024-05-04,UFC 301: Pantoja vs. Erceg,Karolina Kowalkiewicz vs. Iasmin Lucindo,Iasmin Lucindo,Karolina Kowalkiewicz,0,1,0.6041840594161313,1,0.5833333333333334,1,0.5882669266329058,0,0.18278218108196645
2024-05-04,UFC 301: Pantoja vs. Erceg,Mauricio Ruffy vs. Jamie Mullarkey,Jamie Mullarkey,Mauricio Ruffy,1,1,0.6587474213132356,0,0.4727272727272727,1,0.6361483763211214,1,0.9911278166975852
2024-05-04,UFC 301: Pantoja vs. Erceg,Michel Pereira vs. Ihor Potieria,Ihor Potieria,Michel Pereira,1,1,0.6608726041146419,1,0.7376344086021506,1,0.679561279147678,1,0.8179215303310667
2024-05-04,UFC 301: Pantoja vs. Erceg,Paul Craig vs. Caio Borralho,Caio Borralho,Paul Craig,0,1,0.6274987025508176,1,0.5833333333333334,1,0.6344923013225409,1,0.6102691544229869
2024-05-11,UFC Fight Night: Lewis vs. Nascimento,Alex Caceres vs. Sean Woodson,Alex Caceres,Sean Woodson,0,1,0.669771075391756,1,0.5155038759689923,1,0.548084225693476,1,0.6480939811798239
2024-05-11,UFC Fight Night: Lewis vs. Nascimento,Alonzo Menifield vs. Carlos Ulberg,Alonzo Menifield,Carlos Ulberg,0,1,0.6131288142606823,1,0.6779026217228464,1,0.579295081488334,0,0.31185379732516005
2024-05-11,UFC Fight Night: Lewis vs. Nascimento,Billy Ray Goff vs. Trey Waters,Billy Ray Goff,Trey Waters,0,1,0.6393394329649639,1,0.7376344086021506,1,0.6414641059644381,0,0.4256382742454035
2024-05-11,UFC Fight Night: Lewis vs. Nascimento,Charles Johnson vs. Jake Hadley,Charles Johnson,Jake Hadley,1,1,0.67511570712533,1,0.6533892382948987,1,0.6646036856984875,1,0.9921518939915577
2024-05-11,UFC Fight Night: Lewis vs. Nascimento,Chase Hooper vs. Viacheslav Borshchev,Chase Hooper,Viacheslav Borshchev,1,1,0.6544754382616786,1,0.6533892382948987,1,0.6977316920421367,1,0.9983293915463396
2024-05-11,UFC Fight Night: Lewis vs. Nascimento,Derrick Lewis vs. Rodrigo Nascimento,Derrick Lewis,Rodrigo Nascimento,1,1,0.6815803573021896,1,0.5155038759689923,0,0.4926679049686798,1,0.5411249698260244
2024-05-11,UFC Fight Night: Lewis vs. Nascimento,Diego Ferreira vs. Mateusz Rebecki,Diego Ferreira,Mateusz Rebecki,1,1,0.6485248664985112,1,0.5155038759689923,1,0.6206698813334691,1,0.8564765012579152
2024-05-11,UFC Fight Night: Lewis vs. Nascimento,JJ Aldrich vs. Veronica Hardy,JJ Aldrich,Veronica Hardy,0,1,0.6443360928136229,1,0.5155038759689923,1,0.5662491797983111,1,0.6394640920144707
2024-05-11,UFC Fight Night: Lewis vs. Nascimento,Joaquin Buckley vs. Nursulton Ruziboev,Joaquin Buckley,Nursulton Ruziboev,1,1,0.6178823095928191,1,0.5155038759689923,1,0.5728878086671034,0,0.34520051222103076
2024-05-11,UFC Fight Night: Lewis vs. Nascimento,Tabatha Ricci vs. Tecia Pennington,Tabatha Ricci,Tecia Pennington,1,1,0.6347125012179161,1,0.7138103161397671,1,0.6127513383144456,1,0.9701854748432964
2024-05-11,UFC Fight Night: Lewis vs. Nascimento,Terrance McKinney vs. Esteban Ribovics,Esteban Ribovics,Terrance McKinney,0,1,0.6660973488500699,1,0.6533892382948987,1,0.6261795147857525,1,0.8112214511511195
2024-05-11,UFC Fight Night: Lewis vs. Nascimento,Waldo Cortes Acosta vs. Robelis Despaigne,Robelis Despaigne,Waldo Cortes Acosta,1,1,0.6120630161276785,1,0.5833333333333334,1,0.6108081989727062,0,0.048026441894620714
2024-05-18,UFC Fight Night: Barboza vs. Murphy,Abus Magomedov vs. Warlley Alves,Abus Magomedov,Warlley Alves,1,1,0.6684048769228088,1,0.5833333333333334,1,0.6257093575967768,0,0.398951094697305
2024-05-18,UFC Fight Night: Barboza vs. Murphy,Adrian Yanez vs. Vinicius Salvador,Adrian Yanez,Vinicius Salvador,1,1,0.7005330260949423,1,0.7138103161397671,1,0.7031096749719709,1,0.999180722744915
2024-05-18,UFC Fight Night: Barboza vs. Murphy,Alatengheili vs. Kleydson Rodrigues,Alatengheili,Kleydson Rodrigues,1,1,0.6629209305091114,1,0.6533892382948987,1,0.6831025746258184,1,0.9995078544325469
2024-05-18,UFC Fight Night: Barboza vs. Murphy,Edson Barboza vs. Lerone Murphy,Edson Barboza,Lerone Murphy,0,1,0.6752599883490834,1,0.5155038759689923,0,0.40710360080829233,0,0.01509413139713932
2024-05-18,UFC Fight Night: Barboza vs. Murphy,Khaos Williams vs. Carlston Harris,Carlston Harris,Khaos Williams,1,1,0.6312406280662501,1,0.5833333333333334,1,0.6090636136847939,1,0.6539426139115811
2024-05-18,UFC Fight Night: Barboza vs. Murphy,Luana Pinheiro vs. Angela Hill,Angela Hill,Luana Pinheiro,0,1,0.708368655386462,1,0.5155038759689923,1,0.5240790091692586,1,0.7140744860592256
2024-05-18,UFC Fight Night: Barboza vs. Murphy,Oumar Sy vs. Tuco Tokkos,Oumar Sy,Tuco Tokkos,1,1,0.6532868319559297,1,0.6533892382948987,1,0.6881650273180072,1,0.7583964348391277
2024-05-18,UFC Fight Night: Barboza vs. Murphy,Piera Rodriguez vs. Ariane Carnelossi,Ariane Carnelossi,Piera Rodriguez,0,1,0.6327087232105857,1,0.6533892382948987,1,0.5673684321505553,1,0.602540338019329
2024-05-18,UFC Fight Night: Barboza vs. Murphy,Tamires Vidal vs. Melissa Gatto,Melissa Gatto,Tamires Vidal,0,1,0.6059105691506878,1,0.6533892382948987,1,0.6158020804595228,0,0.2545238673227719
2024-05-18,UFC Fight Night: Barboza vs. Murphy,Themba Gorimbo vs. Ramiz Brahimaj,Ramiz Brahimaj,Themba Gorimbo,1,1,0.6780587809737462,1,0.6533892382948987,1,0.6418881954098443,0,0.40412754847680366
2024-05-18,UFC Fight Night: Barboza vs. Murphy,Vanessa Demopoulos vs. Emily Ducote,Emily Ducote,Vanessa Demopoulos,1,1,0.6694265969783204,1,0.6533892382948987,1,0.6221341527133825,1,0.8776194336978103
2024-05-18,UFC Fight Night: Barboza vs. Murphy,Victor Martinez vs. Tom Nolan,Tom Nolan,Victor Martinez,0,1,0.6502334006614101,1,0.6533892382948987,1,0.721971083644996,1,0.9003635116502468
2024-06-01,UFC 302: Makhachev vs. Poirier,Ailin Perez vs. Joselyne Edwards,Ailin Perez,Joselyne Edwards,1,1,0.624650765091353,0,0.40298507462686567,1,0.554267109885831,1,0.8800563335345284
2024-06-01,UFC 302: Makhachev vs. Poirier,Cesar Almeida vs. Roman Kopylov,Cesar Almeida,Roman Kopylov,0,1,0.6282108713693487,1,0.5833333333333334,1,0.6342183133681701,0,0.020122816214914227
2024-06-01,UFC 302: Makhachev vs. Poirier,Grant Dawson vs. Joe Solecki,Grant Dawson,Joe Solecki,1,1,0.6593646857447756,1,0.7138103161397671,1,0.6488959319931578,1,0.9961610292044026
2024-06-01,UFC 302: Makhachev vs. Poirier,Islam Makhachev vs. Dustin Poirier,Dustin Poirier,Islam Makhachev,1,1,0.6718296613476445,1,0.5155038759689923,1,0.5153909048006197,1,0.7182862957656553
2024-06-01,UFC 302: Makhachev vs. Poirier,Jailton Almeida vs. Alexandr Romanov,Alexandr Romanov,Jailton Almeida,1,1,0.7152330673656528,1,0.7138103161397671,1,0.7730526965619062,1,0.7543598931505772
2024-06-01,UFC 302: Makhachev vs. Poirier,Kevin Holland vs. Michal Oleksiejczuk,Kevin Holland,Michal Oleksiejczuk,1,1,0.6387127734009785,1,0.5155038759689923,1,0.5801431776407869,1,0.6035394699239526
2024-06-01,UFC 302: Makhachev vs. Poirier,Mickey Gall vs. Bassil Hafez,Bassil Hafez,Mickey Gall,0,1,0.6194099195082539,1,0.6785009861932939,1,0.6601485455065931,1,0.9979254644326087
2024-06-01,UFC 302: Makhachev vs. Poirier,Mitch Raposo vs. Andre Lima,Andre Lima,Mitch Raposo,0,1,0.6577445514605338,1,0.6533892382948987,1,0.6816570096427126,0,0.47114327731658034
2024-06-01,UFC 302: Makhachev vs. Poirier,Niko Price vs. Alex Morono,Alex Morono,Niko Price,1,1,0.6300382213608426,1,0.5155038759689923,1,0.5740753482219594,1,0.6407769031246761
2024-06-01,UFC 302: Makhachev vs. Poirier,Phil Rowe vs. Jake Matthews,Jake Matthews,Phil Rowe,0,1,0.6737684180685237,1,0.5155038759689923,1,0.5722399715019708,1,0.7045889185539254
2024-06-01,UFC 302: Makhachev vs. Poirier,Randy Brown vs. Elizeu Zaleski dos Santos,Elizeu Zaleski dos Santos,Randy Brown,1,1,0.665895552288699,1,0.5833333333333334,1,0.6261711710076102,1,0.5103201486386884
2024-06-01,UFC 302: Makhachev vs. Poirier,Sean Strickland vs. Paulo Costa,Paulo Costa,Sean Strickland,1,1,0.6637027344699533,1,0.5833333333333334,1,0.6042686177084738,1,0.9468334192088322
2024-06-08,UFC Fight Night: Cannonier vs. Imavov,Andrea Lee vs. Montana De La Rosa,Andrea Lee,Montana De La Rosa,0,1,0.6317319420402067,1,0.6533892382948987,1,0.6193858243597783,1,0.9515311617163366
2024-06-08,UFC Fight Night: Cannonier vs. Imavov,Brad Katona vs. Jesse Butler,Brad Katona,Jesse Butler,1,1,0.6035284260621696,1,0.6779026217228464,1,0.6274771560080582,1,0.999329410668053
2024-06-08,UFC Fight Night: Cannonier vs. Imavov,Brunno Ferreira vs. Dustin Stoltzfus,Brunno Ferreira,Dustin Stoltzfus,1,1,0.6544192806992485,1,0.5833333333333334,1,0.6030962198462628,0,0.35651668737855846
2024-06-08,UFC Fight Night: Cannonier vs. Imavov,Charles Radtke vs. Carlos Prates,Carlos Prates,Charles Radtke,0,1,0.6223085291877323,1,0.6533892382948987,1,0.5943425137815681,0,0.2640554270547236
2024-06-08,UFC Fight Night: Cannonier vs. Imavov,Cody Stamann vs. Taylor Lapilus,Cody Stamann,Taylor Lapilus,0,1,0.6475668648315861,1,0.5155038759689923,1,0.5894405205134109,0,0.2701344947027679
2024-06-08,UFC Fight Night: Cannonier vs. Imavov,Dominick Reyes vs. Dustin Jacoby,Dominick Reyes,Dustin Jacoby,1,1,0.6341594259176007,1,0.5155038759689923,1,0.5918164363041564,1,0.9227397081619522
2024-06-08,UFC Fight Night: Cannonier vs. Imavov,Eduarda Moura vs. Denise Gomes,Denise Gomes,Eduarda Moura,0,1,0.596170313292849,1,0.5155038759689923,1,0.5675005809798921,0,0.3120744733390626
2024-06-08,UFC Fight Night: Cannonier vs. Imavov,Jared Cannonier vs. Nassourdine Imavov,Jared Cannonier,Nassourdine Imavov,0,1,0.6448227516431942,1,0.5155038759689923,1,0.6230908562631977,0,0.053193068131609185
2024-06-08,UFC Fight Night: Cannonier vs. Imavov,John Castaneda vs. Daniel Marcos,Daniel Marcos,John Castaneda,0,1,0.6011392247615385,1,0.5833333333333334,1,0.5978815125954821,1,0.5509220299221562
2024-06-08,UFC Fight Night: Cannonier vs. Imavov,Julian Marquez vs. Zach Reese,Julian Marquez,Zach Reese,0,1,0.6170654730911053,1,0.5155038759689923,1,0.6319672096594054,0,0.27399601503661675
2024-06-08,UFC Fight Night: Cannonier vs. Imavov,Miguel Baeza vs. Punahele Soriano,Miguel Baeza,Punahele Soriano,0,1,0.6842941595966379,1,0.7138103161397671,1,0.6742319147967133,1,0.6127458906611288
2024-06-08,UFC Fight Night: Cannonier vs. Imavov,Raul Rosas Jr. vs. Ricky Turcios,Raul Rosas Jr.,Ricky Turcios,1,1,0.737096600276601,1,0.7138103161397671,1,0.6607855197650306,1,0.9014319356471105
2024-06-08,UFC Fight Night: Cannonier vs. Imavov,Rayanne dos Santos vs. Puja Tomar,Puja Tomar,Rayanne dos Santos,0,1,0.6591787985735122,1,0.6533892382948987,1,0.6440988482269093,0,0.15453784537584014
2024-06-08,UFC Fight Night: Cannonier vs. Imavov,Thiago Moises vs. Ludovit Klein,Ludovit Klein,Thiago Moises,0,1,0.6593377527897727,1,0.6533892382948987,1,0.6535473997745274,1,0.7401465117561016
2024-06-15,UFC Fight Night: Perez vs. Taira,Alex Perez vs. Tatsuro Taira,Alex Perez,Tatsuro Taira,0,1,0.6764215711800646,1,0.6533892382948987,1,0.7003891683713214,1,0.7568479815995242
2024-06-15,UFC Fight Night: Perez vs. Taira,Asu Almabayev vs. Jose Johnson,Asu Almabayev,Jose Johnson,1,1,0.6073951800107608,1,0.6533892382948987,1,0.6751827081397104,0,0.18747609667193502
2024-06-15,UFC Fight Night: Perez vs. Taira,Brady Hiestand vs. Garrett Armfield,Brady Hiestand,Garrett Armfield,1,1,0.6217844573953788,1,0.6533892382948987,1,0.6432610137357333,1,0.9897568124907405
2024-06-15,UFC Fight Night: Perez vs. Taira,Carli Judice vs. Gabriella Fernandes,Carli Judice,Gabriella Fernandes,0,1,0.6000177952064232,1,0.6785009861932939,1,0.6259218912277137,1,0.9846848056959352
2024-06-15,UFC Fight Night: Perez vs. Taira,Douglas Silva de Andrade vs. Miles Johns,Douglas Silva de Andrade,Miles Johns,0,1,0.685534688702348,1,0.6533892382948987,1,0.6367649932322694,0,0.1510645328406315
2024-06-15,UFC Fight Night: Perez vs. Taira,Jeka Saragih vs. Westin Wilson,Jeka Saragih,Westin Wilson,0,1,0.6704032991005207,1,0.7138103161397671,1,0.7471232757266418,1,0.998474034330608
2024-06-15,UFC Fight Night: Perez vs. Taira,Jimmy Flick vs. Nate Maness,Jimmy Flick,Nate Maness,0,1,0.6301548467661625,1,0.6785009861932939,1,0.6242339880154261,0,0.42982579700248225
2024-06-15,UFC Fight Night: Perez vs. Taira,Josefine Knutsson vs. Julia Polastri,Josefine Knutsson,Julia Polastri,1,1,0.6996497100305297,1,1.0,1,0.7754100509221822,1,0.999017381626757
2024-06-15,UFC Fight Night: Perez vs. Taira,Josh Quinlan vs. Adam Fugitt,Adam Fugitt,Josh Quinlan,0,1,0.6526425267034056,1,0.6533892382948987,1,0.6622221383405447,1,0.8109635980920347
2024-06-15,UFC Fight Night: Perez vs. Taira,Melquizael Costa vs. Shayilan Nuerdanbieke,Melquizael Costa,Shayilan Nuerdanbieke,1,1,0.7191767100761748,1,0.6533892382948987,1,0.6717110067587209,1,0.7095952938999405
2024-06-15,UFC Fight Night: Perez vs. Taira,Timmy Cuamba vs. Lucas Almeida,Lucas Almeida,Timmy Cuamba,0,1,0.6909562940284126,1,0.6533892382948987,1,0.6547263422041008,0,0.12758809201814061
2024-06-22,UFC Fight Night: Whittaker vs. Aliskerov,Johnny Walker vs. Volkan Oezdemir,Johnny Walker,Volkan Oezdemir,0,1,0.6380001093458424,1,0.6533892382948987,1,0.6399744147795713,0,0.3247593908002892
2024-06-22,UFC Fight Night: Whittaker vs. Aliskerov,Kelvin Gastelum vs. Daniel Rodriguez,Daniel Rodriguez,Kelvin Gastelum,1,1,0.6696462617363058,1,0.5833333333333334,1,0.5924304779908665,0,0.2293355858935717
2024-06-22,UFC Fight Night: Whittaker vs. Aliskerov,Kyung Ho Kang vs. Muin Gafurov,Kyung Ho Kang,Muin Gafurov,0,1,0.6459896126679174,1,0.6779026217228464,1,0.5893090833519283,0,0.4682954927850093
2024-06-22,UFC Fight Night: Whittaker vs. Aliskerov,Magomed Gadzhiyasulov vs. Brendson Ribeiro,Brendson Ribeiro,Magomed Gadzhiyasulov,1,1,0.6979059139319568,1,0.7138103161397671,1,0.7370280499726429,1,0.7331816702720922
2024-06-22,UFC Fight Night: Whittaker vs. Aliskerov,Muhammad Naimov vs. Felipe Lima,Felipe Lima,Muhammad Naimov,0,1,0.6431480205809084,1,0.6785009861932939,1,0.6434954389609532,1,0.5662058432326266
2024-06-22,UFC Fight Night: Whittaker vs. Aliskerov,Nasrat Haqparast vs. Jared Gordon,Jared Gordon,Nasrat Haqparast,1,1,0.6787224452076522,1,0.6533892382948987,1,0.6499762171666765,0,0.10246618330489905
2024-06-22,UFC Fight Night: Whittaker vs. Aliskerov,Rinat Fakhretdinov vs. Nicolas Dalby,Nicolas Dalby,Rinat Fakhretdinov,1,1,0.6783432060338294,1,0.5155038759689923,1,0.6575764466731012,1,0.9975628710824757
2024-06-22,UFC Fight Night: Whittaker vs. Aliskerov,Robert Whittaker vs. Ikram Aliskerov,Ikram Aliskerov,Robert Whittaker,1,1,0.6645982603490478,1,0.5833333333333334,0,0.44263018244394886,0,0.16313710432491868
2024-06-22,UFC Fight Night: Whittaker vs. Aliskerov,Sergei Pavlovich vs. Alexander Volkov,Alexander Volkov,Sergei Pavlovich,0,1,0.7013160553768891,1,0.7138103161397671,1,0.6364781202717876,1,0.5842074540370609
2024-06-22,UFC Fight Night: Whittaker vs. Aliskerov,Shara Magomedov vs. Antonio Trocoli,Antonio Trocoli,Shara Magomedov,1,1,0.6122966045698813,1,0.6533892382948987,1,0.6569347296074882,0,0.011731608973349848
2024-06-22,UFC Fight Night: Whittaker vs. Aliskerov,Xiao Long vs. ChangHo Lee,ChangHo Lee,Xiao Long,0,1,0.6532868319559297,1,0.6533892382948987,1,0.6881650273180072,1,0.7583964348391277
2024-06-29,UFC 303: Pereira vs. Prochazka 2,Alex Pereira vs. Jiri Prochazka,Alex Pereira,Jiri Prochazka,1,1,0.6653373601322077,1,0.5155038759689923,1,0.5863748111110654,1,0.9836197258359969
2024-06-29,UFC 303: Pereira vs. Prochazka 2,Andrei Arlovski vs. Martin Buday,Andrei Arlovski,Martin Buday,0,1,0.6718876615618639,1,0.5155038759689923,0,0.4480945981685309,0,0.3249822924257605
2024-06-29,UFC 303: Pereira vs. Prochazka 2,Anthony Smith vs. Roman Dolidze,Anthony Smith,Roman Dolidze,0,1,0.6842027349117956,1,0.5155038759689923,1,0.5645113232533199,0,0.023436559768169784
2024-06-29,UFC 303: Pereira vs. Prochazka 2,Charles Jourdain vs. Jean Silva,Charles Jourdain,Jean Silva,0,1,0.6801639776138583,1,0.5155038759689923,1,0.6582303463810355,0,0.15045035404149393
2024-06-29,UFC 303: Pereira vs. Prochazka 2,Cub Swanson vs. Andre Fili,Andre Fili,Cub Swanson,0,1,0.6142022315248831,1,0.6785009861932939,1,0.6140556619228594,1,0.8887440641993654
2024-06-29,UFC 303: Pereira vs. Prochazka 2,Dan Ige vs. Diego Lopes,Dan Ige,Diego Lopes,0,1,0.6049036860633418,1,0.5155038759689923,1,0.6210709470332527,1,0.9832539053323476
2024-06-29,UFC 303: Pereira vs. Prochazka 2,Ian Machado Garry vs. Michael Page,Ian Machado Garry,Michael Page,1,1,0.6308680785601698,1,0.7708333333333334,1,0.5920435829978714,1,0.899396629712329
2024-06-29,UFC 303: Pereira vs. Prochazka 2,Joe Pyfer vs. Marc-Andre Barriault,Joe Pyfer,Marc-Andre Barriault,1,1,0.6262535680116299,1,0.6785009861932939,1,0.6150560140043514,1,0.9633930612969246
2024-06-29,UFC 303: Pereira vs. Prochazka 2,Mayra Bueno Silva vs. Macy Chiasson,Macy Chiasson,Mayra Bueno Silva,0,1,0.5914062510181526,1,0.6533892382948987,1,0.6439455022425363,1,0.9289212341128806
2024-06-29,UFC 303: Pereira vs. Prochazka 2,Michelle Waterson-Gomez vs. Gillian Robertson,Gillian Robertson,Michelle Waterson-Gomez,0,1,0.6684515886654645,1,0.6533892382948987,1,0.6358643733168098,1,0.5603179192177203
2024-06-29,UFC 303: Pereira vs. Prochazka 2,Payton Talbott vs. Yanis Ghemmouri,Payton Talbott,Yanis Ghemmouri,1,1,0.6819494211503644,1,0.6533892382948987,1,0.6690295771408372,0,0.2747934811361312
2024-06-29,UFC 303: Pereira vs. Prochazka 2,Rei Tsuruya vs. Carlos Hernandez,Carlos Hernandez,Rei Tsuruya,1,1,0.6676437737348647,1,0.7138103161397671,1,0.6579324209522666,1,0.8538988008034526
2024-06-29,UFC 303: Pereira vs. Prochazka 2,Ricky Simon vs. Vinicius Oliveira,Ricky Simon,Vinicius Oliveira,0,1,0.6744502311221077,0,0.4727272727272727,1,0.5658507096568006,0,0.34371802382200584
2024-07-13,UFC Fight Night: Namajunas vs. Cortez,Drew Dober vs. Jean Silva,Drew Dober,Jean Silva,0,1,0.6672246698791213,1,0.5155038759689923,1,0.6367882132929434,0,0.4452385287404017
2024-07-13,UFC Fight Night: Namajunas vs. Cortez,Evan Elder vs. Darrius Flowers,Darrius Flowers,Evan Elder,1,1,0.6659985378836026,1,0.6533892382948987,1,0.6480186223556291,1,0.8800248586344185
2024-07-13,UFC Fight Night: Namajunas vs. Cortez,Gabriel Bonfim vs. Ange Loosa,Ange Loosa,Gabriel Bonfim,1,1,0.6669596929927349,1,0.6533892382948987,1,0.6525439437091172,1,0.9179795712523713
2024-07-13,UFC Fight Night: Namajunas vs. Cortez,Jasmine Jasudavicius vs. Fatima Kline,Fatima Kline,Jasmine Jasudavicius,1,1,0.64941638458569,0,0.3902439024390244,1,0.6166303846571113,0,0.018282433596609284
2024-07-13,UFC Fight Night: Namajunas vs. Cortez,Josh Fremd vs. Andre Petroski,Andre Petroski,Josh Fremd,0,1,0.649180469837577,1,0.6533892382948987,1,0.6438466957078067,0,0.02042041439724543
2024-07-13,UFC Fight Night: Namajunas vs. Cortez,Joshua Van vs. Charles Johnson,Charles Johnson,Joshua Van,0,1,0.6770080861314183,1,0.6533892382948987,1,0.614409209907759,1,0.9643934075167677
2024-07-13,UFC Fight Night: Namajunas vs. Cortez,Julian Erosa vs. Christian Rodriguez,Christian Rodriguez,Julian Erosa,1,1,0.6531582972966234,1,0.5833333333333334,1,0.6274017669735957,0,0.44769848968062886
2024-07-13,UFC Fight Night: Namajunas vs. Cortez,Luana Santos vs. Mariya Agapova,Luana Santos,Mariya Agapova,1,1,0.68446649584533,1,0.7376344086021506,1,0.6972978797770369,1,0.9980443243996252
2024-07-13,UFC Fight Night: Namajunas vs. Cortez,Montel Jackson vs. Da'Mon Blackshear,Da'Mon Blackshear,Montel Jackson,1,1,0.6728071252681617,1,0.6533892382948987,1,0.5898718565704799,0,0.48697313976640927
2024-07-13,UFC Fight Night: Namajunas vs. Cortez,Rose Namajunas vs. Tracy Cortez,Rose Namajunas,Tracy Cortez,1,1,0.6823088883232253,1,0.7138103161397671,1,0.648614039888614,0,0.2879310770363115
2024-07-13,UFC Fight Night: Namajunas vs. Cortez,Santiago Ponzinibbio vs. Muslim Salikhov,Muslim Salikhov,Santiago Ponzinibbio,0,1,0.6837101217665397,1,0.5833333333333334,1,0.6263540503633239,1,0.992214332250478
2024-07-20,UFC Fight Night: Lemos vs. Jandiroba,Amanda Lemos vs. Virna Jandiroba,Amanda Lemos,Virna Jandiroba,0,1,0.6756494714130507,1,0.6533892382948987,1,0.6831128377570065,0,0.4646970552451074
2024-07-20,UFC Fight Night: Lemos vs. Jandiroba,Brian Kelleher vs. Cody Gibson,Brian Kelleher,Cody Gibson,0,1,0.6573314769707208,1,0.5155038759689923,1,0.5702563301931708,0,0.11296309275548345
2024-07-20,UFC Fight Night: Lemos vs. Jandiroba,Cody Durden vs. Bruno Silva,Bruno Silva,Cody Durden,0,1,0.6848933314842766,1,0.5155038759689923,1,0.5448518609848028,1,0.6417558685881033
2024-07-20,UFC Fight Night: Lemos vs. Jandiroba,Dooho Choi vs. Bill Algeo,Bill Algeo,Dooho Choi,1,1,0.6421203583641838,1,0.6533892382948987,1,0.6209198369219586,1,0.5278913531492536
2024-07-20,UFC Fight Night: Lemos vs. Jandiroba,JeongYeong Lee vs. Hyder Amil,Hyder Amil,JeongYeong Lee,0,1,0.6832047361722265,1,0.7138103161397671,1,0.6985587051150709,1,0.9996999190396838
2024-07-20,UFC Fight Night: Lemos vs. Jandiroba,Kurt Holobaugh vs. Kaynan Kruschewsky,Kaynan Kruschewsky,Kurt Holobaugh,1,1,0.6202856045165334,1,0.6785009861932939,1,0.6301547747249656,0,0.30323574492384886
2024-07-20,UFC Fight Night: Lemos vs. Jandiroba,Loik Radzhabov vs. Trey Ogden,Loik Radzhabov,Trey Ogden,0,1,0.67341775864607,1,0.7138103161397671,1,0.6672518678641652,1,0.9974247912869104
2024-07-20,UFC Fight Night: Lemos vs. Jandiroba,Luana Carolina vs. Lucie Pudilova,Luana Carolina,Lucie Pudilova,1,1,0.6917037640601468,1,0.6533892382948987,1,0.6515829652762124,1,0.6077496845191311
2024-07-20,UFC Fight Night: Lemos vs. Jandiroba,Miranda Maverick vs. Dione Barbosa,Dione Barbosa,Miranda Maverick,1,1,0.6426207496913402,0,0.40298507462686567,1,0.5868235799163755,1,0.8388902918506453
2024-07-20,UFC Fight Night: Lemos vs. Jandiroba,Mohammed Usman vs. Thomas Petersen,Mohammed Usman,Thomas Petersen,0,1,0.5985501321387552,1,0.6533892382948987,1,0.6739288650825043,0,0.2761980346456634
2024-07-20,UFC Fight Night: Lemos vs. Jandiroba,Steve Garcia vs. SeungWoo Choi,SeungWoo Choi,Steve Garcia,1,1,0.6442862412134575,1,0.6533892382948987,1,0.6539162704549463,1,0.5559681133196444
2024-07-27,UFC 304: Edwards vs. Muhammad 2,Arnold Allen vs. Giga Chikadze,Arnold Allen,Giga Chikadze,1,1,0.6676398349464048,1,0.6533892382948987,1,0.6337850291296214,1,0.8655930956813355
2024-07-27,UFC 304: Edwards vs. Muhammad 2,Christian Leroy Duncan vs. Gregory Rodrigues,Christian Leroy Duncan,Gregory Rodrigues,0,1,0.6758306624641294,1,0.6533892382948987,1,0.6579620231032413,1,0.7449912301384938
2024-07-27,UFC 304: Edwards vs. Muhammad 2,Jake Hadley vs. Caolan Loughran,Caolan Loughran,Jake Hadley,1,1,0.6629786019443279,1,0.7138103161397671,1,0.6423242893231216,1,0.7499353288446146
2024-07-27,UFC 304: Edwards vs. Muhammad 2,King Green vs. Paddy Pimblett,King Green,Paddy Pimblett,0,1,0.6762481273753772,1,0.5155038759689923,1,0.5814958758167258,1,0.9453288093082133
2024-07-27,UFC 304: Edwards vs. Muhammad 2,Leon Edwards vs. Belal Muhammad,Belal Muhammad,Leon Edwards,0,1,0.6353613303854851,1,0.6533892382948987,1,0.6373750605600369,1,0.5910484751991943
2024-07-27,UFC 304: Edwards vs. Muhammad 2,Mick Parkin vs. Lukasz Brzeski,Lukasz Brzeski,Mick Parkin,1,1,0.6963642337757787,1,0.6533892382948987,1,0.6708327566261916,1,0.7183241462089844
2024-07-27,UFC 304: Edwards vs. Muhammad 2,Modestas Bukauskas vs. Marcin Prachnio,Marcin Prachnio,Modestas Bukauskas,1,1,0.6595898065237912,1,0.6533892382948987,1,0.6506342356535474,1,0.9810136606988238
2024-07-27,UFC 304: Edwards vs. Muhammad 2,Molly McCann vs. Bruna Brasil,Bruna Brasil,Molly McCann,0,1,0.6508021122335741,1,0.5833333333333334,1,0.6308967433081668,1,0.5472955264174646
2024-07-27,UFC 304: Edwards vs. Muhammad 2,Muhammad Mokaev vs. Manel Kape,Manel Kape,Muhammad Mokaev,1,1,0.7205997836470235,1,0.6533892382948987,1,0.7081999889465556,1,0.9999995528893443
2024-07-27,UFC 304: Edwards vs. Muhammad 2,Nathaniel Wood vs. Daniel Pineda,Daniel Pineda,Nathaniel Wood,1,1,0.630729677695684,1,0.6533892382948987,1,0.6094399016667776,0,0.30650506960127977
2024-07-27,UFC 304: Edwards vs. Muhammad 2,Oban Elliott vs. Preston Parsons,Oban Elliott,Preston Parsons,1,1,0.6954447561353809,1,0.6533892382948987,1,0.7277701041947623,1,0.9999906654170544
2024-07-27,UFC 304: Edwards vs. Muhammad 2,Sam Patterson vs. Kiefer Crosbie,Kiefer Crosbie,Sam Patterson,1,1,0.6611088549302885,1,0.7376344086021506,1,0.7330553948753475,1,0.9849309203610455
2024-07-27,UFC 304: Edwards vs. Muhammad 2,Shauna Bannon vs. Alice Ardelean,Alice Ardelean,Shauna Bannon,1,1,0.6129033898973079,1,0.6533892382948987,1,0.6729643884770762,1,0.9864174123665178
2024-07-27,UFC 304: Edwards vs. Muhammad 2,Tom Aspinall vs. Curtis Blaydes,Curtis Blaydes,Tom Aspinall,1,1,0.6411389784237332,1,0.7376344086021506,1,0.7030633159174442,0,0.17517343384455134
2024-08-03,UFC Fight Night: Sandhagen vs. Nurmagomedov,Azamat Murzakanov vs. Alonzo Menifield,Alonzo Menifield,Azamat Murzakanov,1,1,0.6750271713588183,1,0.6533892382948987,1,0.630317763852909,1,0.722722655208126
2024-08-03,UFC Fight Night: Sandhagen vs. Nurmagomedov,Cory Sandhagen vs. Umar Nurmagomedov,Cory Sandhagen,Umar Nurmagomedov,0,1,0.6731956321320505,1,0.5155038759689923,1,0.6588984550542778,1,0.6226016665271881
2024-08-03,UFC Fight Night: Sandhagen vs. Nurmagomedov,Guram Kutateladze vs. Jordan Vucenic,Guram Kutateladze,Jordan Vucenic,1,1,0.6645936302413156,1,0.6533892382948987,1,0.6709750483247139,1,0.8222870511507336
2024-08-03,UFC Fight Night: Sandhagen vs. Nurmagomedov,Jai Herbert vs. Rolando Bedoya,Jai Herbert,Rolando Bedoya,1,1,0.637075427735097,1,0.7138103161397671,1,0.6498799120864458,1,0.98223659526931
2024-08-03,UFC Fight Night: Sandhagen vs. Nurmagomedov,Joel Alvarez vs. Elves Brener,Elves Brener,Joel Alvarez,1,1,0.6237797712335542,1,0.6533892382948987,1,0.6166250417752202,0,0.11124939449515643
2024-08-03,UFC Fight Night: Sandhagen vs. Nurmagomedov,Mackenzie Dern vs. Loopy Godinez,Loopy Godinez,Mackenzie Dern,1,1,0.6608864984495848,1,0.6533892382948987,1,0.6394991683357616,0,0.036576925319536525
2024-08-03,UFC Fight Night: Sandhagen vs. Nurmagomedov,Marlon Vera vs. Deiveson Figueiredo,Deiveson Figueiredo,Marlon Vera,0,1,0.6618288015110481,1,0.5833333333333334,1,0.6177823070193303,1,0.802502627783348
2024-08-03,UFC Fight Night: Sandhagen vs. Nurmagomedov,Mohammad Yahya vs. Kaue Fernandes,Kaue Fernandes,Mohammad Yahya,0,1,0.649128974749502,1,0.6533892382948987,1,0.6552700762705659,1,0.7232577576771339
2024-08-03,UFC Fight Night: Sandhagen vs. Nurmagomedov,Sedriques Dumas vs. Denis Tiuliulin,Denis Tiuliulin,Sedriques Dumas,1,1,0.6655421685936429,1,0.6533892382948987,1,0.5980194701006348,0,0.01616148516657318
2024-08-03,UFC Fight Night: Sandhagen vs. Nurmagomedov,Shamil Gaziev vs. Don'Tale Mayes,Don'Tale Mayes,Shamil Gaziev,1,1,0.6598363624908092,1,0.6533892382948987,1,0.6349270903109128,1,0.9569686731756804
2024-08-03,UFC Fight Night: Sandhagen vs. Nurmagomedov,Shara Magomedov vs. Michal Oleksiejczuk,Michal Oleksiejczuk,Shara Magomedov,1,1,0.6460692321380944,1,0.5155038759689923,1,0.6257856011210571,1,0.9528976397811834
2024-08-03,UFC Fight Night: Sandhagen vs. Nurmagomedov,Tony Ferguson vs. Michael Chiesa,Michael Chiesa,Tony Ferguson,0,1,0.62183176261399,1,0.6533892382948987,1,0.6260214400659565,1,0.9994087028602329
2024-08-03,UFC Fight Night: Sandhagen vs. Nurmagomedov,Viktoriia Dudakova vs. Sam Hughes,Sam Hughes,Viktoriia Dudakova,0,1,0.6868373114791245,1,0.7138103161397671,1,0.5979399897008493,1,0.6490369811849951
2024-08-10,UFC Fight Night: Tybura vs. Spivac 2,Chris Gutierrez vs. Quang Le,Chris Gutierrez,Quang Le,1,1,0.6820893489580317,0,0.0,1,0.6767312570680384,1,0.9984926200755727
2024-08-10,UFC Fight Night: Tybura vs. Spivac 2,Damon Jackson vs. Chepe Mariscal,Chepe Mariscal,Damon Jackson,0,1,0.59939030475504,1,0.5833333333333334,1,0.5852421842703999,0,0.04329696733925522
2024-08-10,UFC Fight Night: Tybura vs. Spivac 2,Danny Barlow vs. Nikolay Veretennikov,Danny Barlow,Nikolay Veretennikov,1,1,0.6602477731999722,1,0.6533892382948987,1,0.7006036568612664,1,0.9096906512204397
2024-08-10,UFC Fight Night: Tybura vs. Spivac 2,Jhonata Diniz vs. Karl Williams,Jhonata Diniz,Karl Williams,1,1,0.7380409180512373,1,0.7376344086021506,1,0.7673848506084129,1,0.9999960872910196
2024-08-10,UFC Fight Night: Tybura vs. Spivac 2,Karol Rosa vs. Pannie Kianzad,Karol Rosa,Pannie Kianzad,1,1,0.6641886400493424,1,0.6533892382948987,1,0.6393949643590716,0,0.2964700145354842
2024-08-10,UFC Fight Night: Tybura vs. Spivac 2,Marcin Tybura vs. Serghei Spivac,Marcin Tybura,Serghei Spivac,0,1,0.6461823835656166,1,0.5155038759689923,1,0.5891563159815195,1,0.8787169781124634
2024-08-10,UFC Fight Night: Tybura vs. Spivac 2,Stephanie Luciano vs. Talita Alencar,Stephanie Luciano,Talita Alencar,1,1,0.6445158267248747,1,0.6533892382948987,1,0.6263234495952472,1,0.9981856569434375
2024-08-10,UFC Fight Night: Tybura vs. Spivac 2,Toshiomi Kazama vs. Charalampos Grigoriou,Charalampos Grigoriou,Toshiomi Kazama,1,1,0.6016839244845713,1,0.6533892382948987,1,0.6849032965121176,1,0.9360432551477897
2024-08-10,UFC Fight Night: Tybura vs. Spivac 2,Yana Santos vs. Chelsea Chandler,Chelsea Chandler,Yana Santos,1,1,0.6334332553156764,1,0.6785009861932939,1,0.6053292904350267,1,0.9610794793331081
2024-08-10,UFC Fight Night: Tybura vs. Spivac 2,Youssef Zalal vs. Jarno Errens,Jarno Errens,Youssef Zalal,1,1,0.7091488551931975,1,0.7138103161397671,1,0.6190192416773247,1,0.6157137327605386
2024-08-17,UFC 305: Du Plessis vs. Adesanya,Casey O'Neill vs. Luana Santos,Casey O'Neill,Luana Santos,1,1,0.6473809464222082,1,0.6533892382948987,1,0.6019094152187254,1,0.9843510274537292
2024-08-17,UFC 305: Du Plessis vs. Adesanya,Dricus Du Plessis vs. Israel Adesanya,Dricus Du Plessis,Israel Adesanya,1,1,0.6244954713474932,1,0.5833333333333334,1,0.6162181493782697,0,0.4762991698225715
2024-08-17,UFC 305: Du Plessis vs. Adesanya,Jack Jenkins vs. Herbert Burns,Herbert Burns,Jack Jenkins,1,1,0.676506049428232,1,0.6533892382948987,1,0.6505639385838726,0,0.11978294055867825
2024-08-17,UFC 305: Du Plessis vs. Adesanya,Josh Culibao vs. Ricardo Ramos,Josh Culibao,Ricardo Ramos,0,1,0.6977990618244296,1,0.7376344086021506,1,0.6650137649827681,0,0.1327294955658973
2024-08-17,UFC 305: Du Plessis vs. Adesanya,Junior Tafa vs. Valter Walker,Junior Tafa,Valter Walker,0,1,0.720021271668166,1,0.7376344086021506,1,0.7483022795973722,1,0.9676411151482336
2024-08-17,UFC 305: Du Plessis vs. Adesanya,Kai Kara-France vs. Steve Erceg,Kai Kara-France,Steve Erceg,1,1,0.6483140453736396,1,0.6533892382948987,1,0.6162900919860691,1,0.9686625875485892
2024-08-17,UFC 305: Du Plessis vs. Adesanya,Li Jingliang vs. Carlos Prates,Carlos Prates,Li Jingliang,0,1,0.6147826738036617,1,0.5833333333333334,1,0.5465376994810923,0,0.2988744958741728
2024-08-17,UFC 305: Du Plessis vs. Adesanya,Mateusz Gamrot vs. Dan Hooker,Dan Hooker,Mateusz Gamrot,0,1,0.6863393435633591,1,0.5155038759689923,1,0.6110118347573147,0,0.019910861295127015
2024-08-17,UFC 305: Du Plessis vs. Adesanya,Song Kenan vs. Ricky Glenn,Ricky Glenn,Song Kenan,1,1,0.6603391331741311,1,0.6533892382948987,1,0.6436222464914734,1,0.7509448503550795
2024-08-17,UFC 305: Du Plessis vs. Adesanya,Stewart Nicoll vs. Jesus Aguilar,Jesus Aguilar,Stewart Nicoll,0,1,0.6754623952044074,1,0.7138103161397671,1,0.7524606193025518,1,0.9994929400733825
2024-08-17,UFC 305: Du Plessis vs. Adesanya,Tai Tuivasa vs. Jairzinho Rozenstruik,Jairzinho Rozenstruik,Tai Tuivasa,0,1,0.6429515437009189,1,0.5833333333333334,1,0.6091557683851427,1,0.862085694540217
2024-08-17,UFC 305: Du Plessis vs. Adesanya,Tom Nolan vs. Alex Reyes,Alex Reyes,Tom Nolan,1,1,0.6686212252738811,1,0.6533892382948987,1,0.6335323433617235,1,0.7828983571670793
2024-08-24,UFC Fight Night: Cannonier vs. Borralho,Angela Hill vs. Tabatha Ricci,Angela Hill,Tabatha Ricci,0,1,0.6955024960325809,1,0.5155038759689923,1,0.5833180595745616,0,0.001101268506294251
2024-08-24,UFC Fight Night: Cannonier vs. Borralho,Dennis Buzukja vs. Francis Marshall,Dennis Buzukja,Francis Marshall,0,1,0.6810617810505853,1,0.6533892382948987,1,0.6611834895635005,1,0.9973565660475
2024-08-24,UFC Fight Night: Cannonier vs. Borralho,Edmen Shahbazyan vs. Gerald Meerschaert,Edmen Shahbazyan,Gerald Meerschaert,0,1,0.6514539901337565,1,0.5833333333333334,1,0.6498447263500804,1,0.7550239888283996
2024-08-24,UFC Fight Night: Cannonier vs. Borralho,Jacqueline Cavalcanti vs. Josiane Nunes,Jacqueline Cavalcanti,Josiane Nunes,1,1,0.6317413659496787,1,0.5833333333333334,1,0.6185966299701,1,0.7997372717921443
2024-08-24,UFC Fight Night: Cannonier vs. Borralho,Jared Cannonier vs. Caio Borralho,Caio Borralho,Jared Cannonier,0,1,0.6095298866174399,1,0.5833333333333334,1,0.6279123524158042,1,0.9998311108017448
2024-08-24,UFC Fight Night: Cannonier vs. Borralho,Kaan Ofli vs. Mairon Santos,Kaan Ofli,Mairon Santos,0,1,0.6532868319559297,1,0.6533892382948987,1,0.6881650273180072,1,0.7583964348391277
2024-08-24,UFC Fight Night: Cannonier vs. Borralho,Neil Magny vs. Michael Morales,Michael Morales,Neil Magny,0,1,0.6603822380045584,1,0.5833333333333334,1,0.6641531023608738,0,0.007656057954221112
2024-08-24,UFC Fight Night: Cannonier vs. Borralho,Robert Valentin vs. Ryan Loder,Robert Valentin,Ryan Loder,0,1,0.6532868319559297,1,0.6533892382948987,1,0.6881650273180072,1,0.7583964348391277
2024-08-24,UFC Fight Night: Cannonier vs. Borralho,Viacheslav Borshchev vs. James Llontop,James Llontop,Viacheslav Borshchev,1,1,0.6932257152489636,1,0.7138103161397671,1,0.6417101450282477,0,0.023583325662181007
2024-08-24,UFC Fight Night: Cannonier vs. Borralho,Wang Cong vs. Victoria Leonardo,Victoria Leonardo,Wang Cong,1,1,0.6639157347835665,1,0.7138103161397671,1,0.6500888471207764,1,0.9554162639556228
2024-08-24,UFC Fight Night: Cannonier vs. Borralho,Zach Reese vs. Jose Daniel Medina,Jose Daniel Medina,Zach Reese,1,1,0.6052320434965797,1,0.6785009861932939,1,0.7282839504848594,0,0.35815776817554734
2024-09-07,UFC Fight Night: Burns vs. Brady,Andre Petroski vs. Dylan Budka,Andre Petroski,Dylan Budka,1,1,0.6213729768312204,1,0.5155038759689923,1,0.6552820615055639,1,0.9327364978167207
2024-09-07,UFC Fight Night: Burns vs. Brady,Felipe dos Santos vs. Andre Lima,Andre Lima,Felipe dos Santos,0,1,0.6489158859162413,1,0.6533892382948987,1,0.6313920613971948,1,0.5414319153935505
2024-09-07,UFC Fight Night: Burns vs. Brady,Gilbert Burns vs. Sean Brady,Gilbert Burns,Sean Brady,0,1,0.6811031780974277,1,0.5155038759689923,1,0.5785248434501596,0,0.13502112608814645
2024-09-07,UFC Fight Night: Burns vs. Brady,Isaac Dulgarian vs. Brendon Marotte,Brendon Marotte,Isaac Dulgarian,1,1,0.6838033654683994,1,0.7376344086021506,1,0.7707201054977596,0,0.10316750032757162
2024-09-07,UFC Fight Night: Burns vs. Brady,Jaqueline Amorim vs. Vanessa Demopoulos,Jaqueline Amorim,Vanessa Demopoulos,1,1,0.694900903147035,1,0.6533892382948987,1,0.7731666365511783,0,0.2816328969190182
2024-09-07,UFC Fight Night: Burns vs. Brady,Jessica Andrade vs. Natalia Silva,Jessica Andrade,Natalia Silva,0,1,0.6418040496572746,1,0.6779026217228464,0,0.4779341510714477,1,0.9979311598761057
2024-09-07,UFC Fight Night: Burns vs. Brady,Matt Schnell vs. Cody Durden,Cody Durden,Matt Schnell,0,1,0.6391930959536213,1,0.7138103161397671,1,0.6549875255128886,0,0.4496722855593971
2024-09-07,UFC Fight Night: Burns vs. Brady,Rongzhu vs. Chris Padilla,Chris Padilla,Rongzhu,0,1,0.6553281742223168,1,0.6533892382948987,1,0.6437670846441857,0,3.4143237165225436e-07
2024-09-07,UFC Fight Night: Burns vs. Brady,Steve Garcia vs. Kyle Nelson,Kyle Nelson,Steve Garcia,1,1,0.6683801069328025,1,0.7376344086021506,1,0.6303892397293018,1,0.6419925212280344
2024-09-07,UFC Fight Night: Burns vs. Brady,Trevor Peek vs. Yanal Ashmouz,Trevor Peek,Yanal Ashmouz,0,1,0.6814555016764589,1,0.7138103161397671,1,0.6872772070426727,1,0.985108179315449
2024-09-07,UFC Fight Night: Burns vs. Brady,Yizha vs. Gabriel Santos,Gabriel Santos,Yizha,0,1,0.7006508801785736,1,0.7138103161397671,1,0.6547439640343492,1,0.9989824231263718
2024-09-07,UFC Fight Night: Burns vs. Brady,Zygimantas Ramaska vs. Nathan Fletcher,Nathan Fletcher,Zygimantas Ramaska,0,1,0.6532868319559297,1,0.6533892382948987,1,0.6881650273180072,1,0.7583964348391277
2024-09-14,UFC 306: Riyadh Season Noche UFC,Alexa Grasso vs. Valentina Shevchenko,Alexa Grasso,Valentina Shevchenko,0,1,0.6586230999442444,1,0.6533892382948987,1,0.6429942859604003,0,0.20246419016582298
2024-09-14,UFC 306: Riyadh Season Noche UFC,Brian Ortega vs. Diego Lopes,Brian Ortega,Diego Lopes,0,1,0.6069094727570639,1,0.5155038759689923,1,0.6144297496936512,0,0.3691689463110816
2024-09-14,UFC 306: Riyadh Season Noche UFC,Daniel Zellhuber vs. Esteban Ribovics,Daniel Zellhuber,Esteban Ribovics,0,1,0.6632676468161052,1,0.7376344086021506,1,0.6639929355189279,1,0.8859680441752791
2024-09-14,UFC 306: Riyadh Season Noche UFC,Edgar Chairez vs. Joshua Van,Edgar Chairez,Joshua Van,0,1,0.6364173262964912,1,0.7376344086021506,1,0.6510713218722427,1,0.9801955813263656
2024-09-14,UFC 306: Riyadh Season Noche UFC,Irene Aldana vs. Norma Dumont,Irene Aldana,Norma Dumont,0,1,0.6780665636411498,1,0.6533892382948987,1,0.6043343827696144,1,0.993142696515521
2024-09-14,UFC 306: Riyadh Season Noche UFC,Manuel Torres vs. Ignacio Bahamondes,Ignacio Bahamondes,Manuel Torres,0,1,0.6389999167236908,1,0.5155038759689923,1,0.6036835928148474,1,0.9640680201976501
2024-09-14,UFC 306: Riyadh Season Noche UFC,Raul Rosas Jr. vs. Aoriqileng,Aoriqileng,Raul Rosas Jr.,1,1,0.673565931711144,1,0.6533892382948987,1,0.6678848184260816,0,0.008567131402563386
2024-09-14,UFC 306: Riyadh Season Noche UFC,Ronaldo Rodriguez vs. Ode Osbourne,Ode Osbourne,Ronaldo Rodriguez,1,1,0.7334674343131077,1,0.5155038759689923,1,0.5872567757238796,1,0.9988948869832501
2024-09-14,UFC 306: Riyadh Season Noche UFC,Sean O'Malley vs. Merab Dvalishvili,Merab Dvalishvili,Sean O'Malley,0,1,0.5643261214519582,1,0.6533892382948987,1,0.5093542166555343,0,0.05732994130976852
2024-09-14,UFC 306: Riyadh Season Noche UFC,Yazmin Jauregui vs. Ketlen Souza,Ketlen Souza,Yazmin Jauregui,0,1,0.6423854247065406,1,0.6533892382948987,1,0.6607194927790903,1,0.7756153251156329
2024-09-28,UFC Fight Night: Moicano vs. Saint Denis,Ailin Perez vs. Daria Zhelezniakova,Ailin Perez,Daria Zhelezniakova,1,1,0.645295193147716,1,0.6533892382948987,1,0.6520808017516648,1,0.6662448097301719
2024-09-28,UFC Fight Night: Moicano vs. Saint Denis,Bolaji Oki vs. Chris Duncan,Bolaji Oki,Chris Duncan,0,1,0.6586790696728196,1,0.6785009861932939,1,0.6513442307491267,1,0.637242433381588
2024-09-28,UFC Fight Night: Moicano vs. Saint Denis,Daniel Barez vs. Victor Altamirano,Daniel Barez,Victor Altamirano,1,1,0.6735474549556983,1,0.5833333333333334,1,0.6296557477258552,0,0.16753810598223176
2024-09-28,UFC Fight Night: Moicano vs. Saint Denis,Fares Ziam vs. Matt Frevola,Fares Ziam,Matt Frevola,1,1,0.6567450615267209,1,0.6533892382948987,1,0.6342603178542511,1,0.9992603511653129
2024-09-28,UFC Fight Night: Moicano vs. Saint Denis,Ion Cutelaba vs. Ivan Erslan,Ion Cutelaba,Ivan Erslan,1,1,0.6779468779261774,1,0.6779026217228464,1,0.6544572278334524,1,0.746580308523624
2024-09-28,UFC Fight Night: Moicano vs. Saint Denis,Kevin Jousset vs. Bryan Battle,Bryan Battle,Kevin Jousset,0,1,0.6409573804484363,1,0.6533892382948987,1,0.6169561258878885,1,0.5202131636643258
2024-09-28,UFC Fight Night: Moicano vs. Saint Denis,Ludovit Klein vs. Roosevelt Roberts,Ludovit Klein,Roosevelt Roberts,1,1,0.6634454924826493,1,0.6533892382948987,1,0.658761500564702,1,0.7132974013635798
2024-09-28,UFC Fight Night: Moicano vs. Saint Denis,Morgan Charriere vs. Gabriel Miranda,Gabriel Miranda,Morgan Charriere,1,1,0.6295883334260649,1,0.6533892382948987,1,0.6492132643323503,1,0.9505801775760979
2024-09-28,UFC Fight Night: Moicano vs. Saint Denis,Nassourdine Imavov vs. Brendan Allen,Brendan Allen,Nassourdine Imavov,1,1,0.6256272479199895,1,0.5155038759689923,1,0.5813036265980052,0,0.4367762777152953
2024-09-28,UFC Fight Night: Moicano vs. Saint Denis,Nora Cornolle vs. Jacqueline Cavalcanti,Jacqueline Cavalcanti,Nora Cornolle,0,1,0.7215879381811792,1,0.6533892382948987,1,0.633636392396721,1,0.9999724750259869
2024-09-28,UFC Fight Night: Moicano vs. Saint Denis,Oumar Sy vs. Da Woon Jung,Da Woon Jung,Oumar Sy,1,1,0.6062368634052003,1,0.5155038759689923,1,0.5224047332308366,0,0.06423122059135952
2024-09-28,UFC Fight Night: Moicano vs. Saint Denis,Renato Moicano vs. Benoit Saint Denis,Benoit Saint Denis,Renato Moicano,1,1,0.6469471271862904,1,0.5833333333333334,1,0.616590320952362,0,0.37164138151582055
2024-09-28,UFC Fight Night: Moicano vs. Saint Denis,Taylor Lapilus vs. Vince Morales,Taylor Lapilus,Vince Morales,1,1,0.6657095605456345,1,0.6533892382948987,1,0.6486459173887552,0,0.2699842397867021
2024-09-28,UFC Fight Night: Moicano vs. Saint Denis,William Gomis vs. Joanderson Brito,Joanderson Brito,William Gomis,1,1,0.6616375796963239,1,0.6533892382948987,1,0.6482209151235613,0,0.04884287159123217
2024-10-05,UFC 307: Pereira vs. Rountree Jr.,Alex Pereira vs. Khalil Rountree Jr.,Alex Pereira,Khalil Rountree Jr.,1,1,0.6770391339737523,1,0.5833333333333334,1,0.7384762450090683,1,0.9990715216889446
2024-10-05,UFC 307: Pereira vs. Rountree Jr.,Austin Hubbard vs. Alexander Hernandez,Alexander Hernandez,Austin Hubbard,0,1,0.6316004434930955,1,0.5155038759689923,1,0.5888098788850622,1,0.8806633972109377
2024-10-05,UFC 307: Pereira vs. Rountree Jr.,Carla Esparza vs. Tecia Pennington,Carla Esparza,Tecia Pennington,0,1,0.6405094091006182,1,0.6533892382948987,1,0.6309566425529253,1,0.8471164559945283
2024-10-05,UFC 307: Pereira vs. Rountree Jr.,Cesar Almeida vs. Ihor Potieria,Cesar Almeida,Ihor Potieria,1,1,0.6404826808960459,1,0.5833333333333334,1,0.6228533033853122,0,0.17207534010071698
2024-10-05,UFC 307: Pereira vs. Rountree Jr.,Court McGee vs. Tim Means,Court McGee,Tim Means,1,1,0.6317914827324036,1,0.6533892382948987,1,0.6279987781672544,1,0.5725994259614219
2024-10-05,UFC 307: Pereira vs. Rountree Jr.,Jose Aldo vs. Mario Bautista,Jose Aldo,Mario Bautista,0,1,0.6725943088212881,1,0.6533892382948987,1,0.6092622896159785,0,0.18374916257865148
2024-10-05,UFC 307: Pereira vs. Rountree Jr.,Ketlen Vieira vs. Kayla Harrison,Kayla Harrison,Ketlen Vieira,0,1,0.690760045281845,1,0.5833333333333334,1,0.6237378234604218,1,0.5941315754974817
2024-10-05,UFC 307: Pereira vs. Rountree Jr.,Marina Rodriguez vs. Iasmin Lucindo,Iasmin Lucindo,Marina Rodriguez,0,1,0.616140874521617,1,0.5833333333333334,1,0.6201044120262086,1,0.9400572540375924
2024-10-05,UFC 307: Pereira vs. Rountree Jr.,Raquel Pennington vs. Julianna Pena,Julianna Pena,Raquel Pennington,0,1,0.6434672042277079,1,0.6533892382948987,1,0.6195917457810582,1,0.587839495530621
2024-10-05,UFC 307: Pereira vs. Rountree Jr.,Roman Dolidze vs. Kevin Holland,Kevin Holland,Roman Dolidze,1,1,0.6487093016562374,1,0.5155038759689923,1,0.6114660325946292,1,0.5541393380790972
2024-10-05,UFC 307: Pereira vs. Rountree Jr.,Ryan Spann vs. Ovince Saint Preux,Ovince Saint Preux,Ryan Spann,1,1,0.6885989239026368,1,0.5155038759689923,1,0.5570073706442353,0,0.32334344102667534
2024-10-05,UFC 307: Pereira vs. Rountree Jr.,Stephen Thompson vs. Joaquin Buckley,Joaquin Buckley,Stephen Thompson,0,1,0.6454109903287526,1,0.6785009861932939,1,0.6039875868971861,1,0.7422082410177276
2024-10-12,UFC Fight Night: Royval vs. Taira,Brad Tavares vs. JunYong Park,Brad Tavares,JunYong Park,0,1,0.6135271130072918,1,0.5155038759689923,1,0.5080133022671007,0,0.005774946327945767
2024-10-12,UFC Fight Night: Royval vs. Taira,Brandon Royval vs. Tatsuro Taira,Brandon Royval,Tatsuro Taira,1,1,0.6799031671138956,1,0.6533892382948987,1,0.7057076211079952,1,0.9727291333078439
2024-10-12,UFC Fight Night: Royval vs. Taira,CJ Vergara vs. Ramazan Temirov,CJ Vergara,Ramazan Temirov,0,1,0.699156838276469,1,1.0,1,0.7174433428529569,1,0.9125566711259893
2024-10-12,UFC Fight Night: Royval vs. Taira,Chidi Njokuani vs. Jared Gooden,Chidi Njokuani,Jared Gooden,1,1,0.6680291352859989,1,0.7376344086021506,1,0.7108849514895189,0,0.22328345582600947
2024-10-12,UFC Fight Night: Royval vs. Taira,Clayton Carpenter vs. Lucas Rocha,Clayton Carpenter,Lucas Rocha,1,1,0.6955732746779743,1,0.9722222222222222,1,0.893246081036781,1,0.7796685932250332
2024-10-12,UFC Fight Night: Royval vs. Taira,Dan Argueta vs. Cody Haddon,Cody Haddon,Dan Argueta,0,1,0.6917123556324856,1,0.8869565217391304,1,0.7931635696537228,1,0.9837338264729949
2024-10-12,UFC Fight Night: Royval vs. Taira,Daniel Rodriguez vs. Alex Morono,Alex Morono,Daniel Rodriguez,1,1,0.6354641449802229,1,0.5155038759689923,1,0.5682968143826435,1,0.9237759575153957
2024-10-12,UFC Fight Night: Royval vs. Taira,Grant Dawson vs. Rafa Garcia,Grant Dawson,Rafa Garcia,1,1,0.6846392771127623,1,0.6533892382948987,1,0.6568612400564988,0,0.2947912204471793
2024-10-12,UFC Fight Night: Royval vs. Taira,Jonathan Pearce vs. Pat Sabatini,Jonathan Pearce,Pat Sabatini,0,1,0.639725188464588,1,0.7138103161397671,1,0.6472544364204035,1,0.9600684672283215
2024-10-12,UFC Fight Night: Royval vs. Taira,Julia Polastri vs. Cory McKenna,Cory McKenna,Julia Polastri,1,1,0.6833195655719441,1,0.7376344086021506,1,0.6525446464029877,0,0.31403876231750827
2024-10-12,UFC Fight Night: Royval vs. Taira,Junior Tafa vs. Sean Sharaf,Junior Tafa,Sean Sharaf,1,1,0.6916257949599611,1,0.7138103161397671,1,0.7380855624167354,1,0.7409650454259564
2024-10-12,UFC Fight Night: Royval vs. Taira,Themba Gorimbo vs. Niko Price,Niko Price,Themba Gorimbo,1,1,0.7121512023981299,1,0.5155038759689923,1,0.5349082007233751,1,0.9845412715634727
2024-10-19,UFC Fight Night: Hernandez vs. Pereira,Anthony Hernandez vs. Michel Pereira,Anthony Hernandez,Michel Pereira,1,1,0.6601141351305927,1,0.6533892382948987,1,0.6655244459790187,1,0.9905504438356242
2024-10-19,UFC Fight Night: Hernandez vs. Pereira,Austen Lane vs. Robelis Despaigne,Austen Lane,Robelis Despaigne,1,1,0.648173913544399,1,0.6533892382948987,1,0.6447871020479695,1,0.5505650336872023
2024-10-19,UFC Fight Night: Hernandez vs. Pereira,Brad Katona vs. Jean Matsumoto,Brad Katona,Jean Matsumoto,0,1,0.6032896601667846,1,0.6779026217228464,0,0.41514792316326604,1,0.9263482610638939
2024-10-19,UFC Fight Night: Hernandez vs. Pereira,Charles Johnson vs. Sumudaerji,Charles Johnson,Sumudaerji,1,1,0.6828541369522653,1,0.7376344086021506,1,0.6967767860675163,1,0.9610414895985439
2024-10-19,UFC Fight Night: Hernandez vs. Pereira,Darren Elkins vs. Daniel Pineda,Daniel Pineda,Darren Elkins,1,1,0.6481481805362445,1,0.5833333333333334,1,0.5394423627915665,0,0.06799946373252666
2024-10-19,UFC Fight Night: Hernandez vs. Pereira,Jake Hadley vs. Cameron Smotherman,Cameron Smotherman,Jake Hadley,0,1,0.6349001637809676,1,0.6785009861932939,1,0.6480341220788124,1,0.9550649857544791
2024-10-19,UFC Fight Night: Hernandez vs. Pereira,Jessica Penne vs. Elise Reed,Elise Reed,Jessica Penne,0,1,0.6754335825932063,1,0.7138103161397671,1,0.6463115490598753,0,0.34223717081646965
2024-10-19,UFC Fight Night: Hernandez vs. Pereira,Joselyne Edwards vs. Tamires Vidal,Joselyne Edwards,Tamires Vidal,1,1,0.609087138449483,1,0.6779026217228464,1,0.5942397908103886,0,0.1313528130184019
2024-10-19,UFC Fight Night: Hernandez vs. Pereira,Matheus Nicolau vs. Asu Almabayev,Asu Almabayev,Matheus Nicolau,0,1,0.5877829121609478,0,0.40298507462686567,1,0.6048088467678486,0,0.06399818717007423
2024-10-19,UFC Fight Night: Hernandez vs. Pereira,Melissa Martinez vs. Alice Ardelean,Alice Ardelean,Melissa Martinez,1,1,0.637978829610537,1,0.6533892382948987,1,0.6142001655888207,1,0.9920464617434717
2024-10-19,UFC Fight Night: Hernandez vs. Pereira,Rob Font vs. Kyler Phillips,Kyler Phillips,Rob Font,1,1,0.6276402426679368,1,0.5833333333333334,1,0.5988908479862615,1,0.5199973019341196
2024-10-26,UFC 308: Topuria vs. Holloway,Abus Magomedov vs. Brunno Ferreira,Abus Magomedov,Brunno Ferreira,1,1,0.6736219333358762,1,0.7138103161397671,1,0.6756890431475441,1,0.9990029410317826
2024-10-26,UFC 308: Topuria vs. Holloway,Farid Basharat vs. Victor Hugo,Farid Basharat,Victor Hugo,1,1,0.6164536076209437,1,0.6533892382948987,1,0.6136024242225474,0,0.04831482567093925
2024-10-26,UFC 308: Topuria vs. Holloway,Geoff Neal vs. Rafael Dos Anjos,Geoff Neal,Rafael Dos Anjos,1,1,0.6469365237926153,1,0.5833333333333334,1,0.5773234202657561,1,0.8745392723306592
2024-10-26,UFC 308: Topuria vs. Holloway,Ibo Aslan vs. Rafael Cerquiera,Ibo Aslan,Rafael Cerquiera,1,1,0.6393714308704157,1,0.6533892382948987,1,0.6795704742945278,1,0.9855701382369457
2024-10-26,UFC 308: Topuria vs. Holloway,Ilia Topuria vs. Max Holloway,Ilia Topuria,Max Holloway,1,1,0.615197062770898,1,0.5833333333333334,0,0.46867146791855296,1,0.6513401225511123
2024-10-26,UFC 308: Topuria vs. Holloway,Ismail Naurdiev vs. Bruno Silva,Bruno Silva,Ismail Naurdiev,1,1,0.6706227270826376,1,0.5155038759689923,0,0.4924866513320871,0,0.014814098764713212
2024-10-26,UFC 308: Topuria vs. Holloway,Kennedy Nzechukwu vs. Chris Barnett,Chris Barnett,Kennedy Nzechukwu,1,1,0.6331648580513617,1,0.5833333333333334,1,0.6088741041525251,1,0.8785696068446883
2024-10-26,UFC 308: Topuria vs. Holloway,Lerone Murphy vs. Dan Ige,Dan Ige,Lerone Murphy,1,1,0.6486054511505399,1,0.5155038759689923,1,0.5108025608798767,0,0.0003802612643714939
2024-10-26,UFC 308: Topuria vs. Holloway,Magomed Ankalaev vs. Aleksandar Rakic,Aleksandar Rakic,Magomed Ankalaev,1,1,0.6684074498664191,1,0.7138103161397671,1,0.6268721316941204,1,0.8861194103248822
2024-10-26,UFC 308: Topuria vs. Holloway,Mateusz Rebecki vs. Myktybek Orolbai,Mateusz Rebecki,Myktybek Orolbai,1,1,0.677097036183553,1,0.6533892382948987,1,0.6776316018063782,1,0.9337506355737104
2024-10-26,UFC 308: Topuria vs. Holloway,Rinat Fakhretdinov vs. Carlos Leal,Carlos Leal,Rinat Fakhretdinov,1,1,0.6641510059847556,1,0.6785009861932939,1,0.7135962825180157,1,0.7831016969565124
2024-10-26,UFC 308: Topuria vs. Holloway,Robert Whittaker vs. Khamzat Chimaev,Khamzat Chimaev,Robert Whittaker,0,1,0.6549091080209728,1,0.5833333333333334,1,0.5868424659767295,0,0.13780899117504794
2024-10-26,UFC 308: Topuria vs. Holloway,Shara Magomedov vs. Armen Petrosyan,Armen Petrosyan,Shara Magomedov,1,1,0.673255976149702,1,0.7138103161397671,1,0.7131401495681274,1,0.7808371091586538
2024-11-02,UFC Fight Night: Moreno vs. Albazi,Aiemann Zahabi vs. Pedro Munhoz,Aiemann Zahabi,Pedro Munhoz,1,1,0.6756236065610735,1,0.5833333333333334,1,0.5852637117782321,1,0.8740483769685292
2024-11-02,UFC Fight Night: Moreno vs. Albazi,Alexandr Romanov vs. Rodrigo Nascimento,Alexandr Romanov,Rodrigo Nascimento,1,1,0.6866448812770656,1,0.6533892382948987,1,0.6745526362783619,1,0.7328880528911328
2024-11-02,UFC Fight Night: Moreno vs. Albazi,Ariane da Silva vs. Jasmine Jasudavicius,Ariane da Silva,Jasmine Jasudavicius,0,1,0.6802814876612799,1,0.6533892382948987,1,0.6650404125172947,1,0.6572184930596571
2024-11-02,UFC Fight Night: Moreno vs. Albazi,Brandon Moreno vs. Amir Albazi,Amir Albazi,Brandon Moreno,1,1,0.6442606380126944,1,0.5833333333333334,1,0.5992086722818765,1,0.8230491293816615
2024-11-02,UFC Fight Night: Moreno vs. Albazi,Caio Machado vs. Brendson Ribeiro,Brendson Ribeiro,Caio Machado,0,1,0.6170902507463534,1,0.6533892382948987,1,0.6027591732086296,1,0.9820424506002696
2024-11-02,UFC Fight Night: Moreno vs. Albazi,Chad Anheliger vs. Cody Gibson,Chad Anheliger,Cody Gibson,0,1,0.6240805430183937,1,0.5833333333333334,1,0.5934134251509517,1,0.5157426367155403
2024-11-02,UFC Fight Night: Moreno vs. Albazi,Charles Jourdain vs. Victor Henry,Charles Jourdain,Victor Henry,1,1,0.6006447507931437,1,0.5155038759689923,1,0.5418581979842162,1,0.9808830762308878
2024-11-02,UFC Fight Night: Moreno vs. Albazi,Erin Blanchfield vs. Rose Namajunas,Erin Blanchfield,Rose Namajunas,1,1,0.6438408299427433,1,0.5833333333333334,1,0.5767636429054298,0,0.2894435825633023
2024-11-02,UFC Fight Night: Moreno vs. Albazi,Jack Shore vs. Youssef Zalal,Jack Shore,Youssef Zalal,0,1,0.6859500656784455,1,0.6533892382948987,1,0.6846484255630153,1,0.988380762402332
2024-11-02,UFC Fight Night: Moreno vs. Albazi,Jamey-Lyn Horth vs. Ivana Petrovic,Ivana Petrovic,Jamey-Lyn Horth,1,1,0.5704086397710773,1,0.6533892382948987,1,0.6777548402016064,0,0.18903236662555775
2024-11-02,UFC Fight Night: Moreno vs. Albazi,Marc-Andre Barriault vs. Dustin Stoltzfus,Dustin Stoltzfus,Marc-Andre Barriault,0,1,0.6229354939629307,1,0.5833333333333334,1,0.614077618907664,1,0.9998960509918364
2024-11-02,UFC Fight Night: Moreno vs. Albazi,Mike Malott vs. Trevin Giles,Mike Malott,Trevin Giles,1,1,0.6697657286800126,1,0.5833333333333334,1,0.6432504505374469,1,0.7865479378252673
2024-11-02,UFC Fight Night: Moreno vs. Albazi,Serhiy Sidey vs. Garrett Armfield,Garrett Armfield,Serhiy Sidey,1,1,0.6393046243729679,1,0.5155038759689923,1,0.5904757068093911,1,0.5474528828591371
2024-11-09,UFC Fight Night: Magny vs. Prates,Cody Stamann vs. Da'Mon Blackshear,Cody Stamann,Da'Mon Blackshear,0,1,0.6275062625835007,1,0.5155038759689923,1,0.5675945684851935,0,0.2500983995048255
2024-11-09,UFC Fight Night: Magny vs. Prates,Elizeu Zaleski dos Santos vs. Zachary Scroggin,Elizeu Zaleski dos Santos,Zachary Scroggin,1,1,0.6690247961037341,0,0.4727272727272727,1,0.6227874962778772,1,0.971519916007318
2024-11-09,UFC Fight Night: Magny vs. Prates,Gaston Bolanos vs. Cortavious Romious,Cortavious Romious,Gaston Bolanos,1,1,0.6170887652239921,1,0.6785009861932939,1,0.6320787820045397,1,0.8738666700756315
2024-11-09,UFC Fight Night: Magny vs. Prates,Gerald Meerschaert vs. Reinier de Ridder,Gerald Meerschaert,Reinier de Ridder,0,1,0.6684629885885265,1,0.6779026217228464,1,0.5138345827138888,1,0.9546516828003727
2024-11-09,UFC Fight Night: Magny vs. Prates,Karolina Kowalkiewicz vs. Denise Gomes,Denise Gomes,Karolina Kowalkiewicz,0,1,0.6006076279991988,1,0.5833333333333334,1,0.5754906480134089,1,0.9966771256436068
2024-11-09,UFC Fight Night: Magny vs. Prates,Luana Pinheiro vs. Gillian Robertson,Gillian Robertson,Luana Pinheiro,0,1,0.6598139963817193,1,0.6779026217228464,1,0.58832069896484,1,0.9895088663243972
2024-11-09,UFC Fight Night: Magny vs. Prates,Mansur Abdul-Malik vs. Dusko Todorovic,Dusko Todorovic,Mansur Abdul-Malik,1,1,0.6553829031936658,1,0.9722222222222222,1,0.7357908630604394,0,0.4705503277706121
2024-11-09,UFC Fight Night: Magny vs. Prates,Matthew Semelsberger vs. Charles Radtke,Charles Radtke,Matthew Semelsberger,0,1,0.6861660927889622,1,0.7376344086021506,1,0.6327544362463606,1,0.9289720451542095
2024-11-09,UFC Fight Night: Magny vs. Prates,Melissa Mullins vs. Klaudia Sygula,Klaudia Sygula,Melissa Mullins,1,1,0.6419368678874083,1,0.6533892382948987,1,0.6832814123076003,0,0.09912534051165774
2024-11-09,UFC Fight Night: Magny vs. Prates,Neil Magny vs. Carlos Prates,Carlos Prates,Neil Magny,0,1,0.621369683325056,1,0.5833333333333334,1,0.6263653286693907,0,0.481570955545741
2024-11-09,UFC Fight Night: Magny vs. Prates,Tresean Gore vs. Antonio Trocoli,Antonio Trocoli,Tresean Gore,1,1,0.6721195297921103,1,0.7376344086021506,1,0.6734483471325442,1,0.9998766057457795
2024-11-16,UFC 309: Jones vs. Miocic,Bassil Hafez vs. Oban Elliott,Bassil Hafez,Oban Elliott,0,1,0.5873805179203939,1,0.6533892382948987,1,0.6059974698505881,1,0.9803636232367168
2024-11-16,UFC 309: Jones vs. Miocic,Bo Nickal vs. Paul Craig,Bo Nickal,Paul Craig,1,1,0.6899942819462282,1,0.5833333333333334,1,0.5986770347994439,1,0.7041973946737178
2024-11-16,UFC 309: Jones vs. Miocic,Charles Oliveira vs. Michael Chandler,Charles Oliveira,Michael Chandler,1,1,0.6921715415784679,1,0.5155038759689923,1,0.5158083652081076,1,0.9652712241741922
2024-11-16,UFC 309: Jones vs. Miocic,David Onama vs. Roberto Romero,David Onama,Roberto Romero,1,1,0.6527321669639792,1,0.7138103161397671,1,0.653769695979513,1,0.9690082966115361
2024-11-16,UFC 309: Jones vs. Miocic,Jim Miller vs. Damon Jackson,Damon Jackson,Jim Miller,1,1,0.6466407604185304,1,0.5833333333333334,0,0.4310150777653104,0,0.05349986305515475
2024-11-16,UFC 309: Jones vs. Miocic,Jon Jones vs. Stipe Miocic,Jon Jones,Stipe Miocic,1,1,0.6493548672278118,1,0.6533892382948987,1,0.6470384629592315,0,0.1159828618506963
2024-11-16,UFC 309: Jones vs. Miocic,Jonathan Martinez vs. Marcus McGhee,Jonathan Martinez,Marcus McGhee,0,1,0.6532123486841588,1,0.5155038759689923,1,0.5503268626619784,1,0.8303126961810755
2024-11-16,UFC 309: Jones vs. Miocic,Marcin Tybura vs. Jhonata Diniz,Jhonata Diniz,Marcin Tybura,1,1,0.7106297071149295,1,0.5833333333333334,1,0.635591369911836,1,0.9769522722724011
2024-11-16,UFC 309: Jones vs. Miocic,Mauricio Ruffy vs. James Llontop,James Llontop,Mauricio Ruffy,1,1,0.7005645848174418,1,0.7138103161397671,1,0.6848912538355905,0,0.3987764863324325
2024-11-16,UFC 309: Jones vs. Miocic,Mickey Gall vs. Ramiz Brahimaj,Mickey Gall,Ramiz Brahimaj,0,1,0.6670967516174993,1,0.6533892382948987,1,0.6280529758841922,0,0.00658250420251657
2024-11-16,UFC 309: Jones vs. Miocic,Veronica Hardy vs. Eduarda Moura,Eduarda Moura,Veronica Hardy,0,1,0.6608441051014945,0,0.40298507462686567,1,0.5794803748240386,0,0.0004072453398675896
2024-11-16,UFC 309: Jones vs. Miocic,Viviane Araujo vs. Karine Silva,Karine Silva,Viviane Araujo,1,1,0.6773690904620988,0,0.3902439024390244,1,0.6080438152191945,0,0.20231137915225447
2024-11-23,UFC Fight Night: Yan vs. Figueiredo,Baergeng Jieleyisi vs. SuYoung You,Baergeng Jieleyisi,SuYoung You,0,1,0.6532868319559297,1,0.6533892382948987,1,0.6881650273180072,1,0.7583964348391277
2024-11-23,UFC Fight Night: Yan vs. Figueiredo,Kiru Sahota vs. DongHun Choi,DongHun Choi,Kiru Sahota,0,1,0.6532868319559297,1,0.6533892382948987,1,0.6881650273180072,1,0.7583964348391277
2024-11-23,UFC Fight Night: Yan vs. Figueiredo,Lone'er Kavanagh vs. Jose Ochoa,Jose Ochoa,Lone'er Kavanagh,1,1,0.6532868319559297,1,0.6533892382948987,1,0.6881650273180072,1,0.7583964348391277
2024-11-23,UFC Fight Night: Yan vs. Figueiredo,Maheshate vs. Nikolas Motta,Maheshate,Nikolas Motta,0,1,0.6585377324272874,1,0.6533892382948987,1,0.6656296816933963,0,0.04665554044832326
2024-11-23,UFC Fight Night: Yan vs. Figueiredo,Nyamjargal Tumendemberel vs. Carlos Hernandez,Carlos Hernandez,Nyamjargal Tumendemberel,0,1,0.6724328810252158,1,0.7138103161397671,1,0.6482453499146703,1,0.8695262148987767
2024-11-23,UFC Fight Night: Yan vs. Figueiredo,Petr Yan vs. Deiveson Figueiredo,Deiveson Figueiredo,Petr Yan,1,1,0.658860207641933,1,0.6533892382948987,1,0.6693165170502661,0,0.3970313156004374
2024-11-23,UFC Fight Night: Yan vs. Figueiredo,Shi Ming vs. Feng Xiaocan,Feng Xiaocan,Shi Ming,1,1,0.6532868319559297,1,0.6533892382948987,1,0.6881650273180072,1,0.7583964348391277
2024-11-23,UFC Fight Night: Yan vs. Figueiredo,Song Kenan vs. Muslim Salikhov,Muslim Salikhov,Song Kenan,0,1,0.6683829799341435,1,0.6533892382948987,1,0.6396907059076598,1,0.5576683537417673
2024-11-23,UFC Fight Night: Yan vs. Figueiredo,Volkan Oezdemir vs. Carlos Ulberg,Carlos Ulberg,Volkan Oezdemir,0,1,0.6739305631541777,1,0.6533892382948987,1,0.6314413516647643,0,0.16422988045510184
2024-11-23,UFC Fight Night: Yan vs. Figueiredo,Wang Cong vs. Gabriella Fernandes,Gabriella Fernandes,Wang Cong,0,1,0.7127388413388533,1,0.7138103161397671,1,0.6717908426631778,0,0.11855833544531062
2024-11-23,UFC Fight Night: Yan vs. Figueiredo,Xiao Long vs. Quang Le,Quang Le,Xiao Long,1,1,0.5576703362469563,1,0.6533892382948987,1,0.6528465114810552,1,0.9936219830116362
2024-11-23,UFC Fight Night: Yan vs. Figueiredo,Yan Xiaonan vs. Tabatha Ricci,Tabatha Ricci,Yan Xiaonan,1,1,0.6124179095139571,1,0.6785009861932939,1,0.594604504728097,0,0.17658448268650867
2024-11-23,UFC Fight Night: Yan vs. Figueiredo,Zhang Mingyang vs. Ozzy Diaz,Ozzy Diaz,Zhang Mingyang,1,1,0.6669547629728969,1,0.6533892382948987,1,0.7288962323872872,1,0.9342204849830924
2024-12-07,UFC 310: Pantoja vs. Asakura,Alexandre Pantoja vs. Kai Asakura,Alexandre Pantoja,Kai Asakura,1,1,0.6746492192623481,0,0.4727272727272727,1,0.6515662827775146,0,0.4127098321545064
2024-12-07,UFC 310: Pantoja vs. Asakura,Bryce Mitchell vs. Kron Gracie,Bryce Mitchell,Kron Gracie,1,1,0.6275776755749187,1,0.6779026217228464,1,0.6265279468234913,0,0.11709983254999004
2024-12-07,UFC 310: Pantoja vs. Asakura,Chris Weidman vs. Eryk Anders,Chris Weidman,Eryk Anders,0,1,0.6586754774364779,1,0.5155038759689923,1,0.6097403145588163,1,0.769669873682356
2024-12-07,UFC 310: Pantoja vs. Asakura,Ciryl Gane vs. Alexander Volkov,Alexander Volkov,Ciryl Gane,1,1,0.6210822025041143,1,0.6533892382948987,1,0.6047794817219277,1,0.6598770353992401
2024-12-07,UFC 310: Pantoja vs. Asakura,Clay Guida vs. Chase Hooper,Chase Hooper,Clay Guida,0,1,0.6731190223828972,1,0.5833333333333334,1,0.5876940429728557,0,0.05958644502449182
2024-12-07,UFC 310: Pantoja vs. Asakura,Cody Durden vs. Joshua Van,Cody Durden,Joshua Van,0,1,0.6207333292774632,1,0.6779026217228464,1,0.5849579199682473,1,0.5469390952283738
2024-12-07,UFC 310: Pantoja vs. Asakura,Dominick Reyes vs. Anthony Smith,Anthony Smith,Dominick Reyes,1,1,0.662536389895358,1,0.6533892382948987,1,0.5945063486694367,0,0.11080164638130474
2024-12-07,UFC 310: Pantoja vs. Asakura,Kennedy Nzechukwu vs. Lukasz Brzeski,Kennedy Nzechukwu,Lukasz Brzeski,1,1,0.634176953291263,1,0.6779026217228464,1,0.5931100293850092,1,0.8069585947422759
2024-12-07,UFC 310: Pantoja vs. Asakura,Michael Chiesa vs. Max Griffin,Max Griffin,Michael Chiesa,1,1,0.6571777449354538,1,0.5833333333333334,1,0.5858535010619215,0,0.06686923993347314
2024-12-07,UFC 310: Pantoja vs. Asakura,Movsar Evloev vs. Aljamain Sterling,Aljamain Sterling,Movsar Evloev,1,1,0.703151033198226,1,0.5155038759689923,1,0.5549183440044531,0,0.27776944790026387
2024-12-07,UFC 310: Pantoja vs. Asakura,Nate Landwehr vs. Dooho Choi,Dooho Choi,Nate Landwehr,0,1,0.69056963484392,1,0.7138103161397671,1,0.6454762140765696,1,0.6007715009470939
2024-12-07,UFC 310: Pantoja vs. Asakura,Randy Brown vs. Bryan Battle,Bryan Battle,Randy Brown,0,1,0.6714292357898057,1,0.5833333333333334,1,0.6202162806593131,1,0.7520189704969574
2024-12-07,UFC 310: Pantoja vs. Asakura,Shavkat Rakhmonov vs. Ian Machado Garry,Ian Machado Garry,Shavkat Rakhmonov,1,1,0.6673498661370764,1,0.6533892382948987,1,0.6448050389265645,0,0.2849117536489929
2024-12-07,UFC 310: Pantoja vs. Asakura,Vicente Luque vs. Themba Gorimbo,Themba Gorimbo,Vicente Luque,1,1,0.5815554362688906,1,0.5833333333333334,1,0.5671667202123731,1,0.8401222464806216
2024-12-14,UFC Fight Night: Covington vs. Buckley,Adrian Yanez vs. Daniel Marcos,Adrian Yanez,Daniel Marcos,0,1,0.6941689208414122,1,0.7376344086021506,1,0.724741193122265,1,0.9981542645498129
2024-12-14,UFC Fight Night: Covington vs. Buckley,Colby Covington vs. Joaquin Buckley,Colby Covington,Joaquin Buckley,0,1,0.6407091883904323,1,0.7138103161397671,1,0.6478045630014461,1,0.9421502334760624
2024-12-14,UFC Fight Night: Covington vs. Buckley,Cub Swanson vs. Billy Quarantillo,Billy Quarantillo,Cub Swanson,1,1,0.635530633053486,1,0.5833333333333334,1,0.5211968472484932,0,0.1155405541197594
2024-12-14,UFC Fight Night: Covington vs. Buckley,Davey Grant vs. Ramon Taveras,Davey Grant,Ramon Taveras,1,1,0.6919005874386763,0,0.4727272727272727,1,0.6329756787072123,0,0.2195327287397861
2024-12-14,UFC Fight Night: Covington vs. Buckley,Joel Alvarez vs. Drakkar Klose,Drakkar Klose,Joel Alvarez,1,1,0.659509428128213,1,0.7138103161397671,1,0.652368719370335,0,0.09390665962844875
2024-12-14,UFC Fight Night: Covington vs. Buckley,Josefine Knutsson vs. Piera Rodriguez,Josefine Knutsson,Piera Rodriguez,0,1,0.6970736597200672,1,0.6533892382948987,1,0.7123808308050419,1,0.9995400845925817
2024-12-14,UFC Fight Night: Covington vs. Buckley,Manel Kape vs. Bruno Silva,Bruno Silva,Manel Kape,1,1,0.63081216976212,1,0.5155038759689923,1,0.5431097501847624,0,0.3793358226348974
2024-12-14,UFC Fight Night: Covington vs. Buckley,Michael Johnson vs. Ottman Azaitar,Michael Johnson,Ottman Azaitar,1,1,0.6435103366474285,1,0.5155038759689923,0,0.4704236450794371,0,0.46898078224083184
2024-12-14,UFC Fight Night: Covington vs. Buckley,Miles Johns vs. Felipe Lima,Felipe Lima,Miles Johns,0,1,0.6389713663934288,1,0.5833333333333334,1,0.5961782926393234,1,0.5765321728176207
2024-12-14,UFC Fight Night: Covington vs. Buckley,Miranda Maverick vs. Jamey-Lyn Horth,Jamey-Lyn Horth,Miranda Maverick,1,1,0.6545893223003916,1,0.5833333333333334,1,0.5578142614877537,1,0.9186136424823902
2024-12-14,UFC Fight Night: Covington vs. Buckley,Navajo Stirling vs. Tuco Tokkos,Navajo Stirling,Tuco Tokkos,1,1,0.6723032093565724,1,0.6533892382948987,1,0.7447427738465081,1,0.9362832777966594
2024-12-14,UFC Fight Night: Covington vs. Buckley,Sean Woodson vs. Fernando Padilla,Fernando Padilla,Sean Woodson,1,1,0.6159528631468967,1,0.6785009861932939,1,0.6160619276376254,0,0.159092070854659
2024-12-14,UFC Fight Night: Covington vs. Buckley,Vitor Petrino vs. Dustin Jacoby,Dustin Jacoby,Vitor Petrino,0,1,0.7324448336504134,1,0.7376344086021506,1,0.6740224460620137,0,0.027463281822035866
2025-01-11,UFC Fight Night: Dern vs. Ribas 2,Cesar Almeida vs. Abdul Razak Alhassan,Abdul Razak Alhassan,Cesar Almeida,1,1,0.6457768475334827,1,0.5155038759689923,1,0.5479048593198131,0,0.05450795561552471
2025-01-11,UFC Fight Night: Dern vs. Ribas 2,Chris Curtis vs. Roman Kopylov,Chris Curtis,Roman Kopylov,0,1,0.662794649474735,1,0.7376344086021506,1,0.6091209889044972,1,0.8391592785546226
2025-01-11,UFC Fight Night: Dern vs. Ribas 2,Christian Rodriguez vs. Austin Bashi,Austin Bashi,Christian Rodriguez,1,1,0.6290427652573898,1,0.6785009861932939,1,0.6824474933175683,1,0.9938327289966035
2025-01-11,UFC Fight Night: Dern vs. Ribas 2,Ernesta Kareckaite vs. Nicolle Caliari,Ernesta Kareckaite,Nicolle Caliari,1,1,0.5352565343080733,1,0.6533892382948987,1,0.6183751607688173,0,0.04221920943067852
2025-01-11,UFC Fight Night: Dern vs. Ribas 2,Fatima Kline vs. Viktoriia Dudakova,Fatima Kline,Viktoriia Dudakova,1,1,0.6983048196406095,1,0.7138103161397671,1,0.7543663989547088,1,0.9994346848457542
2025-01-11,UFC Fight Night: Dern vs. Ribas 2,Jose Johnson vs. Felipe Bunes,Felipe Bunes,Jose Johnson,0,1,0.6902336152078115,1,0.7138103161397671,1,0.6186152948749234,1,0.9780095026077371
2025-01-11,UFC Fight Night: Dern vs. Ribas 2,Mackenzie Dern vs. Amanda Ribas,Amanda Ribas,Mackenzie Dern,1,1,0.6571791571885982,1,0.6533892382948987,1,0.6605345815491902,1,0.9787581080527529
2025-01-11,UFC Fight Night: Dern vs. Ribas 2,Magomed Gadzhiyasulov vs. Bruno Lopes,Bruno Lopes,Magomed Gadzhiyasulov,0,1,0.7063714962120874,1,0.8869565217391304,1,0.868778223833737,1,0.9978064611801319
2025-01-11,UFC Fight Night: Dern vs. Ribas 2,Marco Tulio vs. Ihor Potieria,Ihor Potieria,Marco Tulio,1,1,0.6644741751643138,1,0.5155038759689923,1,0.6065039973410415,1,0.8364794902040049
2025-01-11,UFC Fight Night: Dern vs. Ribas 2,Nurullo Aliev vs. Joe Solecki,Joe Solecki,Nurullo Aliev,1,1,0.7157998767548643,1,0.5155038759689923,1,0.5710599146879805,1,0.8532175129964809
2025-01-11,UFC Fight Night: Dern vs. Ribas 2,Preston Parsons vs. Jacobe Smith,Jacobe Smith,Preston Parsons,0,1,0.6601786314194964,1,0.6785009861932939,1,0.6559455660117596,0,0.15576053249157418
2025-01-11,UFC Fight Night: Dern vs. Ribas 2,Punahele Soriano vs. Uros Medic,Punahele Soriano,Uros Medic,1,1,0.6372718839484961,1,0.6779026217228464,1,0.6223688001134033,0,0.19226117340156057
2025-01-11,UFC Fight Night: Dern vs. Ribas 2,Santiago Ponzinibbio vs. Carlston Harris,Carlston Harris,Santiago Ponzinibbio,1,1,0.6592601343164918,1,0.5833333333333334,1,0.5780925828956222,1,0.838688675781681
2025-01-11,UFC Fight Night: Dern vs. Ribas 2,Thiago Moises vs. Trey Ogden,Thiago Moises,Trey Ogden,1,1,0.6715919587047506,1,0.5155038759689923,1,0.5725348427077008,0,0.28145911061774354
2025-01-18,UFC 311: Makhachev vs. Moicano,Bogdan Guskov vs. Billy Elekana,Billy Elekana,Bogdan Guskov,1,1,0.644911758317715,1,0.6533892382948987,1,0.6880025247930363,0,0.1904447822710338
2025-01-18,UFC 311: Makhachev vs. Moicano,Grant Dawson vs. Diego Ferreira,Diego Ferreira,Grant Dawson,1,1,0.6540738008394145,1,0.6533892382948987,1,0.7212560878841827,1,0.833403450162672
2025-01-18,UFC 311: Makhachev vs. Moicano,Islam Makhachev vs. Renato Moicano,Islam Makhachev,Renato Moicano,1,1,0.6323128892765053,1,0.5833333333333334,1,0.6227193813258567,1,0.9098542046486214
2025-01-18,UFC 311: Makhachev vs. Moicano,Jailton Almeida vs. Serghei Spivac,Jailton Almeida,Serghei Spivac,1,1,0.6101752346116347,1,0.5833333333333334,1,0.6173141638131224,1,0.5146657121364436
2025-01-18,UFC 311: Makhachev vs. Moicano,Jiri Prochazka vs. Jamahal Hill,Jamahal Hill,Jiri Prochazka,1,1,0.6571640017107006,1,0.5155038759689923,1,0.6224562460748614,0,0.13941512350748367
2025-01-18,UFC 311: Makhachev vs. Moicano,Karol Rosa vs. Ailin Perez,Ailin Perez,Karol Rosa,0,1,0.6122171065396236,0,0.40298507462686567,1,0.6065154160139538,1,0.9883447386544453
2025-01-18,UFC 311: Makhachev vs. Moicano,Kevin Holland vs. Reinier de Ridder,Kevin Holland,Reinier de Ridder,0,1,0.6570989013857135,1,0.5155038759689923,1,0.5386903835981485,1,0.6569578516112422
2025-01-18,UFC 311: Makhachev vs. Moicano,Merab Dvalishvili vs. Umar Nurmagomedov,Merab Dvalishvili,Umar Nurmagomedov,1,1,0.6184716943330655,1,0.5155038759689923,1,0.6164675821061473,1,0.9878006545410285
2025-01-18,UFC 311: Makhachev vs. Moicano,Payton Talbott vs. Raoni Barcelos,Payton Talbott,Raoni Barcelos,0,1,0.6530960819135567,1,0.5833333333333334,1,0.596684691703681,0,0.14276638564049007
2025-01-18,UFC 311: Makhachev vs. Moicano,Ricky Turcios vs. Benardo Sopaj,Benardo Sopaj,Ricky Turcios,0,1,0.7230732722676778,1,0.7138103161397671,1,0.6452528328954957,1,0.9849581293955507
2025-01-18,UFC 311: Makhachev vs. Moicano,Rinya Nakamura vs. Muin Gafurov,Muin Gafurov,Rinya Nakamura,0,1,0.6998756092841111,1,0.7376344086021506,1,0.7433033659680134,1,0.6158088722587611
2025-01-18,UFC 311: Makhachev vs. Moicano,Tagir Ulanbekov vs. Clayton Carpenter,Clayton Carpenter,Tagir Ulanbekov,1,1,0.7001809299868846,1,0.7138103161397671,1,0.6467727080645694,1,0.549012649202477
2025-01-18,UFC 311: Makhachev vs. Moicano,Zach Reese vs. Azamat Bekoev,Azamat Bekoev,Zach Reese,0,1,0.6359645433963014,1,0.6785009861932939,1,0.718953248714321,1,0.7194808543856316
2025-02-01,UFC Fight Night: Adesanya vs. Imavov,Bogdan Grad vs. Lucas Alexander,Bogdan Grad,Lucas Alexander,1,1,0.657718978366675,1,0.6533892382948987,1,0.7013813911222688,1,0.845916987737549
2025-02-01,UFC Fight Night: Adesanya vs. Imavov,Fares Ziam vs. Mike Davis,Fares Ziam,Mike Davis,1,1,0.6780607768761034,1,0.6533892382948987,1,0.6257336452289034,0,0.3587283453864829
2025-02-01,UFC Fight Night: Adesanya vs. Imavov,Hamdy Abdelwahab vs. Jamal Pogues,Hamdy Abdelwahab,Jamal Pogues,1,1,0.6632137048965633,1,0.6533892382948987,1,0.6062194682752321,1,0.5216216231186488
2025-02-01,UFC Fight Night: Adesanya vs. Imavov,Israel Adesanya vs. Nassourdine Imavov,Israel Adesanya,Nassourdine Imavov,0,1,0.6456694609835704,1,0.6533892382948987,1,0.6387555147963131,1,0.6105095034431826
2025-02-01,UFC Fight Night: Adesanya vs. Imavov,Jasmine Jasudavicius vs. Mayra Bueno Silva,Jasmine Jasudavicius,Mayra Bueno Silva,1,1,0.604942393368695,1,0.6785009861932939,1,0.6813453438884529,0,0.486235145277803
2025-02-01,UFC Fight Night: Adesanya vs. Imavov,Muhammad Naimov vs. Kaan Ofli,Kaan Ofli,Muhammad Naimov,1,1,0.614631983931963,1,0.5833333333333334,1,0.6039492384861813,0,0.3597073174976161
2025-02-01,UFC Fight Night: Adesanya vs. Imavov,Said Nurmagomedov vs. Vinicius Oliveira,Said Nurmagomedov,Vinicius Oliveira,0,1,0.6908846752338063,1,0.7376344086021506,1,0.6183802240049463,1,0.9716754355867004
2025-02-01,UFC Fight Night: Adesanya vs. Imavov,Sergei Pavlovich vs. Jairzinho Rozenstruik,Jairzinho Rozenstruik,Sergei Pavlovich,1,1,0.667418433601344,1,0.6533892382948987,1,0.6552006186286486,1,0.7586212624435844
2025-02-01,UFC Fight Night: Adesanya vs. Imavov,Shamil Gaziev vs. Thomas Petersen,Shamil Gaziev,Thomas Petersen,1,1,0.594592106176792,1,0.6533892382948987,1,0.6694666443942797,1,0.8151970618501194
2025-02-01,UFC Fight Night: Adesanya vs. Imavov,Shara Magomedov vs. Michael Page,Michael Page,Shara Magomedov,0,1,0.6596144020268911,1,0.7138103161397671,1,0.6548671751215771,1,0.9388863976674064
2025-02-01,UFC Fight Night: Adesanya vs. Imavov,Terrance McKinney vs. Damir Hadzovic,Damir Hadzovic,Terrance McKinney,1,1,0.6891696978861348,1,0.6533892382948987,1,0.6091910604535336,1,0.5276137904433956
2025-02-08,UFC 312: Du Plessis vs. Strickland 2,Colby Thicknesse vs. Aleksandre Topuria,Aleksandre Topuria,Colby Thicknesse,0,1,0.6532868319559297,1,0.6533892382948987,1,0.6881650273180072,1,0.7583964348391277
2025-02-08,UFC 312: Du Plessis vs. Strickland 2,Dricus Du Plessis vs. Sean Strickland,Dricus Du Plessis,Sean Strickland,1,1,0.6498390611023399,1,0.5833333333333334,1,0.5440812424292744,0,0.2319252424790112
2025-02-08,UFC 312: Du Plessis vs. Strickland 2,Jack Jenkins vs. Gabriel Santos,Gabriel Santos,Jack Jenkins,0,1,0.6460130124329997,1,0.6533892382948987,1,0.6290008565854522,0,0.36319837609106964
2025-02-08,UFC 312: Du Plessis vs. Strickland 2,Jake Matthews vs. Francisco Prado,Francisco Prado,Jake Matthews,1,1,0.6394502183835362,1,0.5833333333333334,0,0.46823610497074997,1,0.6317049922272536
2025-02-08,UFC 312: Du Plessis vs. Strickland 2,Jonathan Micallef vs. Kevin Jousset,Jonathan Micallef,Kevin Jousset,1,1,0.6101752551303898,0,0.3902439024390244,1,0.6297039818615157,1,0.9620390358069283
2025-02-08,UFC 312: Du Plessis vs. Strickland 2,Justin Tafa vs. Tallison Teixeira,Justin Tafa,Tallison Teixeira,0,1,0.6763230773695711,1,0.5155038759689923,1,0.6141373007207674,0,0.2858415235256169
2025-02-08,UFC 312: Du Plessis vs. Strickland 2,Quillan Salkilld vs. Anshul Jubli,Anshul Jubli,Quillan Salkilld,1,1,0.6828657415769649,1,1.0,1,0.7218424218090325,0,0.19868957202822435
2025-02-08,UFC 312: Du Plessis vs. Strickland 2,Rongzhu vs. Kody Steele,Kody Steele,Rongzhu,1,1,0.6605371162906086,0,0.3902439024390244,1,0.6753052314467983,0,0.4700942436570791
2025-02-08,UFC 312: Du Plessis vs. Strickland 2,Tom Nolan vs. Viacheslav Borshchev,Tom Nolan,Viacheslav Borshchev,1,1,0.6497710248103507,1,0.5833333333333334,1,0.6168809956767904,0,0.1190452395133153
2025-02-08,UFC 312: Du Plessis vs. Strickland 2,Wang Cong vs. Bruna Brasil,Bruna Brasil,Wang Cong,1,1,0.6195840686633451,1,0.6533892382948987,1,0.5857219861868669,1,0.7919766984945273
2025-02-08,UFC 312: Du Plessis vs. Strickland 2,Zhang Weili vs. Tatiana Suarez,Tatiana Suarez,Zhang Weili,1,1,0.6289527207437279,1,0.6533892382948987,1,0.6269760221585711,0,0.0458187813592154
2025-02-15,UFC Fight Night: Cannonier vs. Rodrigues,Angela Hill vs. Ketlen Souza,Angela Hill,Ketlen Souza,1,1,0.7033730509470378,1,0.5155038759689923,1,0.5081432378017355,1,0.5026919224759702
2025-02-15,UFC Fight Night: Cannonier vs. Rodrigues,Calvin Kattar vs. Youssef Zalal,Calvin Kattar,Youssef Zalal,0,1,0.6676743991157218,1,0.6533892382948987,1,0.6032845531454545,1,0.8903597230494628
2025-02-15,UFC Fight Night: Cannonier vs. Rodrigues,Connor Matthews vs. Jose Delgado,Connor Matthews,Jose Delgado,0,1,0.6871157678644749,1,0.7138103161397671,1,0.6785661788151667,1,0.9834105380271495
2025-02-15,UFC Fight Night: Cannonier vs. Rodrigues,Don'Tale Mayes vs. Valter Walker,Don'Tale Mayes,Valter Walker,0,1,0.6608972838335896,1,0.5155038759689923,1,0.5869771644356031,1,0.5001624132625202
2025-02-15,UFC Fight Night: Cannonier vs. Rodrigues,Edmen Shahbazyan vs. Dylan Budka,Dylan Budka,Edmen Shahbazyan,1,1,0.6529967013300941,1,0.6785009861932939,1,0.6246144575163964,1,0.9041502588393799
2025-02-15,UFC Fight Night: Cannonier vs. Rodrigues,Gabriel Bonfim vs. Khaos Williams,Gabriel Bonfim,Khaos Williams,1,1,0.6501915741309942,1,0.5833333333333334,1,0.629222070641234,1,0.9096244671273381
2025-02-15,UFC Fight Night: Cannonier vs. Rodrigues,Ismael Bonfim vs. Nazim Sadykhov,Ismael Bonfim,Nazim Sadykhov,0,1,0.6994632641478701,1,0.7376344086021506,1,0.7190294952119517,1,0.9999489764536393
2025-02-15,UFC Fight Night: Cannonier vs. Rodrigues,Jared Cannonier vs. Gregory Rodrigues,Gregory Rodrigues,Jared Cannonier,1,1,0.6559881995255481,1,0.5833333333333334,1,0.6005258306053923,0,0.2882011455775798
2025-02-15,UFC Fight Night: Cannonier vs. Rodrigues,Julia Avila vs. Jacqueline Cavalcanti,Jacqueline Cavalcanti,Julia Avila,0,1,0.6556676713925624,1,0.5833333333333334,1,0.5861960799534288,1,0.727766512980847
2025-02-15,UFC Fight Night: Cannonier vs. Rodrigues,Rafael Estevam vs. Jesus Aguilar,Jesus Aguilar,Rafael Estevam,1,1,0.6322480427919536,1,0.6533892382948987,1,0.7223084249349984,1,0.9977595238323379
2025-02-15,UFC Fight Night: Cannonier vs. Rodrigues,Rodolfo Vieira vs. Andre Petroski,Andre Petroski,Rodolfo Vieira,0,1,0.6511503107198846,1,0.6533892382948987,1,0.6453717988333477,0,0.33807080615099583
2025-02-15,UFC Fight Night: Cannonier vs. Rodrigues,Vince Morales vs. Elijah Smith,Elijah Smith,Vince Morales,0,1,0.6604497435653826,0,0.3902439024390244,1,0.6182013582603048,1,0.9881811279617715
2025-02-22,UFC Fight Night: Cejudo vs. Song,Alonzo Menifield vs. Julius Walker,Alonzo Menifield,Julius Walker,1,1,0.6606541981961216,0,0.4727272727272727,1,0.5921127914685625,0,0.38413099382721505
2025-02-22,UFC Fight Night: Cejudo vs. Song,Andre Fili vs. Melquizael Costa,Andre Fili,Melquizael Costa,0,1,0.6325908420454399,1,0.5155038759689923,1,0.5425592382170046,0,0.19933655380461893
2025-02-22,UFC Fight Night: Cejudo vs. Song,Brendan Allen vs. Anthony Hernandez,Anthony Hernandez,Brendan Allen,0,1,0.6485910975716076,0,0.40298507462686567,1,0.6297902997272223,0,0.2954810867996827
2025-02-22,UFC Fight Night: Cejudo vs. Song,Henry Cejudo vs. Song Yadong,Henry Cejudo,Song Yadong,0,1,0.6780015017968197,1,0.6533892382948987,1,0.6416193517002884,0,0.466618105199873
2025-02-22,UFC Fight Night: Cejudo vs. Song,Ion Cutelaba vs. Ibo Aslan,Ibo Aslan,Ion Cutelaba,1,1,0.6579449311858646,1,0.5833333333333334,1,0.558684150225669,0,0.006962816870906287
2025-02-22,UFC Fight Night: Cejudo vs. Song,Jean Silva vs. Melsik Baghdasaryan,Jean Silva,Melsik Baghdasaryan,1,1,0.6699928622134026,1,0.7138103161397671,1,0.6902492688050278,1,0.9622505204860057
2025-02-22,UFC Fight Night: Cejudo vs. Song,Mansur Abdul-Malik vs. Nick Klein,Mansur Abdul-Malik,Nick Klein,1,1,0.6447717850511008,1,0.6533892382948987,1,0.7797862821348795,1,0.9578305952686332
2025-02-22,UFC Fight Night: Cejudo vs. Song,Modestas Bukauskas vs. Rafael Cerquiera,Modestas Bukauskas,Rafael Cerquiera,1,1,0.703466376201793,1,0.7708333333333334,1,0.6783566160554457,0,0.3098361457223385
2025-02-22,UFC Fight Night: Cejudo vs. Song,Nikolay Veretennikov vs. Austin Vanderford,Austin Vanderford,Nikolay Veretennikov,0,1,0.6559163916411024,1,0.6533892382948987,1,0.6351402669126761,0,0.03699099927164377
2025-02-22,UFC Fight Night: Cejudo vs. Song,Nursulton Ruziboev vs. Eric McConico,Eric McConico,Nursulton Ruziboev,1,1,0.6364930819476841,1,0.6785009861932939,1,0.7158524180411143,1,0.8239247205846273
2025-02-22,UFC Fight Night: Cejudo vs. Song,Ricky Simon vs. Javid Basharat,Javid Basharat,Ricky Simon,1,1,0.6643777608466874,1,0.5833333333333334,1,0.6085574291033984,1,0.929875364239197
2025-02-22,UFC Fight Night: Cejudo vs. Song,Rob Font vs. Jean Matsumoto,Jean Matsumoto,Rob Font,1,1,0.6875640999436834,1,0.5833333333333334,1,0.5713256107906451,0,0.01790574759599758
2025-03-01,UFC Fight Night: Kape vs. Almabayev,Andrea Lee vs. JJ Aldrich,Andrea Lee,JJ Aldrich,0,1,0.6483134526215165,1,0.6533892382948987,1,0.6350158348900126,1,0.9395736113001578
2025-03-01,UFC Fight Night: Kape vs. Almabayev,Austen Lane vs. Mario Pinto,Austen Lane,Mario Pinto,0,1,0.6682521623320529,1,0.7138103161397671,1,0.7144879856776464,1,0.985647158499536
2025-03-01,UFC Fight Night: Kape vs. Almabayev,Charles Johnson vs. Ramazan Temirov,Charles Johnson,Ramazan Temirov,0,1,0.6415413213000263,1,0.6533892382948987,1,0.5885873117983386,1,0.9754631345630319
2025-03-01,UFC Fight Night: Kape vs. Almabayev,Cody Brundage vs. Julian Marquez,Cody Brundage,Julian Marquez,1,1,0.644761432038106,1,0.6533892382948987,1,0.6519407217462312,1,0.9841028015130608
2025-03-01,UFC Fight Night: Kape vs. Almabayev,Danny Barlow vs. Sam Patterson,Danny Barlow,Sam Patterson,0,1,0.693067592585169,1,0.7376344086021506,1,0.7521988021759894,1,0.9998262251995439
2025-03-01,UFC Fight Night: Kape vs. Almabayev,Danny Silva vs. Lucas Almeida,Danny Silva,Lucas Almeida,1,1,0.6091911596645667,1,0.6533892382948987,1,0.6645071367929091,0,0.2607068898330928
2025-03-01,UFC Fight Night: Kape vs. Almabayev,Hyder Amil vs. William Gomis,Hyder Amil,William Gomis,1,1,0.6652654038038583,1,0.6533892382948987,1,0.6413271622259198,1,0.9209250949618036
2025-03-01,UFC Fight Night: Kape vs. Almabayev,Manel Kape vs. Asu Almabayev,Asu Almabayev,Manel Kape,1,1,0.5754922484980644,0,0.40298507462686567,1,0.6691146690767372,0,0.17962657812025937
2025-03-01,UFC Fight Night: Kape vs. Almabayev,Nasrat Haqparast vs. Esteban Ribovics,Esteban Ribovics,Nasrat Haqparast,1,1,0.6608362611957947,1,0.5833333333333334,1,0.6247324232057292,0,0.10389483387629839
2025-03-01,UFC Fight Night: Kape vs. Almabayev,Ricardo Ramos vs. Chepe Mariscal,Chepe Mariscal,Ricardo Ramos,0,1,0.6137192124021144,0,0.40298507462686567,1,0.6275660626425626,1,0.9964968132297085
2025-03-08,UFC 313: Pereira vs. Ankalaev,Alex Morono vs. Carlos Leal,Alex Morono,Carlos Leal,0,1,0.6094741111657228,1,0.5155038759689923,0,0.41435326297694924,1,0.9453224156454307
2025-03-08,UFC 313: Pereira vs. Ankalaev,Alex Pereira vs. Magomed Ankalaev,Alex Pereira,Magomed Ankalaev,0,1,0.6947879866381877,1,0.7138103161397671,1,0.6513607324117595,1,0.9991427004688485
2025-03-08,UFC 313: Pereira vs. Ankalaev,Amanda Lemos vs. Iasmin Lucindo,Amanda Lemos,Iasmin Lucindo,1,1,0.6761484457630358,1,0.7138103161397671,1,0.6783470478657462,0,0.0991805641158541
2025-03-08,UFC 313: Pereira vs. Ankalaev,Brunno Ferreira vs. Armen Petrosyan,Armen Petrosyan,Brunno Ferreira,1,1,0.7026062918899697,1,0.7138103161397671,1,0.655830328609832,0,0.4020088583740718
2025-03-08,UFC 313: Pereira vs. Ankalaev,Djorden Santos vs. Ozzy Diaz,Djorden Santos,Ozzy Diaz,0,1,0.6122263756346946,1,0.6533892382948987,1,0.7218372953532634,0,0.2319070086280062
2025-03-08,UFC 313: Pereira vs. Ankalaev,Jalin Turner vs. Ignacio Bahamondes,Ignacio Bahamondes,Jalin Turner,0,1,0.619623025010604,1,0.5833333333333334,1,0.580535119725474,0,0.35669886069265955
2025-03-08,UFC 313: Pereira vs. Ankalaev,Joshua Van vs. Rei Tsuruya,Joshua Van,Rei Tsuruya,1,1,0.7382286485471243,1,0.7138103161397671,1,0.6900802952318308,0,0.4850407878328533
2025-03-08,UFC 313: Pereira vs. Ankalaev,Justin Gaethje vs. Rafael Fiziev,Justin Gaethje,Rafael Fiziev,1,1,0.6501777961334982,1,0.5155038759689923,1,0.5805673228140296,0,0.36324082192449075
2025-03-08,UFC 313: Pereira vs. Ankalaev,King Green vs. Mauricio Ruffy,King Green,Mauricio Ruffy,0,1,0.6830238535499618,1,0.6779026217228464,1,0.5778283385964976,1,0.934925077964131
2025-03-08,UFC 313: Pereira vs. Ankalaev,Mairon Santos vs. Francis Marshall,Francis Marshall,Mairon Santos,1,1,0.5801785122093329,1,0.6779026217228464,1,0.6371222354740208,1,0.6763358435227452
2025-03-15,UFC Fight Night: Vettori vs. Dolidze 2,Alexander Hernandez vs. Kurt Holobaugh,Alexander Hernandez,Kurt Holobaugh,1,1,0.635059659268197,1,0.5155038759689923,1,0.5716932182443674,0,0.27345482346006217
2025-03-15,UFC Fight Night: Vettori vs. Dolidze 2,Carlos Vera vs. Josias Musasa,Carlos Vera,Josias Musasa,1,1,0.6968401843679529,1,0.7138103161397671,1,0.6528434933158668,0,0.44067108607395783
2025-03-15,UFC Fight Night: Vettori vs. Dolidze 2,Chidi Njokuani vs. Elizeu Zaleski dos Santos,Chidi Njokuani,Elizeu Zaleski dos Santos,1,1,0.6729003535082811,1,0.5833333333333334,1,0.6193307567442751,1,0.8632273014948543
2025-03-15,UFC Fight Night: Vettori vs. Dolidze 2,Da'Mon Blackshear vs. Cody Gibson,Cody Gibson,Da'Mon Blackshear,1,1,0.6493656416926835,1,0.6533892382948987,1,0.638692564217029,0,0.16576529744992508
2025-03-15,UFC Fight Night: Vettori vs. Dolidze 2,Daniel Barez vs. Andre Lima,Andre Lima,Daniel Barez,0,1,0.5933360384290168,1,0.6779026217228464,1,0.6448888436985404,0,0.2531401436022874
2025-03-15,UFC Fight Night: Vettori vs. Dolidze 2,Diyar Nurgozhay vs. Brendson Ribeiro,Brendson Ribeiro,Diyar Nurgozhay,0,1,0.6650351917785821,1,0.7138103161397671,1,0.6543837513480506,1,0.9842188761457417
2025-03-15,UFC Fight Night: Vettori vs. Dolidze 2,Josiane Nunes vs. Priscila Cachoeira,Josiane Nunes,Priscila Cachoeira,0,1,0.6833819493683917,1,0.7138103161397671,1,0.6514258195880805,0,0.1450177703998872
2025-03-15,UFC Fight Night: Vettori vs. Dolidze 2,Marvin Vettori vs. Roman Dolidze,Marvin Vettori,Roman Dolidze,0,1,0.6524269111831057,1,0.6533892382948987,1,0.6472818429229801,1,0.6895645862970653
2025-03-15,UFC Fight Night: Vettori vs. Dolidze 2,SeungWoo Choi vs. Kevin Vallejos,Kevin Vallejos,SeungWoo Choi,0,1,0.6438008413381733,1,0.6785009861932939,1,0.6634033804670495,0,0.33973936905980145
2025-03-15,UFC Fight Night: Vettori vs. Dolidze 2,Stephanie Luciano vs. Sam Hughes,Sam Hughes,Stephanie Luciano,0,1,0.6218852305501444,1,0.6779026217228464,1,0.5416737859948635,1,0.8005589979172612
2025-03-15,UFC Fight Night: Vettori vs. Dolidze 2,SuYoung You vs. AJ Cunningham,AJ Cunningham,SuYoung You,1,1,0.6625205486671225,1,0.6533892382948987,1,0.6079636656302587,1,0.8992310334343079
2025-03-15,UFC Fight Night: Vettori vs. Dolidze 2,Waldo Cortes Acosta vs. Ryan Spann,Ryan Spann,Waldo Cortes Acosta,1,1,0.6429578059279639,1,0.5155038759689923,1,0.5710516631829473,0,0.40103581154002943
2025-03-15,UFC Fight Night: Vettori vs. Dolidze 2,Yuneisy Duben vs. Carli Judice,Carli Judice,Yuneisy Duben,0,1,0.6622468004994876,1,0.6533892382948987,1,0.6834837790012918,1,0.9999976433455544
2025-03-22,UFC Fight Night: Edwards vs. Brady,Christian Leroy Duncan vs. Andrey Pulyaev,Andrey Pulyaev,Christian Leroy Duncan,1,1,0.6149416228852634,1,0.6785009861932939,1,0.6524097775440217,0,0.15334968762680334
2025-03-22,UFC Fight Night: Edwards vs. Brady,Gunnar Nelson vs. Kevin Holland,Gunnar Nelson,Kevin Holland,0,1,0.663456876228726,1,0.6533892382948987,1,0.6517072961799016,1,0.8982480770175525
2025-03-22,UFC Fight Night: Edwards vs. Brady,Guram Kutateladze vs. Kaue Fernandes,Guram Kutateladze,Kaue Fernandes,0,1,0.6781701696548931,1,0.7376344086021506,1,0.6820222221473353,1,0.5822403744595926
2025-03-22,UFC Fight Night: Edwards vs. Brady,Jai Herbert vs. Chris Padilla,Chris Padilla,Jai Herbert,0,1,0.605184252392257,1,0.5833333333333334,1,0.6270339854376383,1,0.6071218123168795
2025-03-22,UFC Fight Night: Edwards vs. Brady,Jan Blachowicz vs. Carlos Ulberg,Carlos Ulberg,Jan Blachowicz,0,1,0.6646755993741967,1,0.5833333333333334,1,0.6031374539737684,0,0.2553685267235367
2025-03-22,UFC Fight Night: Edwards vs. Brady,Jordan Vucenic vs. Chris Duncan,Chris Duncan,Jordan Vucenic,0,1,0.7021949958331949,1,0.7138103161397671,1,0.7376172393308476,1,0.9989164641584383
2025-03-22,UFC Fight Night: Edwards vs. Brady,Leon Edwards vs. Sean Brady,Leon Edwards,Sean Brady,0,1,0.684724127504887,1,0.5155038759689923,1,0.5776199488829651,0,0.3213824800325133
2025-03-22,UFC Fight Night: Edwards vs. Brady,Lone'er Kavanagh vs. Felipe dos Santos,Felipe dos Santos,Lone'er Kavanagh,1,1,0.6943309004007703,1,0.7138103161397671,1,0.6878137570011887,1,0.5308530570682639
2025-03-22,UFC Fight Night: Edwards vs. Brady,Marcin Tybura vs. Mick Parkin,Marcin Tybura,Mick Parkin,1,1,0.6782153815813816,1,0.6779026217228464,1,0.5514444695037578,0,0.009541202081406514
2025-03-22,UFC Fight Night: Edwards vs. Brady,Molly McCann vs. Alexia Thainara,Alexia Thainara,Molly McCann,0,1,0.641328216600753,0,0.3902439024390244,1,0.5794934429781277,0,0.4038662313455413
2025-03-22,UFC Fight Night: Edwards vs. Brady,Nathan Fletcher vs. Caolan Loughran,Caolan Loughran,Nathan Fletcher,0,1,0.7144158367848523,1,0.7138103161397671,1,0.7133373268322677,0,0.30317711105341283
2025-03-22,UFC Fight Night: Edwards vs. Brady,Nathaniel Wood vs. Morgan Charriere,Morgan Charriere,Nathaniel Wood,1,1,0.6133030505583563,1,0.5833333333333334,1,0.5752125843842214,1,0.8777534621319425
2025-03-22,UFC Fight Night: Edwards vs. Brady,Shauna Bannon vs. Puja Tomar,Puja Tomar,Shauna Bannon,1,1,0.6300639965745682,1,0.6533892382948987,1,0.6025849678963455,1,0.6552466048329575
2025-03-29,UFC Fight Night: Moreno vs. Erceg,Brandon Moreno vs. Steve Erceg,Brandon Moreno,Steve Erceg,1,1,0.6542824419888034,1,0.5155038759689923,1,0.6041612850860654,0,0.19994103627547308
2025-03-29,UFC Fight Night: Moreno vs. Erceg,Christian Rodriguez vs. Melquizael Costa,Christian Rodriguez,Melquizael Costa,0,1,0.6143973059039558,1,0.5155038759689923,1,0.6051320583347574,1,0.7119639835821858
2025-03-29,UFC Fight Night: Moreno vs. Erceg,David Martinez vs. Saimon Oliveira,David Martinez,Saimon Oliveira,1,1,0.5839432722526754,0,0.3902439024390244,1,0.6155857657580259,0,0.059968898071422055
2025-03-29,UFC Fight Night: Moreno vs. Erceg,Edgar Chairez vs. CJ Vergara,CJ Vergara,Edgar Chairez,1,1,0.6873723259826818,1,0.6533892382948987,1,0.6944928031438735,1,0.9992869801019018
2025-03-29,UFC Fight Night: Moreno vs. Erceg,Jamall Emmers vs. Gabriel Miranda,Gabriel Miranda,Jamall Emmers,1,1,0.6366076011554994,1,0.5833333333333334,1,0.6001141856982986,1,0.7973261668091809
2025-03-29,UFC Fight Night: Moreno vs. Erceg,Jose Daniel Medina vs. Ateba Gautier,Ateba Gautier,Jose Daniel Medina,0,1,0.6151465779767714,1,0.7376344086021506,1,0.6580252459067887,0,0.3558021408375027
2025-03-29,UFC Fight Night: Moreno vs. Erceg,Loopy Godinez vs. Julia Polastri,Julia Polastri,Loopy Godinez,1,1,0.6413900350802979,1,0.5833333333333334,1,0.5682989208357828,1,0.9969136235466661
2025-03-29,UFC Fight Night: Moreno vs. Erceg,Manuel Torres vs. Drew Dober,Drew Dober,Manuel Torres,1,1,0.6457548734752757,1,0.5155038759689923,1,0.5280465819407784,1,0.9162501444046109
2025-03-29,UFC Fight Night: Moreno vs. Erceg,MarQuel Mederos vs. Austin Hubbard,Austin Hubbard,MarQuel Mederos,1,1,0.6381778042991294,1,0.6533892382948987,1,0.6388537163799354,0,0.46708870067129077
2025-03-29,UFC Fight Night: Moreno vs. Erceg,Rafa Garcia vs. Vinc Pichel,Rafa Garcia,Vinc Pichel,1,1,0.6223322766337246,1,0.5833333333333334,1,0.5838874771820577,0,0.13986860824949024
2025-03-29,UFC Fight Night: Moreno vs. Erceg,Raul Rosas Jr. vs. Vince Morales,Raul Rosas Jr.,Vince Morales,1,1,0.6637350194990006,1,0.6533892382948987,1,0.6371657563751845,0,0.005513260987786151
2025-03-29,UFC Fight Night: Moreno vs. Erceg,Ronaldo Rodriguez vs. Kevin Borjas,Kevin Borjas,Ronaldo Rodriguez,0,1,0.6796694414960948,1,0.7376344086021506,1,0.5679318092484255,0,0.4830958351349197
2025-04-05,UFC Fight Night: Emmett vs. Murphy,Brad Tavares vs. Gerald Meerschaert,Brad Tavares,Gerald Meerschaert,1,1,0.6444240716848433,1,0.5155038759689923,1,0.5829578612950188,1,0.7369850762783773
2025-04-05,UFC Fight Night: Emmett vs. Murphy,Cortavious Romious vs. ChangHo Lee,ChangHo Lee,Cortavious Romious,0,1,0.6590536254329119,1,0.7376344086021506,1,0.711291729471838,1,0.5594058713260195
2025-04-05,UFC Fight Night: Emmett vs. Murphy,Diana Belbita vs. Dione Barbosa,Diana Belbita,Dione Barbosa,0,1,0.6414726982672285,1,0.6533892382948987,1,0.6022455511214444,1,0.551042578838647
2025-04-05,UFC Fight Night: Emmett vs. Murphy,Josh Emmett vs. Lerone Murphy,Josh Emmett,Lerone Murphy,0,1,0.651797867066602,1,0.6533892382948987,1,0.6222218048432919,1,0.9085473827523305
2025-04-05,UFC Fight Night: Emmett vs. Murphy,Loma Lookboonmee vs. Istela Nunes,Istela Nunes,Loma Lookboonmee,1,1,0.6724276923526171,1,0.7376344086021506,1,0.6367605802000225,0,0.31910152025805133
2025-04-05,UFC Fight Night: Emmett vs. Murphy,Martin Buday vs. Uran Satybaldiev,Martin Buday,Uran Satybaldiev,1,1,0.670417940166684,0,0.0,1,0.6658137903308305,1,0.5930815968764616
2025-04-05,UFC Fight Night: Emmett vs. Murphy,Ode Osbourne vs. Luis Gurule,Luis Gurule,Ode Osbourne,1,1,0.6469387030422076,1,0.6785009861932939,1,0.6271037056040246,1,0.7432857644036368
2025-04-05,UFC Fight Night: Emmett vs. Murphy,Pat Sabatini vs. Joanderson Brito,Joanderson Brito,Pat Sabatini,1,1,0.6734475537676063,1,0.6533892382948987,1,0.6618976914302773,1,0.8916884100072349
2025-04-05,UFC Fight Night: Emmett vs. Murphy,Rhys McKee vs. Daniel Frunza,Daniel Frunza,Rhys McKee,1,1,0.6679304625936976,1,0.6533892382948987,1,0.6104812464917626,1,0.8657802106786747
2025-04-05,UFC Fight Night: Emmett vs. Murphy,Torrez Finney vs. Robert Valentin,Robert Valentin,Torrez Finney,1,1,0.6238771418927914,1,0.6533892382948987,1,0.6936048666352422,1,0.545668396911655
2025-04-05,UFC Fight Night: Emmett vs. Murphy,Vanessa Demopoulos vs. Talita Alencar,Talita Alencar,Vanessa Demopoulos,0,1,0.6564741523570585,1,0.7138103161397671,1,0.658168946424021,0,0.3340051238947563
2025-04-05,UFC Fight Night: Emmett vs. Murphy,Victor Henry vs. Pedro Falcao,Pedro Falcao,Victor Henry,1,1,0.5957027532241839,1,0.6785009861932939,1,0.6125025187540364,1,0.8287267459385038
2025-04-12,UFC 314: Volkanovski vs. Lopes,Alexander Volkanovski vs. Diego Lopes,Alexander Volkanovski,Diego Lopes,1,1,0.648482971689322,1,0.6779026217228464,1,0.6134719769691145,1,0.5495114171245186
2025-04-12,UFC 314: Volkanovski vs. Lopes,Bryce Mitchell vs. Jean Silva,Bryce Mitchell,Jean Silva,0,1,0.6231661128921173,1,0.6779026217228464,1,0.7059811459073323,1,0.6136975541995852
2025-04-12,UFC 314: Volkanovski vs. Lopes,Dan Ige vs. Sean Woodson,Dan Ige,Sean Woodson,1,1,0.6394463709770788,1,0.5155038759689923,1,0.5272241820805644,1,0.8880469123681197
2025-04-12,UFC 314: Volkanovski vs. Lopes,Darren Elkins vs. Julian Erosa,Darren Elkins,Julian Erosa,0,1,0.6416512301817231,1,0.6779026217228464,1,0.55852048053795,1,0.8717982977207044
2025-04-12,UFC 314: Volkanovski vs. Lopes,Jim Miller vs. Chase Hooper,Chase Hooper,Jim Miller,0,1,0.6476634983697598,1,0.5833333333333334,0,0.44670787914961285,0,0.013844301922771968
2025-04-12,UFC 314: Volkanovski vs. Lopes,Michael Chandler vs. Paddy Pimblett,Michael Chandler,Paddy Pimblett,0,1,0.6418341784114848,1,0.6533892382948987,1,0.6466260849176304,0,0.2499118735862336
2025-04-12,UFC 314: Volkanovski vs. Lopes,Nikita Krylov vs. Dominick Reyes,Dominick Reyes,Nikita Krylov,0,1,0.6712109656310997,1,0.5833333333333334,1,0.600893160627967,1,0.7473678933342813
2025-04-12,UFC 314: Volkanovski vs. Lopes,Nora Cornolle vs. Hailey Cowan,Hailey Cowan,Nora Cornolle,1,1,0.6159022124295693,1,0.6785009861932939,1,0.5791349604882622,1,0.9998739270594481
2025-04-12,UFC 314: Volkanovski vs. Lopes,Sedriques Dumas vs. Michal Oleksiejczuk,Michal Oleksiejczuk,Sedriques Dumas,0,1,0.6751653896329805,1,0.5155038759689923,1,0.6069153523723262,1,0.8694527839982448
2025-04-12,UFC 314: Volkanovski vs. Lopes,Sumudaerji vs. Mitch Raposo,Mitch Raposo,Sumudaerji,1,1,0.6777701466410443,1,0.6785009861932939,1,0.6315322936129641,0,0.32160246980732493
2025-04-12,UFC 314: Volkanovski vs. Lopes,Tresean Gore vs. Marco Tulio,Marco Tulio,Tresean Gore,0,1,0.6346823514314113,1,0.5833333333333334,1,0.6552135342447883,1,0.8026530081060304
2025-04-12,UFC 314: Volkanovski vs. Lopes,Yair Rodriguez vs. Patricio Freire,Patricio Freire,Yair Rodriguez,1,1,0.6361190209635561,0,0.3902439024390244,1,0.558357047624316,1,0.9967335274951081
2025-04-12,UFC 314: Volkanovski vs. Lopes,Yan Xiaonan vs. Virna Jandiroba,Virna Jandiroba,Yan Xiaonan,0,1,0.6076510878294303,1,0.6785009861932939,1,0.6150665837538493,1,0.964660686729361
2025-04-26,UFC Fight Night: Machado Garry vs. Prates,Anthony Smith vs. Zhang Mingyang,Anthony Smith,Zhang Mingyang,0,1,0.700963427343529,1,0.5155038759689923,1,0.5099217495056092,0,0.005596103601229568
2025-04-26,UFC Fight Night: Machado Garry vs. Prates,Chelsea Chandler vs. Joselyne Edwards,Chelsea Chandler,Joselyne Edwards,0,1,0.652518286235149,1,0.6785009861932939,1,0.6168563817919014,0,0.3578355138220902
2025-04-26,UFC Fight Night: Machado Garry vs. Prates,Chris Gutierrez vs. John Castaneda,Chris Gutierrez,John Castaneda,1,1,0.6620958669015311,1,0.5155038759689923,1,0.5875390493125145,1,0.9728892937534964
2025-04-26,UFC Fight Night: Machado Garry vs. Prates,Da'Mon Blackshear vs. Alatengheili,Alatengheili,Da'Mon Blackshear,1,1,0.6396194739998715,1,0.6533892382948987,1,0.642252094183385,1,0.9893539765050959
2025-04-26,UFC Fight Night: Machado Garry vs. Prates,Evan Elder vs. Gauge Young,Evan Elder,Gauge Young,1,1,0.6749751077713909,1,0.7138103161397671,1,0.6739612976505799,1,0.9766208406613113
2025-04-26,UFC Fight Night: Machado Garry vs. Prates,Giga Chikadze vs. David Onama,David Onama,Giga Chikadze,0,1,0.6746182237905989,1,0.7138103161397671,1,0.6415054789045453,0,0.4606680026899101
2025-04-26,UFC Fight Night: Machado Garry vs. Prates,Ian Machado Garry vs. Carlos Prates,Carlos Prates,Ian Machado Garry,1,1,0.5974232235749724,1,0.5833333333333334,1,0.627672214815039,1,0.9250891974108724
2025-04-26,UFC Fight Night: Machado Garry vs. Prates,Ikram Aliskerov vs. Andre Muniz,Andre Muniz,Ikram Aliskerov,1,1,0.613967322963764,1,0.6779026217228464,1,0.6212695779979032,0,0.2134193815989167
2025-04-26,UFC Fight Night: Machado Garry vs. Prates,Jaqueline Amorim vs. Polyana Viana,Jaqueline Amorim,Polyana Viana,1,1,0.6755592175860757,1,0.5833333333333334,1,0.6475830118638234,0,0.4224287567759035
2025-04-26,UFC Fight Night: Machado Garry vs. Prates,Malcolm Wellmaker vs. Cameron Saaiman,Cameron Saaiman,Malcolm Wellmaker,1,1,0.6566944244465593,1,0.7138103161397671,1,0.6215415627497068,1,0.9388503901788171
2025-04-26,UFC Fight Night: Machado Garry vs. Prates,Matt Schnell vs. Jimmy Flick,Jimmy Flick,Matt Schnell,1,1,0.6391478450939121,1,0.5833333333333334,1,0.586519615741764,1,0.6410881665015971
2025-04-26,UFC Fight Night: Machado Garry vs. Prates,Michel Pereira vs. Abus Magomedov,Abus Magomedov,Michel Pereira,0,1,0.6657898180317484,1,0.7138103161397671,1,0.6677261898771171,0,0.009902328924875293
2025-04-26,UFC Fight Night: Machado Garry vs. Prates,Randy Brown vs. Nicolas Dalby,Nicolas Dalby,Randy Brown,1,1,0.6624671859009168,1,0.5833333333333334,1,0.5924485673735144,1,0.6987547419232633
2025-04-26,UFC Fight Night: Machado Garry vs. Prates,Timmy Cuamba vs. Roberto Romero,Roberto Romero,Timmy Cuamba,1,1,0.6342815118402142,1,0.6533892382948987,1,0.591776666313372,1,0.9637629568193676
2025-05-03,UFC Fight Night: Sandhagen vs. Figueiredo,Cameron Smotherman vs. Serhiy Sidey,Cameron Smotherman,Serhiy Sidey,0,1,0.6087563013051167,1,0.6533892382948987,1,0.6667174059058132,1,0.8002284070248694
2025-05-03,UFC Fight Night: Sandhagen vs. Figueiredo,Cory Sandhagen vs. Deiveson Figueiredo,Cory Sandhagen,Deiveson Figueiredo,1,1,0.6486626283351018,1,0.6785009861932939,1,0.6101793417203218,0,0.46591132098221866
2025-05-03,UFC Fight Night: Sandhagen vs. Figueiredo,Gaston Bolanos vs. Quang Le,Gaston Bolanos,Quang Le,0,1,0.6726991061156216,1,0.6533892382948987,1,0.6840901447069913,1,0.9189006196509062
2025-05-03,UFC Fight Night: Sandhagen vs. Figueiredo,Jeremy Stephens vs. Mason Jones,Jeremy Stephens,Mason Jones,0,1,0.6782779982442979,1,0.5155038759689923,0,0.42847147696209553,1,0.9989429020104165
2025-05-03,UFC Fight Night: Sandhagen vs. Figueiredo,Juliana Miller vs. Ivana Petrovic,Ivana Petrovic,Juliana Miller,1,1,0.6268256195080962,1,0.6533892382948987,1,0.6042960369945951,0,0.01884466821267534
2025-05-03,UFC Fight Night: Sandhagen vs. Figueiredo,Marina Rodriguez vs. Gillian Robertson,Gillian Robertson,Marina Rodriguez,0,1,0.6434945387794628,1,0.6533892382948987,1,0.6062576538273485,1,0.7679165566415465
2025-05-03,UFC Fight Night: Sandhagen vs. Figueiredo,Montel Jackson vs. Daniel Marcos,Daniel Marcos,Montel Jackson,1,1,0.6804976029509963,1,0.5833333333333334,1,0.5852996985378199,1,0.7592929892174032
2025-05-03,UFC Fight Night: Sandhagen vs. Figueiredo,Reinier de Ridder vs. Bo Nickal,Bo Nickal,Reinier de Ridder,1,1,0.672452172554718,1,0.6533892382948987,1,0.6842008503107092,0,0.10574092698166351
2025-05-03,UFC Fight Night: Sandhagen vs. Figueiredo,Ryan Loder vs. Azamat Bekoev,Azamat Bekoev,Ryan Loder,0,1,0.5926961718421829,1,0.6533892382948987,1,0.6205309977517481,1,0.994181159961563
2025-05-03,UFC Fight Night: Sandhagen vs. Figueiredo,Santiago Ponzinibbio vs. Daniel Rodriguez,Daniel Rodriguez,Santiago Ponzinibbio,0,1,0.6603773038784286,1,0.5833333333333334,1,0.6311019843436614,0,0.04833356974495024
2025-05-03,UFC Fight Night: Sandhagen vs. Figueiredo,Thomas Petersen vs. Don'Tale Mayes,Don'Tale Mayes,Thomas Petersen,1,1,0.6443806846834759,1,0.5155038759689923,1,0.630433410393572,1,0.6733014183059838
2025-05-03,UFC Fight Night: Sandhagen vs. Figueiredo,Yana Santos vs. Miesha Tate,Miesha Tate,Yana Santos,1,1,0.6406802216155602,1,0.6533892382948987,1,0.6169694986147086,1,0.5057711792090279
2025-05-10,UFC 315: Muhammad vs. Della Maddalena,Alexa Grasso vs. Natalia Silva,Alexa Grasso,Natalia Silva,0,1,0.6060945109002767,1,0.5155038759689923,1,0.5298253852071646,0,0.026195088058758136
2025-05-10,UFC 315: Muhammad vs. Della Maddalena,Belal Muhammad vs. Jack Della Maddalena,Belal Muhammad,Jack Della Maddalena,0,1,0.6249740416719135,1,0.6779026217228464,1,0.6043661211054022,0,0.008688336360664363
2025-05-10,UFC 315: Muhammad vs. Della Maddalena,Benoit Saint Denis vs. Kyle Prepolec,Benoit Saint Denis,Kyle Prepolec,1,1,0.6397354903297522,1,0.6779026217228464,1,0.6031730880611011,1,0.9954897584494818
2025-05-10,UFC 315: Muhammad vs. Della Maddalena,Brad Katona vs. Bekzat Almakhan,Bekzat Almakhan,Brad Katona,0,1,0.6858768204565197,1,0.6785009861932939,1,0.6848388468737905,1,0.6619383688493528
2025-05-10,UFC 315: Muhammad vs. Della Maddalena,Daniel Santos vs. JeongYeong Lee,Daniel Santos,JeongYeong Lee,1,1,0.616716568432663,1,0.6533892382948987,1,0.6397002832390539,0,0.4306063163197205
2025-05-10,UFC 315: Muhammad vs. Della Maddalena,Jessica Andrade vs. Jasmine Jasudavicius,Jasmine Jasudavicius,Jessica Andrade,0,1,0.6607613268350712,1,0.5833333333333334,1,0.5865833377140821,1,0.98656460291649
2025-05-10,UFC 315: Muhammad vs. Della Maddalena,Jose Aldo vs. Aiemann Zahabi,Aiemann Zahabi,Jose Aldo,0,1,0.6843998818084072,1,0.5833333333333334,1,0.5986356460880843,0,0.33054993007321415
2025-05-10,UFC 315: Muhammad vs. Della Maddalena,Marc-Andre Barriault vs. Bruno Silva,Bruno Silva,Marc-Andre Barriault,1,1,0.6657260829317911,1,0.6533892382948987,1,0.6414569279189384,0,0.019535155144918416
2025-05-10,UFC 315: Muhammad vs. Della Maddalena,Mike Malott vs. Charles Radtke,Charles Radtke,Mike Malott,1,1,0.6471168114450384,1,0.5833333333333334,1,0.679405152219358,1,0.8081471843748449
2025-05-10,UFC 315: Muhammad vs. Della Maddalena,Modestas Bukauskas vs. Ion Cutelaba,Ion Cutelaba,Modestas Bukauskas,1,1,0.646970685414511,1,0.5155038759689923,1,0.5454808783771348,0,0.23080464687949184
2025-05-10,UFC 315: Muhammad vs. Della Maddalena,Navajo Stirling vs. Ivan Erslan,Ivan Erslan,Navajo Stirling,1,1,0.5405172417066981,1,0.6533892382948987,1,0.6225081410642134,1,0.9939763901671556
2025-05-10,UFC 315: Muhammad vs. Della Maddalena,Valentina Shevchenko vs. Manon Fiorot,Manon Fiorot,Valentina Shevchenko,1,1,0.6859424710771147,1,0.6533892382948987,1,0.6550706623138326,1,0.52925508425243
2025-05-17,UFC Fight Night: Burns vs. Morales,Dustin Stoltzfus vs. Nursulton Ruziboev,Dustin Stoltzfus,Nursulton Ruziboev,0,1,0.62948351717604,1,0.6779026217228464,1,0.6540057645305948,1,0.6049055023394645
2025-05-17,UFC Fight Night: Burns vs. Morales,Elise Reed vs. Denise Gomes,Denise Gomes,Elise Reed,0,1,0.6016401353479067,1,0.5833333333333334,1,0.5885936574669556,0,0.49504812541235416
2025-05-17,UFC Fight Night: Burns vs. Morales,Gabe Green vs. Matheus Camilo,Gabe Green,Matheus Camilo,1,1,0.6738741626135171,1,0.7138103161397671,1,0.6597938184921238,1,0.6575547739956084
2025-05-17,UFC Fight Night: Burns vs. Morales,Gilbert Burns vs. Michael Morales,Gilbert Burns,Michael Morales,0,1,0.649670632322116,1,0.6779026217228464,1,0.5384980731214192,0,0.04004013139169585
2025-05-17,UFC Fight Night: Burns vs. Morales,HyunSung Park vs. Carlos Hernandez,Carlos Hernandez,HyunSung Park,1,1,0.6441782726370896,1,0.6533892382948987,1,0.6790266362831938,1,0.9958020268566472
2025-05-17,UFC Fight Night: Burns vs. Morales,Jared Gordon vs. Thiago Moises,Jared Gordon,Thiago Moises,1,1,0.6634972016081276,1,0.6533892382948987,1,0.6571241182379092,1,0.993682316079425
2025-05-17,UFC Fight Night: Burns vs. Morales,Julian Erosa vs. Melquizael Costa,Julian Erosa,Melquizael Costa,0,1,0.6367573915258223,1,0.5155038759689923,1,0.5839269344110058,0,0.36484787269195895
2025-05-17,UFC Fight Night: Burns vs. Morales,Luana Santos vs. Tainara Lisboa,Luana Santos,Tainara Lisboa,1,1,0.6753315065619081,1,0.6533892382948987,1,0.6296876450435096,0,0.047389956270190006
2025-05-17,UFC Fight Night: Burns vs. Morales,Sodiq Yusuff vs. Mairon Santos,Mairon Santos,Sodiq Yusuff,0,1,0.6567792481314537,1,0.5833333333333334,1,0.6002451283642242,0,0.23941785042387753
2025-05-17,UFC Fight Night: Burns vs. Morales,Tecia Pennington vs. Luana Pinheiro,Luana Pinheiro,Tecia Pennington,1,1,0.6626167178782204,1,0.7138103161397671,1,0.5743857904007675,1,0.770854606412055
2025-05-17,UFC Fight Night: Burns vs. Morales,Yadier del Valle vs. Connor Matthews,Connor Matthews,Yadier del Valle,1,1,0.6539242103136165,1,0.7138103161397671,1,0.6635278210406165,1,0.9435064774454639
2025-05-31,UFC Fight Night: Blanchfield vs. Barber,Billy Ray Goff vs. Ramiz Brahimaj,Billy Ray Goff,Ramiz Brahimaj,0,1,0.6568563220760197,1,0.6533892382948987,1,0.6248379592078581,0,0.48130734773108197
2025-05-31,UFC Fight Night: Blanchfield vs. Barber,Bolaji Oki vs. Michael Aswell Jr.,Bolaji Oki,Michael Aswell Jr.,1,1,0.6628332791317816,1,0.7138103161397671,1,0.715495907534379,1,0.9954358501055419
2025-05-31,UFC Fight Night: Blanchfield vs. Barber,Dustin Jacoby vs. Bruno Lopes,Bruno Lopes,Dustin Jacoby,1,1,0.5701860544517359,0,0.40298507462686567,0,0.3443136674712383,1,0.96020502459823
2025-05-31,UFC Fight Night: Blanchfield vs. Barber,Jafel Filho vs. Allan Nascimento,Allan Nascimento,Jafel Filho,0,1,0.6224780048393597,1,0.6533892382948987,1,0.6652596788151136,0,0.32348667313410295
2025-05-31,UFC Fight Night: Blanchfield vs. Barber,Ketlen Vieira vs. Macy Chiasson,Ketlen Vieira,Macy Chiasson,1,1,0.6839195493960879,1,0.7138103161397671,1,0.6112330714919766,1,0.6284003828534442
2025-05-31,UFC Fight Night: Blanchfield vs. Barber,Kurt Holobaugh vs. Jordan Leavitt,Jordan Leavitt,Kurt Holobaugh,0,1,0.6731265011652613,1,0.7138103161397671,1,0.6274884045733546,0,0.0006477272719914455
2025-05-31,UFC Fight Night: Blanchfield vs. Barber,Mateusz Gamrot vs. Ludovit Klein,Ludovit Klein,Mateusz Gamrot,1,1,0.674614886905922,1,0.5833333333333334,1,0.6731050124791631,0,0.27909016281821375
2025-05-31,UFC Fight Night: Blanchfield vs. Barber,Rayanne dos Santos vs. Alice Ardelean,Alice Ardelean,Rayanne dos Santos,0,1,0.6624973026559681,1,0.7138103161397671,1,0.6717496332476143,1,0.8908580878471104
2025-05-31,UFC Fight Night: Blanchfield vs. Barber,Zach Reese vs. Dusko Todorovic,Dusko Todorovic,Zach Reese,1,1,0.6510900542930615,1,0.5155038759689923,1,0.5994586314583832,1,0.9588207697416203
2025-06-07,UFC 316: Dvalishvili vs. O'Malley 2,Ariane da Silva vs. Wang Cong,Ariane da Silva,Wang Cong,0,1,0.663859998786119,1,0.6779026217228464,1,0.5843179598418384,1,0.9962194044037869
2025-06-07,UFC 316: Dvalishvili vs. O'Malley 2,Azamat Murzakanov vs. Brendson Ribeiro,Azamat Murzakanov,Brendson Ribeiro,1,1,0.6491688651534722,1,0.5833333333333334,1,0.6323584488887692,0,0.29809126341954006
2025-06-07,UFC 316: Dvalishvili vs. O'Malley 2,Bruno Silva vs. Joshua Van,Bruno Silva,Joshua Van,0,1,0.6232675905706228,1,0.5155038759689923,1,0.5402886725905374,1,0.9977883826720475
2025-06-07,UFC 316: Dvalishvili vs. O'Malley 2,Jeka Saragih vs. JooSang Yoo,Jeka Saragih,JooSang Yoo,0,1,0.6784345197747067,1,0.7138103161397671,1,0.7412843750203748,1,0.9967002939916175
2025-06-07,UFC 316: Dvalishvili vs. O'Malley 2,Julianna Pena vs. Kayla Harrison,Julianna Pena,Kayla Harrison,0,1,0.6495661812988728,1,0.6533892382948987,1,0.6751100695020499,1,0.996315820261997
2025-06-07,UFC 316: Dvalishvili vs. O'Malley 2,Kelvin Gastelum vs. Joe Pyfer,Joe Pyfer,Kelvin Gastelum,0,1,0.6487434081102745,1,0.5833333333333334,1,0.5493711555572851,0,0.0262885365536074
2025-06-07,UFC 316: Dvalishvili vs. O'Malley 2,Khaos Williams vs. Andreas Gustafsson,Andreas Gustafsson,Khaos Williams,0,1,0.6410733891649767,1,0.6785009861932939,1,0.6353041398607394,1,0.8765094262346512
2025-06-07,UFC 316: Dvalishvili vs. O'Malley 2,MarQuel Mederos vs. Mark Choinski,MarQuel Mederos,Mark Choinski,1,1,0.6663626833999852,1,0.7138103161397671,1,0.659142310917023,1,0.9890150566693757
2025-06-07,UFC 316: Dvalishvili vs. O'Malley 2,Mario Bautista vs. Patchy Mix,Mario Bautista,Patchy Mix,1,1,0.6611007300469053,0,0.4727272727272727,1,0.6350858730404344,1,0.9828822642899656
2025-06-07,UFC 316: Dvalishvili vs. O'Malley 2,Merab Dvalishvili vs. Sean O'Malley,Merab Dvalishvili,Sean O'Malley,1,1,0.5609353956276467,1,0.6779026217228464,1,0.5005597913599675,0,0.17049470928295515
2025-06-07,UFC 316: Dvalishvili vs. O'Malley 2,Quillan Salkilld vs. Yanal Ashmouz,Quillan Salkilld,Yanal Ashmouz,1,1,0.6284277794823233,1,0.5833333333333334,1,0.6715596729226978,1,0.6350475001325285
2025-06-07,UFC 316: Dvalishvili vs. O'Malley 2,Serghei Spivac vs. Waldo Cortes Acosta,Serghei Spivac,Waldo Cortes Acosta,0,1,0.6504833600933365,1,0.6533892382948987,1,0.6119206249442608,0,0.02551744424002314
2025-06-07,UFC 316: Dvalishvili vs. O'Malley 2,Vicente Luque vs. Kevin Holland,Kevin Holland,Vicente Luque,0,1,0.6746963916058379,1,0.6533892382948987,1,0.666450062479135,0,0.45065599377866306
2025-06-14,UFC Fight Night: Usman vs. Buckley,Alonzo Menifield vs. Oumar Sy,Alonzo Menifield,Oumar Sy,1,1,0.6609286129989654,1,0.5155038759689923,1,0.5302910775552581,1,0.7055027685985201
2025-06-14,UFC Fight Night: Usman vs. Buckley,Cody Durden vs. Jose Ochoa,Cody Durden,Jose Ochoa,0,1,0.6139989310850429,1,0.6779026217228464,1,0.6121442607891082,1,0.8896456810934734
2025-06-14,UFC Fight Night: Usman vs. Buckley,Cody Garbrandt vs. Raoni Barcelos,Cody Garbrandt,Raoni Barcelos,0,1,0.657248157098395,1,0.6533892382948987,1,0.6502613543828758,1,0.9316382772915118
2025-06-14,UFC Fight Night: Usman vs. Buckley,Edmen Shahbazyan vs. Andre Petroski,Andre Petroski,Edmen Shahbazyan,1,1,0.6409861628628034,1,0.6533892382948987,1,0.6506039025405023,1,0.5353300578586311
2025-06-14,UFC Fight Night: Usman vs. Buckley,Jamey-Lyn Horth vs. Vanessa Demopoulos,Jamey-Lyn Horth,Vanessa Demopoulos,1,1,0.691984492636826,1,0.6533892382948987,1,0.646585007328832,0,0.01086011563562795
2025-06-14,UFC Fight Night: Usman vs. Buckley,Kamaru Usman vs. Joaquin Buckley,Joaquin Buckley,Kamaru Usman,1,1,0.6866727015234614,1,0.6533892382948987,1,0.7270339343046408,0,0.14198967735409795
2025-06-14,UFC Fight Night: Usman vs. Buckley,Malcolm Wellmaker vs. Kris Moutinho,Kris Moutinho,Malcolm Wellmaker,1,1,0.6859964424905015,1,0.7138103161397671,1,0.6572680710791621,0,0.08009388280811909
2025-06-14,UFC Fight Night: Usman vs. Buckley,Michael Chiesa vs. Court McGee,Court McGee,Michael Chiesa,1,1,0.6894718042270307,1,0.7138103161397671,1,0.6306113774374643,1,0.7363659135955458
2025-06-14,UFC Fight Night: Usman vs. Buckley,Phil Rowe vs. Ange Loosa,Ange Loosa,Phil Rowe,1,1,0.6764661795726172,1,0.6533892382948987,1,0.6327102718984906,1,0.6228400294960688
2025-06-14,UFC Fight Night: Usman vs. Buckley,Ricky Simon vs. Cameron Smotherman,Cameron Smotherman,Ricky Simon,1,1,0.6421817067357977,1,0.5833333333333334,1,0.5775983772610104,1,0.8135723422722995
2025-06-14,UFC Fight Night: Usman vs. Buckley,Rose Namajunas vs. Miranda Maverick,Miranda Maverick,Rose Namajunas,1,1,0.6564506445679136,1,0.6533892382948987,1,0.6199318842541744,1,0.7462279976119438
2025-06-21,UFC Fight Night: Hill vs. Rountree Jr.,Curtis Blaydes vs. Rizvan Kuniev,Curtis Blaydes,Rizvan Kuniev,1,1,0.6599201635522743,0,0.4727272727272727,1,0.6623810322344545,1,0.999989276277789
2025-06-21,UFC Fight Night: Hill vs. Rountree Jr.,Daria Zhelezniakova vs. Melissa Mullins,Daria Zhelezniakova,Melissa Mullins,1,1,0.6363395057804518,1,0.6533892382948987,1,0.6794149332836462,0,0.014792102514486751
2025-06-21,UFC Fight Night: Hill vs. Rountree Jr.,Hamdy Abdelwahab vs. Mohammed Usman,Hamdy Abdelwahab,Mohammed Usman,0,1,0.694877309730322,1,0.7138103161397671,1,0.6919594890423229,1,0.9732471769683343
2025-06-21,UFC Fight Night: Hill vs. Rountree Jr.,Irina Alekseeva vs. Klaudia Sygula,Irina Alekseeva,Klaudia Sygula,0,1,0.5921405408292312,1,0.6533892382948987,1,0.6641792401255917,1,0.9157060150438281
2025-06-21,UFC Fight Night: Hill vs. Rountree Jr.,Ismail Naurdiev vs. JunYong Park,Ismail Naurdiev,JunYong Park,0,1,0.6190120653124738,1,0.5833333333333334,1,0.617115874958603,0,0.23088584333211362
2025-06-21,UFC Fight Night: Hill vs. Rountree Jr.,Jamahal Hill vs. Khalil Rountree Jr.,Jamahal Hill,Khalil Rountree Jr.,0,1,0.6654491083218618,1,0.5833333333333334,1,0.6344713019799361,0,0.01737843529672634
2025-06-21,UFC Fight Night: Hill vs. Rountree Jr.,Muhammad Naimov vs. Bogdan Grad,Bogdan Grad,Muhammad Naimov,1,1,0.6848549980466424,0,0.40298507462686567,1,0.6819242800448821,1,0.8263492826568436
2025-06-21,UFC Fight Night: Hill vs. Rountree Jr.,Nazim Sadykhov vs. Nikolas Motta,Nazim Sadykhov,Nikolas Motta,1,1,0.6638219826818945,1,0.6533892382948987,1,0.7032379422526366,1,0.9986554276837638
2025-06-21,UFC Fight Night: Hill vs. Rountree Jr.,Rafael Fiziev vs. Ignacio Bahamondes,Ignacio Bahamondes,Rafael Fiziev,1,1,0.633924645039596,1,0.5833333333333334,1,0.6277266677527367,1,0.9616155659278525
2025-06-21,UFC Fight Night: Hill vs. Rountree Jr.,Seokhyeon Ko vs. Oban Elliott,Oban Elliott,Seokhyeon Ko,1,1,0.6995402609589775,1,0.7138103161397671,1,0.6986981709542922,1,0.7110068324411581
2025-06-21,UFC Fight Night: Hill vs. Rountree Jr.,Tagir Ulanbekov vs. Azat Maksum,Azat Maksum,Tagir Ulanbekov,1,1,0.5869715320389559,1,0.6785009861932939,1,0.6492514024201523,1,0.9858463775706245
2025-06-21,UFC Fight Night: Hill vs. Rountree Jr.,Tofiq Musayev vs. Myktybek Orolbai,Myktybek Orolbai,Tofiq Musayev,0,1,0.6224178519535583,1,0.6533892382948987,1,0.7128475467866972,1,0.8690487850514828
2025-06-28,UFC 317: Topuria vs. Oliveira,Alexandre Pantoja vs. Kai Kara-France,Alexandre Pantoja,Kai Kara-France,1,1,0.6563067092948323,1,0.6533892382948987,1,0.6282186804342671,1,0.6173789823800213
2025-06-28,UFC 317: Topuria vs. Oliveira,Beneil Dariush vs. Renato Moicano,Beneil Dariush,Renato Moicano,1,1,0.6526175175453486,1,0.7138103161397671,1,0.6368265787341654,0,0.06613761710965822
2025-06-28,UFC 317: Topuria vs. Oliveira,Brandon Royval vs. Joshua Van,Brandon Royval,Joshua Van,0,1,0.603362787993099,1,0.5155038759689923,1,0.5892441196930919,1,0.5881201096804911
2025-06-28,UFC 317: Topuria vs. Oliveira,Hyder Amil vs. Jose Delgado,Hyder Amil,Jose Delgado,0,1,0.6433016007398767,1,0.6533892382948987,1,0.637804840195768,1,0.9480966308496873
2025-06-28,UFC 317: Topuria vs. Oliveira,Ilia Topuria vs. Charles Oliveira,Charles Oliveira,Ilia Topuria,1,1,0.6792916819093794,1,0.5155038759689923,1,0.5086051442116618,1,0.9924172145650282
2025-06-28,UFC 317: Topuria vs. Oliveira,Jack Hermansson vs. Gregory Rodrigues,Gregory Rodrigues,Jack Hermansson,0,1,0.6730579278998791,1,0.7138103161397671,1,0.6423341975751439,1,0.8224484272905893
2025-06-28,UFC 317: Topuria vs. Oliveira,Jhonata Diniz vs. Alvin Hines,Alvin Hines,Jhonata Diniz,1,1,0.5965308183752681,1,0.6785009861932939,1,0.6795699191637407,1,0.9561536901870649
2025-06-28,UFC 317: Topuria vs. Oliveira,Niko Price vs. Jacobe Smith,Jacobe Smith,Niko Price,0,1,0.6181733745833144,1,0.5833333333333334,1,0.5695153135739669,0,0.06157262041725854
2025-06-28,UFC 317: Topuria vs. Oliveira,Payton Talbott vs. Felipe Lima,Felipe Lima,Payton Talbott,1,1,0.6235689097933759,1,0.6533892382948987,1,0.6340175217004511,0,0.13088783157107756
2025-06-28,UFC 317: Topuria vs. Oliveira,Terrance McKinney vs. Viacheslav Borshchev,Terrance McKinney,Viacheslav Borshchev,1,1,0.6608550740324601,1,0.5155038759689923,1,0.6048159821829084,0,0.06410852779273778
2025-06-28,UFC 317: Topuria vs. Oliveira,Viviane Araujo vs. Tracy Cortez,Tracy Cortez,Viviane Araujo,0,1,0.6104707483550299,1,0.5833333333333334,1,0.5958128145307755,1,0.9421345620196105
2025-07-12,UFC Fight Night: Lewis vs. Teixeira,Calvin Kattar vs. Steve Garcia,Calvin Kattar,Steve Garcia,0,1,0.6456329029476272,1,0.7138103161397671,1,0.6818187963450062,1,0.5390871065124255
2025-07-12,UFC Fight Night: Lewis vs. Teixeira,Derrick Lewis vs. Tallison Teixeira,Derrick Lewis,Tallison Teixeira,1,1,0.643668981248664,1,0.5155038759689923,1,0.522123105692003,1,0.9677115020878198
2025-07-12,UFC Fight Night: Lewis vs. Teixeira,Fatima Kline vs. Melissa Martinez,Fatima Kline,Melissa Martinez,1,1,0.6323180893766099,1,0.7138103161397671,1,0.6214404029632268,0,0.0635990080490749
2025-07-12,UFC Fight Night: Lewis vs. Teixeira,Jake Matthews vs. Chidi Njokuani,Chidi Njokuani,Jake Matthews,1,1,0.70295090548445,1,0.5833333333333334,1,0.6062841697571055,0,0.1296501933317527
2025-07-12,UFC Fight Night: Lewis vs. Teixeira,Junior Tafa vs. Tuco Tokkos,Junior Tafa,Tuco Tokkos,0,1,0.7214090189079099,1,0.7138103161397671,1,0.7324113486404441,1,0.587605603911842
2025-07-12,UFC Fight Night: Lewis vs. Teixeira,Kennedy Nzechukwu vs. Valter Walker,Kennedy Nzechukwu,Valter Walker,0,1,0.64865269712407,1,0.5155038759689923,1,0.5841755797694401,1,0.8630233418926341
2025-07-12,UFC Fight Night: Lewis vs. Teixeira,Lauren Murphy vs. Eduarda Moura,Eduarda Moura,Lauren Murphy,0,1,0.6271467801448571,0,0.40298507462686567,1,0.6142628223263642,0,0.0034679643293255035
2025-07-12,UFC Fight Night: Lewis vs. Teixeira,Max Griffin vs. Chris Curtis,Chris Curtis,Max Griffin,0,1,0.6687894670387758,1,0.5833333333333334,1,0.5675884175710071,1,0.8579676820526102
2025-07-12,UFC Fight Night: Lewis vs. Teixeira,Mitch Ramirez vs. Mike Davis,Mike Davis,Mitch Ramirez,0,1,0.5999275724892829,1,0.6779026217228464,1,0.5920099438835992,1,0.8708772617205521
2025-07-12,UFC Fight Night: Lewis vs. Teixeira,Nate Landwehr vs. Morgan Charriere,Morgan Charriere,Nate Landwehr,0,1,0.6492243957182013,1,0.6533892382948987,1,0.6387158612495466,1,0.5819384511504518
2025-07-12,UFC Fight Night: Lewis vs. Teixeira,Stephen Thompson vs. Gabriel Bonfim,Gabriel Bonfim,Stephen Thompson,0,1,0.6391660590625122,1,0.5833333333333334,1,0.5515324903096681,0,0.18611758081037647
2025-07-12,UFC Fight Night: Lewis vs. Teixeira,Vitor Petrino vs. Austen Lane,Austen Lane,Vitor Petrino,1,1,0.6981702286149145,1,0.6533892382948987,1,0.6599824559148862,1,0.9441345879288411
2025-07-19,UFC 318: Holloway vs. Poirier 3,Adam Fugitt vs. Islam Dulatov,Adam Fugitt,Islam Dulatov,0,1,0.6637531163790057,1,0.6533892382948987,1,0.6579324209522666,1,0.8674106291613944
2025-07-19,UFC 318: Holloway vs. Poirier 3,Ateba Gautier vs. Robert Valentin,Ateba Gautier,Robert Valentin,1,1,0.6411088042897474,1,0.6533892382948987,1,0.6783021892181121,1,0.9979394930364798
2025-07-19,UFC 318: Holloway vs. Poirier 3,Brunno Ferreira vs. Jackson McVey,Brunno Ferreira,Jackson McVey,1,1,0.6502658931572877,1,0.5155038759689923,1,0.6441095086070792,1,0.7851498332274652
2025-07-19,UFC 318: Holloway vs. Poirier 3,Carli Judice vs. Nicolle Caliari,Carli Judice,Nicolle Caliari,1,1,0.6898960618085702,1,0.6533892382948987,1,0.6925145991237893,1,0.9829181652188737
2025-07-19,UFC 318: Holloway vs. Poirier 3,Dan Ige vs. Patricio Freire,Dan Ige,Patricio Freire,0,1,0.6217380739629845,1,0.5155038759689923,1,0.5666573670712653,1,0.7668029971692474
2025-07-19,UFC 318: Holloway vs. Poirier 3,Francisco Prado vs. Nikolay Veretennikov,Francisco Prado,Nikolay Veretennikov,0,1,0.6422625218776966,1,0.6533892382948987,1,0.6213070776238626,0,0.39439263443746225
2025-07-19,UFC 318: Holloway vs. Poirier 3,Jimmy Crute vs. Marcin Prachnio,Jimmy Crute,Marcin Prachnio,1,1,0.6407591402604204,1,0.6533892382948987,1,0.6269260751144311,1,0.9955586666600085
2025-07-19,UFC 318: Holloway vs. Poirier 3,Kevin Holland vs. Daniel Rodriguez,Daniel Rodriguez,Kevin Holland,0,1,0.6300179136304382,1,0.5833333333333334,1,0.5354159784408636,1,0.5394397970314231
2025-07-19,UFC 318: Holloway vs. Poirier 3,Kyler Phillips vs. Vinicius Oliveira,Kyler Phillips,Vinicius Oliveira,0,1,0.6388459117092804,1,0.5155038759689923,1,0.5725416562481912,1,0.6785867813176364
2025-07-19,UFC 318: Holloway vs. Poirier 3,Marvin Vettori vs. Brendan Allen,Brendan Allen,Marvin Vettori,0,1,0.6665821540357294,1,0.6533892382948987,1,0.6317168110289468,1,0.9946831474841935
2025-07-19,UFC 318: Holloway vs. Poirier 3,Max Holloway vs. Dustin Poirier,Dustin Poirier,Max Holloway,1,1,0.6479183581324353,1,0.6533892382948987,1,0.6122067805026781,1,0.5656612724595232
2025-07-19,UFC 318: Holloway vs. Poirier 3,Michael Johnson vs. Daniel Zellhuber,Daniel Zellhuber,Michael Johnson,1,1,0.6289036012928181,1,0.5833333333333334,0,0.4171660767448108,0,0.0940060094356134
2025-07-19,UFC 318: Holloway vs. Poirier 3,Paulo Costa vs. Roman Kopylov,Paulo Costa,Roman Kopylov,1,1,0.6768537098055312,1,0.6533892382948987,1,0.6147597625974867,0,0.14968668550169928
2025-07-19,UFC 318: Holloway vs. Poirier 3,Ryan Spann vs. Lukasz Brzeski,Lukasz Brzeski,Ryan Spann,1,1,0.6729727517598167,1,0.5833333333333334,1,0.610247481202342,1,0.9965041841108895
2025-07-26,UFC Fight Night: Whittaker vs. De Ridder,Amanda Ribas vs. Tabatha Ricci,Amanda Ribas,Tabatha Ricci,0,1,0.6423422877312168,1,0.5155038759689923,1,0.6357845478715601,1,0.8866198612264684
2025-07-26,UFC Fight Night: Whittaker vs. De Ridder,Asu Almabayev vs. Jose Ochoa,Asu Almabayev,Jose Ochoa,1,1,0.5923480824976973,1,0.6779026217228464,1,0.6243818415963329,1,0.9727202870595841
2025-07-26,UFC Fight Night: Whittaker vs. De Ridder,Bryce Mitchell vs. Said Nurmagomedov,Bryce Mitchell,Said Nurmagomedov,1,1,0.622223013636083,1,0.6533892382948987,1,0.6760839956892122,0,0.33865535239365996
2025-07-26,UFC Fight Night: Whittaker vs. De Ridder,Davey Grant vs. Da'Mon Blackshear,Da'Mon Blackshear,Davey Grant,1,1,0.6378327606449993,1,0.5833333333333334,1,0.609466390964483,0,0.26425886119211167
2025-07-26,UFC Fight Night: Whittaker vs. De Ridder,Ibo Aslan vs. Billy Elekana,Billy Elekana,Ibo Aslan,0,1,0.6517544860741975,1,0.6533892382948987,1,0.6302408385380911,0,0.38595429791291913
2025-07-26,UFC Fight Night: Whittaker vs. De Ridder,Martin Buday vs. Marcus Buchecha,Marcus Buchecha,Martin Buday,1,1,0.6190824912330947,0,0.3902439024390244,1,0.6108365011046151,0,0.022808633919924392
2025-07-26,UFC Fight Night: Whittaker vs. De Ridder,Mohammad Yahya vs. Steven Nguyen,Mohammad Yahya,Steven Nguyen,0,1,0.7328100750467088,1,0.7138103161397671,1,0.6566131207420393,0,0.07968095866657808
2025-07-26,UFC Fight Night: Whittaker vs. De Ridder,Muslim Salikhov vs. Carlos Leal,Carlos Leal,Muslim Salikhov,1,1,0.6877290667688447,1,0.5833333333333334,1,0.5903192670033455,1,0.8187402522332271
2025-07-26,UFC Fight Night: Whittaker vs. De Ridder,Nikita Krylov vs. Bogdan Guskov,Bogdan Guskov,Nikita Krylov,0,1,0.6547180055478188,1,0.5833333333333334,1,0.5464485919782255,1,0.9166261225595441
2025-07-26,UFC Fight Night: Whittaker vs. De Ridder,Petr Yan vs. Marcus McGhee,Marcus McGhee,Petr Yan,1,1,0.6725539282793421,1,0.6785009861932939,1,0.5891721241265877,1,0.691279353962212
2025-07-26,UFC Fight Night: Whittaker vs. De Ridder,Robert Whittaker vs. Reinier de Ridder,Reinier de Ridder,Robert Whittaker,0,1,0.6497474634668827,0,0.40298507462686567,0,0.48487020543675335,0,0.0011588255333946542
2025-07-26,UFC Fight Night: Whittaker vs. De Ridder,Shara Magomedov vs. Marc-Andre Barriault,Marc-Andre Barriault,Shara Magomedov,1,1,0.6447687098420386,1,0.5155038759689923,1,0.611002196914756,0,0.19289882380400075
2025-08-02,UFC Fight Night: Taira vs. Park,Austin Bashi vs. John Yannis,Austin Bashi,John Yannis,1,1,0.6874730987269483,1,0.7138103161397671,1,0.665454900378799,1,0.6204674120150839
2025-08-02,UFC Fight Night: Taira vs. Park,Danny Silva vs. Kevin Vallejos,Danny Silva,Kevin Vallejos,0,1,0.6763568168309942,1,0.7138103161397671,1,0.6580472330721983,1,0.8153430309096437
2025-08-02,UFC Fight Night: Taira vs. Park,Elves Brener vs. Esteban Ribovics,Elves Brener,Esteban Ribovics,0,1,0.6428137965038687,1,0.7376344086021506,1,0.6289815831790483,1,0.8515111961618523
2025-08-02,UFC Fight Night: Taira vs. Park,Karol Rosa vs. Nora Cornolle,Karol Rosa,Nora Cornolle,1,1,0.6796040498106873,1,0.6533892382948987,1,0.5957747411388626,1,0.5944451376561076
2025-08-02,UFC Fight Night: Taira vs. Park,Mateusz Rebecki vs. Chris Duncan,Chris Duncan,Mateusz Rebecki,0,1,0.6664510173202557,1,0.6533892382948987,1,0.6309317415517552,0,0.2597221319028799
2025-08-02,UFC Fight Night: Taira vs. Park,Neil Magny vs. Elizeu Zaleski dos Santos,Elizeu Zaleski dos Santos,Neil Magny,1,1,0.6405076131499263,1,0.5833333333333334,0,0.47514643073196167,0,0.22555717080645005
2025-08-02,UFC Fight Night: Taira vs. Park,Nick Klein vs. Andrey Pulyaev,Andrey Pulyaev,Nick Klein,0,1,0.6999787291999322,1,0.7138103161397671,1,0.6627475593569864,1,0.9989227685628544
2025-08-02,UFC Fight Night: Taira vs. Park,Piera Rodriguez vs. Ketlen Souza,Ketlen Souza,Piera Rodriguez,1,1,0.6450020858674602,1,0.5833333333333334,1,0.6457923411176636,1,0.9739726682825323
2025-08-02,UFC Fight Night: Taira vs. Park,Rafael Estevam vs. Felipe Bunes,Felipe Bunes,Rafael Estevam,1,1,0.7048678077396792,1,0.6533892382948987,1,0.8168975793648091,1,0.9999937831835048
2025-08-02,UFC Fight Night: Taira vs. Park,Rinya Nakamura vs. Nathan Fletcher,Nathan Fletcher,Rinya Nakamura,1,1,0.678165801309667,1,0.7376344086021506,1,0.71063866545983,1,0.9973747445411587
2025-08-02,UFC Fight Night: Taira vs. Park,Rodolfo Vieira vs. Tresean Gore,Rodolfo Vieira,Tresean Gore,1,1,0.6404836772099342,1,0.6779026217228464,1,0.6502863241482169,1,0.7321566479029636
2025-08-02,UFC Fight Night: Taira vs. Park,Tatsuro Taira vs. HyunSung Park,HyunSung Park,Tatsuro Taira,1,1,0.6859088936278365,1,0.6533892382948987,1,0.6513200010689952,1,0.7370596497669601
2025-08-09,UFC Fight Night: Dolidze vs. Hernandez,Andre Fili vs. Christian Rodriguez,Andre Fili,Christian Rodriguez,1,1,0.65993572856966,1,0.5155038759689923,1,0.6032356651944142,0,0.004826049964855119
2025-08-09,UFC Fight Night: Dolidze vs. Hernandez,Cody Brundage vs. Eric McConico,Cody Brundage,Eric McConico,0,1,0.6066472901616186,1,0.7708333333333334,1,0.6035386248860172,1,0.8720055086601411
2025-08-09,UFC Fight Night: Dolidze vs. Hernandez,Elijah Smith vs. Toshiomi Kazama,Elijah Smith,Toshiomi Kazama,1,1,0.5455925108775384,1,0.5833333333333334,1,0.5726370972708119,0,0.03753540350667524
2025-08-09,UFC Fight Night: Dolidze vs. Hernandez,Eryk Anders vs. Christian Leroy Duncan,Christian Leroy Duncan,Eryk Anders,0,1,0.6481741832807988,1,0.5833333333333334,1,0.5971389083217582,1,0.5107029054141129
2025-08-09,UFC Fight Night: Dolidze vs. Hernandez,Gabriella Fernandes vs. Julija Stoliarenko,Gabriella Fernandes,Julija Stoliarenko,1,1,0.6671195599218042,1,0.6533892382948987,1,0.6069884737009016,0,0.3303151170442263
2025-08-09,UFC Fight Night: Dolidze vs. Hernandez,Iasmin Lucindo vs. Angela Hill,Angela Hill,Iasmin Lucindo,1,1,0.7128984227058026,1,0.5155038759689923,0,0.44381992730249337,0,0.020055322671698985
2025-08-09,UFC Fight Night: Dolidze vs. Hernandez,Joselyne Edwards vs. Priscila Cachoeira,Joselyne Edwards,Priscila Cachoeira,1,1,0.6673553140536471,1,0.6533892382948987,1,0.6601818432063453,1,0.9965991438712918
2025-08-09,UFC Fight Night: Dolidze vs. Hernandez,Julius Walker vs. Rafael Cerquiera,Julius Walker,Rafael Cerquiera,1,1,0.66041067995788,1,0.6533892382948987,1,0.6950203953904981,1,0.9959930797885261
2025-08-09,UFC Fight Night: Dolidze vs. Hernandez,Miles Johns vs. Jean Matsumoto,Jean Matsumoto,Miles Johns,0,1,0.6749343448080733,1,0.5833333333333334,1,0.5827607542206737,0,0.3693949966462262
2025-08-09,UFC Fight Night: Dolidze vs. Hernandez,Roman Dolidze vs. Anthony Hernandez,Anthony Hernandez,Roman Dolidze,0,1,0.6461897021093306,1,0.6533892382948987,1,0.6566340465977841,1,0.8672967163490395
2025-08-09,UFC Fight Night: Dolidze vs. Hernandez,Steve Erceg vs. Ode Osbourne,Ode Osbourne,Steve Erceg,1,1,0.6636008887807318,1,0.5155038759689923,1,0.5647282735551135,1,0.7906509082076222
2025-08-09,UFC Fight Night: Dolidze vs. Hernandez,Uros Medic vs. Gilbert Urbina,Gilbert Urbina,Uros Medic,1,1,0.6167926265909913,1,0.5833333333333334,1,0.6047481020681807,1,0.9958897311917263
2025-08-16,UFC 319: Du Plessis vs. Chimaev,Alibi Idiris vs. Joseph Morales,Alibi Idiris,Joseph Morales,0,1,0.6101542194568682,1,0.6785009861932939,1,0.7100301347517944,0,0.16241128585850856
2025-08-16,UFC 319: Du Plessis vs. Chimaev,Baisangur Susurkaev vs. Eric Nolan,Baisangur Susurkaev,Eric Nolan,1,1,0.6532868319559297,1,0.6533892382948987,1,0.6881650273180072,1,0.7583964348391277
2025-08-16,UFC 319: Du Plessis vs. Chimaev,Chase Hooper vs. Alexander Hernandez,Alexander Hernandez,Chase Hooper,0,1,0.6275048514137596,1,0.5155038759689923,1,0.5949200888352546,1,0.9531641725622843
2025-08-16,UFC 319: Du Plessis vs. Chimaev,Dricus Du Plessis vs. Khamzat Chimaev,Dricus Du Plessis,Khamzat Chimaev,0,1,0.655419099579722,1,0.6533892382948987,1,0.620724877928768,1,0.9348523776288618
2025-08-16,UFC 319: Du Plessis vs. Chimaev,Edson Barboza vs. Drakkar Klose,Drakkar Klose,Edson Barboza,0,1,0.6708342579906842,1,0.5833333333333334,1,0.5531160288205491,0,0.31437545543450424
2025-08-16,UFC 319: Du Plessis vs. Chimaev,Geoff Neal vs. Carlos Prates,Carlos Prates,Geoff Neal,0,1,0.634425029037276,1,0.5833333333333334,1,0.6096593538709363,1,0.9912724683705886
2025-08-16,UFC 319: Du Plessis vs. Chimaev,Gerald Meerschaert vs. Michal Oleksiejczuk,Gerald Meerschaert,Michal Oleksiejczuk,0,1,0.6294066016868651,1,0.6533892382948987,1,0.5983959071354372,1,0.5579952069490675
2025-08-16,UFC 319: Du Plessis vs. Chimaev,Jared Cannonier vs. Michael Page,Jared Cannonier,Michael Page,0,1,0.6598427797968792,1,0.5155038759689923,1,0.5433250178062496,1,0.7481047809590747
2025-08-16,UFC 319: Du Plessis vs. Chimaev,Jessica Andrade vs. Loopy Godinez,Jessica Andrade,Loopy Godinez,0,1,0.6713583207371492,1,0.5155038759689923,1,0.6130445140437754,1,0.8728813358107436
2025-08-16,UFC 319: Du Plessis vs. Chimaev,Karine Silva vs. Dione Barbosa,Dione Barbosa,Karine Silva,1,1,0.6567425326242887,1,0.5833333333333334,1,0.6368542207038669,1,0.9757331869852596
2025-08-16,UFC 319: Du Plessis vs. Chimaev,Lerone Murphy vs. Aaron Pico,Aaron Pico,Lerone Murphy,1,1,0.6327233306952186,1,0.6785009861932939,1,0.6959285248049452,0,0.03814795267811411
2025-08-16,UFC 319: Du Plessis vs. Chimaev,Tim Elliott vs. Kai Asakura,Kai Asakura,Tim Elliott,1,1,0.6334923622139048,1,0.5833333333333334,1,0.5886658669081963,0,0.0010570624180631144
2025-08-23,UFC Fight Night: Walker vs. Zhang,Brian Ortega vs. Aljamain Sterling,Aljamain Sterling,Brian Ortega,0,1,0.697280933912296,1,0.6533892382948987,1,0.6337117422834619,0,0.043676887652069014
2025-08-23,UFC Fight Night: Walker vs. Zhang,Charles Johnson vs. Lone'er Kavanagh,Charles Johnson,Lone'er Kavanagh,1,1,0.7106485968739188,1,0.6533892382948987,1,0.6490796673128535,0,0.2658258797434467
2025-08-23,UFC Fight Night: Walker vs. Zhang,Johnny Walker vs. Zhang Mingyang,Johnny Walker,Zhang Mingyang,1,1,0.6459443231826707,1,0.7708333333333334,1,0.67483864164702,1,0.9992640893893665
2025-08-23,UFC Fight Night: Walker vs. Zhang,Maheshate vs. Gauge Young,Gauge Young,Maheshate,0,1,0.6332189073144993,1,0.5833333333333334,1,0.5832635002123172,1,0.7475404684913315
2025-08-23,UFC Fight Night: Walker vs. Zhang,Michel Pereira vs. Kyle Daukaus,Kyle Daukaus,Michel Pereira,0,1,0.6400622135471973,1,0.5833333333333334,1,0.5985794876295191,1,0.8241104446843782
2025-08-23,UFC Fight Night: Walker vs. Zhang,Rongzhu vs. Austin Hubbard,Austin Hubbard,Rongzhu,1,1,0.6891360082768587,1,0.6533892382948987,1,0.6103303019532396,0,0.11000034646059566
2025-08-23,UFC Fight Night: Walker vs. Zhang,Sergei Pavlovich vs. Waldo Cortes Acosta,Sergei Pavlovich,Waldo Cortes Acosta,1,1,0.6271526843262677,1,0.6533892382948987,1,0.6023084644440566,1,0.620776643844551
2025-08-23,UFC Fight Night: Walker vs. Zhang,Sumudaerji vs. Kevin Borjas,Kevin Borjas,Sumudaerji,1,1,0.6197380630439445,1,0.6785009861932939,1,0.5591689745837963,1,0.9316833698068065
2025-08-23,UFC Fight Night: Walker vs. Zhang,Taiyilake Nueraji vs. Kiefer Crosbie,Kiefer Crosbie,Taiyilake Nueraji,1,1,0.6739877407831665,1,0.9722222222222222,1,0.8353535551628416,1,0.9993925304195406
2025-08-23,UFC Fight Night: Walker vs. Zhang,Uran Satybaldiev vs. Diyar Nurgozhay,Diyar Nurgozhay,Uran Satybaldiev,1,1,0.7198842853256259,1,0.7138103161397671,1,0.7100357239286144,0,0.39541805770882205
2025-08-23,UFC Fight Night: Walker vs. Zhang,Xiao Long vs. SuYoung You,SuYoung You,Xiao Long,0,1,0.6198553445133546,1,0.6533892382948987,1,0.6388569151303451,0,0.05457647618448644
2025-08-23,UFC Fight Night: Walker vs. Zhang,Yizha vs. Westin Wilson,Westin Wilson,Yizha,1,1,0.6946995295458485,1,0.6533892382948987,1,0.6935524837962591,1,0.9928391387495028
2025-09-06,UFC Fight Night: Imavov vs. Borralho,Andreas Gustafsson vs. Rinat Fakhretdinov,Andreas Gustafsson,Rinat Fakhretdinov,0,1,0.625868365985379,0,0.40298507462686567,1,0.6064329989459434,1,0.8659793840639205
2025-09-06,UFC Fight Night: Imavov vs. Borralho,Axel Sola vs. Rhys McKee,Axel Sola,Rhys McKee,1,1,0.670766614842438,1,0.6533892382948987,1,0.6426317340587678,1,0.9158712406346927
2025-09-06,UFC Fight Night: Imavov vs. Borralho,Benoit Saint Denis vs. Mauricio Ruffy,Benoit Saint Denis,Mauricio Ruffy,1,1,0.6755710683910683,1,0.7138103161397671,1,0.665724243780068,1,0.6990586921077079
2025-09-06,UFC Fight Night: Imavov vs. Borralho,Bolaji Oki vs. Mason Jones,Bolaji Oki,Mason Jones,0,1,0.6826929483289678,1,0.6533892382948987,1,0.6711099446907516,1,0.9972151650561395
2025-09-06,UFC Fight Night: Imavov vs. Borralho,Brad Tavares vs. Robert Bryczek,Brad Tavares,Robert Bryczek,0,1,0.6416419798243059,1,0.5155038759689923,1,0.5032690811761773,1,0.9983850837829651
2025-09-06,UFC Fight Night: Imavov vs. Borralho,Harry Hardwick vs. Kaue Fernandes,Harry Hardwick,Kaue Fernandes,0,1,0.6390433523111863,1,0.8869565217391304,1,0.8277426956661614,1,0.7776806695905912
2025-09-06,UFC Fight Night: Imavov vs. Borralho,Marcin Tybura vs. Ante Delija,Ante Delija,Marcin Tybura,0,1,0.6442495736122091,1,0.6785009861932939,1,0.7001476331902875,0,0.12103467770917012
2025-09-06,UFC Fight Night: Imavov vs. Borralho,Modestas Bukauskas vs. Paul Craig,Modestas Bukauskas,Paul Craig,1,1,0.6603127361449928,1,0.5833333333333334,1,0.6232470549026664,1,0.9970783721717639
2025-09-06,UFC Fight Night: Imavov vs. Borralho,Nassourdine Imavov vs. Caio Borralho,Caio Borralho,Nassourdine Imavov,1,1,0.5946308549004712,1,0.5833333333333334,1,0.6235025989966043,1,0.812207079281282
2025-09-06,UFC Fight Night: Imavov vs. Borralho,Oumar Sy vs. Brendson Ribeiro,Brendson Ribeiro,Oumar Sy,1,1,0.6546768585238975,1,0.6533892382948987,1,0.6086708796264031,1,0.993791483553044
2025-09-06,UFC Fight Night: Imavov vs. Borralho,Sam Patterson vs. Trey Waters,Sam Patterson,Trey Waters,1,1,0.607122985279852,1,0.7708333333333334,1,0.6381125005166716,1,0.7295817918426444
2025-09-06,UFC Fight Night: Imavov vs. Borralho,Shauna Bannon vs. Sam Hughes,Sam Hughes,Shauna Bannon,0,1,0.6470581772359333,1,0.6779026217228464,1,0.5964342972947692,0,0.07262316935089848
2025-09-06,UFC Fight Night: Imavov vs. Borralho,William Gomis vs. Robert Ruchala,Robert Ruchala,William Gomis,1,1,0.6364876125363835,1,0.6785009861932939,1,0.6202480607178342,1,0.5824181054174147
2025-09-13,Noche UFC: Lopes vs. Silva,Alessandro Costa vs. Alden Coria,Alden Coria,Alessandro Costa,0,1,0.6064617288202157,1,0.6785009861932939,1,0.6352355792942103,1,0.9876943107478898
2025-09-13,Noche UFC: Lopes vs. Silva,Alexander Hernandez vs. Diego Ferreira,Alexander Hernandez,Diego Ferreira,1,1,0.6177177245745274,1,0.5155038759689923,1,0.549484188291372,0,0.02045223135830814
2025-09-13,Noche UFC: Lopes vs. Silva,Claudio Puelles vs. Joaquim Silva,Claudio Puelles,Joaquim Silva,0,1,0.6255473164126081,1,0.6533892382948987,1,0.6624833039875945,1,0.6033723555281272
2025-09-13,Noche UFC: Lopes vs. Silva,Diego Lopes vs. Jean Silva,Diego Lopes,Jean Silva,1,1,0.6375493540455867,1,0.7376344086021506,1,0.6010595537536204,1,0.5132417027743434
2025-09-13,Noche UFC: Lopes vs. Silva,Jesus Aguilar vs. Luis Gurule,Jesus Aguilar,Luis Gurule,1,1,0.6418797050981472,1,0.6533892382948987,1,0.64156773964745,1,0.7555138580077111
2025-09-13,Noche UFC: Lopes vs. Silva,Jose Daniel Medina vs. Dusko Todorovic,Dusko Todorovic,Jose Daniel Medina,0,1,0.6298007111781037,1,0.5155038759689923,1,0.5773312691964385,1,0.9463606374299859
2025-09-13,Noche UFC: Lopes vs. Silva,Kelvin Gastelum vs. Dustin Stoltzfus,Dustin Stoltzfus,Kelvin Gastelum,1,1,0.6295568420863195,1,0.5833333333333334,1,0.5591904591720943,1,0.6626638978925301
2025-09-13,Noche UFC: Lopes vs. Silva,Montse Rendon vs. Alice Pereira,Alice Pereira,Montse Rendon,1,1,0.6905652846575052,1,0.7376344086021506,1,0.6649154588388645,1,0.7363441886258071
2025-09-13,Noche UFC: Lopes vs. Silva,Rafa Garcia vs. Jared Gordon,Jared Gordon,Rafa Garcia,1,1,0.6862906008206783,1,0.6533892382948987,1,0.6228383497376652,0,0.48182705201969284
2025-09-13,Noche UFC: Lopes vs. Silva,Rob Font vs. David Martinez,David Martinez,Rob Font,0,1,0.6954916581189946,1,0.5833333333333334,1,0.5588077837506711,0,0.49578918079037265
2025-09-13,Noche UFC: Lopes vs. Silva,Rodrigo Sezinando vs. Daniil Donchenko,Daniil Donchenko,Rodrigo Sezinando,0,1,0.6532868319559297,1,0.6533892382948987,1,0.6881650273180072,1,0.7583964348391277
2025-09-13,Noche UFC: Lopes vs. Silva,Santiago Luna vs. Quang Le,Quang Le,Santiago Luna,1,1,0.6583548145490178,1,0.7138103161397671,1,0.6690374453240276,1,0.7867492652006712
2025-09-13,Noche UFC: Lopes vs. Silva,Tatiana Suarez vs. Amanda Lemos,Amanda Lemos,Tatiana Suarez,1,1,0.6710098150005674,1,0.5155038759689923,1,0.5891414487560602,1,0.9205109675248652
2025-09-13,UFC Fight Night: Lopes vs. Silva,Alessandro Costa vs. Alden Coria,Alden Coria,Alessandro Costa,0,1,0.5544791882626965,1,0.5833333333333334,1,0.6629001059885318,1,0.7544197429424876
2025-09-13,UFC Fight Night: Lopes vs. Silva,Alexander Hernandez vs. Diego Ferreira,Alexander Hernandez,Diego Ferreira,1,1,0.6303290534342537,1,0.5155038759689923,1,0.5463210685366974,0,0.11168466540934031
2025-09-13,UFC Fight Night: Lopes vs. Silva,Claudio Puelles vs. Joaquim Silva,Claudio Puelles,Joaquim Silva,0,1,0.600903193186965,1,0.6533892382948987,1,0.6510367202585858,1,0.5318823146871217
2025-09-13,UFC Fight Night: Lopes vs. Silva,Diego Lopes vs. Jean Silva,Diego Lopes,Jean Silva,1,1,0.6446761935438787,1,0.7376344086021506,1,0.5929658289533174,0,0.4921263267220364
2025-09-13,UFC Fight Night: Lopes vs. Silva,Jesus Aguilar vs. Luis Gurule,Jesus Aguilar,Luis Gurule,1,1,0.672837337891694,1,0.6533892382948987,1,0.6404871371594186,0,0.1333851935708358
2025-09-13,UFC Fight Night: Lopes vs. Silva,Jose Daniel Medina vs. Dusko Todorovic,Dusko Todorovic,Jose Daniel Medina,0,1,0.6267072455261233,1,0.6779026217228464,1,0.6075213867405741,1,0.9483572163027967
2025-09-13,UFC Fight Night: Lopes vs. Silva,Kelvin Gastelum vs. Dustin Stoltzfus,Dustin Stoltzfus,Kelvin Gastelum,1,1,0.6282021256270583,1,0.5833333333333334,1,0.5591904591720943,1,0.6421983785585587
2025-09-13,UFC Fight Night: Lopes vs. Silva,Montse Rendon vs. Alice Pereira,Alice Pereira,Montse Rendon,1,1,0.721169888953771,1,0.7138103161397671,1,0.6609747835796997,0,0.20956313938786272
2025-09-13,UFC Fight Night: Lopes vs. Silva,Rafa Garcia vs. Jared Gordon,Jared Gordon,Rafa Garcia,1,1,0.6857767647807054,1,0.7138103161397671,1,0.6423463316170558,1,0.7457270146126228
2025-09-13,UFC Fight Night: Lopes vs. Silva,Rob Font vs. David Martinez,David Martinez,Rob Font,0,1,0.6603730784059004,1,0.5833333333333334,1,0.5531133250813964,0,0.03022095556181849
2025-09-13,UFC Fight Night: Lopes vs. Silva,Rodrigo Sezinando vs. Daniil Donchenko,Daniil Donchenko,Rodrigo Sezinando,0,1,0.6075698092121224,1,0.6533892382948987,1,0.7053057439661683,0,0.4473762995475847
2025-09-13,UFC Fight Night: Lopes vs. Silva,Santiago Luna vs. Quang Le,Quang Le,Santiago Luna,1,1,0.6837754865179043,1,0.7138103161397671,1,0.6636451103621641,1,0.9847227781809179
2025-09-13,UFC Fight Night: Lopes vs. Silva,Tatiana Suarez vs. Amanda Lemos,Amanda Lemos,Tatiana Suarez,1,1,0.7026703409349233,1,0.6533892382948987,1,0.613985002216859,1,0.8875445331892816
2025-09-27,UFC Fight Night: Ulberg vs. Reyes,Brando Pericic vs. Elisha Ellison,Brando Pericic,Elisha Ellison,1,1,0.6532868319559297,1,0.6533892382948987,1,0.6881650273180072,1,0.7583964348391277
2025-09-27,UFC Fight Night: Ulberg vs. Reyes,Cam Rowston vs. Andre Petroski,Andre Petroski,Cam Rowston,1,1,0.6511843698917864,0,0.4727272727272727,1,0.6104636141034347,0,0.48786540261385986
2025-09-27,UFC Fight Night: Ulberg vs. Reyes,Carlos Ulberg vs. Dominick Reyes,Carlos Ulberg,Dominick Reyes,1,1,0.6648269686083116,1,0.6533892382948987,1,0.6529242954624329,1,0.9799022360736804
2025-09-27,UFC Fight Night: Ulberg vs. Reyes,Colby Thicknesse vs. Josias Musasa,Colby Thicknesse,Josias Musasa,1,1,0.7033211355111401,1,0.7138103161397671,1,0.6546074739413245,0,0.043215826461341596
2025-09-27,UFC Fight Night: Ulberg vs. Reyes,Jack Jenkins vs. Ramon Taveras,Jack Jenkins,Ramon Taveras,1,1,0.6951085725984087,1,0.7138103161397671,1,0.6658285059185172,1,0.9942838509420949
2025-09-27,UFC Fight Night: Ulberg vs. Reyes,Jake Matthews vs. Neil Magny,Jake Matthews,Neil Magny,0,1,0.6222464034345466,1,0.5833333333333334,1,0.5899763754753042,1,0.9740532851074558
2025-09-27,UFC Fight Night: Ulberg vs. Reyes,Jamie Mullarkey vs. Rolando Bedoya,Jamie Mullarkey,Rolando Bedoya,1,1,0.6475549348267595,1,0.5155038759689923,1,0.5657133263101585,0,0.23580883649994613
2025-09-27,UFC Fight Night: Ulberg vs. Reyes,Jimmy Crute vs. Ivan Erslan,Ivan Erslan,Jimmy Crute,1,1,0.6266939217567994,1,0.5833333333333334,1,0.525625706566995,1,0.9998960593439521
2025-09-27,UFC Fight Night: Ulberg vs. Reyes,Loma Lookboonmee vs. Alexia Thainara,Alexia Thainara,Loma Lookboonmee,0,1,0.6498598841756319,1,0.5833333333333334,1,0.6331205850955297,1,0.9348906625444228
2025-09-27,UFC Fight Night: Ulberg vs. Reyes,Michelle Montague vs. Luana Carolina,Luana Carolina,Michelle Montague,1,1,0.6830659887936383,0,0.4727272727272727,1,0.6498317523008863,1,0.879472673159665
2025-09-27,UFC Fight Night: Ulberg vs. Reyes,Navajo Stirling vs. Rodolfo Bellato,Navajo Stirling,Rodolfo Bellato,1,1,0.6801347513869888,1,0.7138103161397671,1,0.6757263899701746,1,0.6175286010458002
2025-09-27,UFC Fight Night: Ulberg vs. Reyes,Tom Nolan vs. Charlie Campbell,Charlie Campbell,Tom Nolan,1,1,0.6624192725335594,1,0.6533892382948987,1,0.6653932380249327,1,0.8107446704642425
2025-10-04,UFC 320: Ankalaev vs. Pereira 2,Abus Magomedov vs. Joe Pyfer,Abus Magomedov,Joe Pyfer,0,1,0.6578345395121049,1,0.6533892382948987,1,0.6417106728107201,0,0.2586626545299761
2025-10-04,UFC 320: Ankalaev vs. Pereira 2,Ateba Gautier vs. Tre'ston Vines,Ateba Gautier,Tre'ston Vines,1,1,0.6734235788749936,1,0.7138103161397671,1,0.7914402551072182,1,0.9969006748600435
2025-10-04,UFC 320: Ankalaev vs. Pereira 2,Chris Gutierrez vs. Farid Basharat,Chris Gutierrez,Farid Basharat,0,1,0.6763583965790145,1,0.5155038759689923,1,0.6482333483275396,1,0.9060677713634159
2025-10-04,UFC 320: Ankalaev vs. Pereira 2,Daniel Santos vs. JooSang Yoo,Daniel Santos,JooSang Yoo,1,1,0.6149847600000734,1,0.6533892382948987,1,0.6802000601862034,1,0.9998184779780327
2025-10-04,UFC 320: Ankalaev vs. Pereira 2,Edmen Shahbazyan vs. Andre Muniz,Andre Muniz,Edmen Shahbazyan,1,1,0.6469422642892456,1,0.7138103161397671,1,0.645125107072528,1,0.5362071338344834
2025-10-04,UFC 320: Ankalaev vs. Pereira 2,Jiri Prochazka vs. Khalil Rountree Jr.,Jiri Prochazka,Khalil Rountree Jr.,1,1,0.6383961867614732,1,0.5833333333333334,1,0.5852148076524254,0,0.44469464016304394
2025-10-04,UFC 320: Ankalaev vs. Pereira 2,Josh Emmett vs. Youssef Zalal,Josh Emmett,Youssef Zalal,0,1,0.637042014934457,1,0.6533892382948987,1,0.6491861575544897,1,0.9538842918199134
2025-10-04,UFC 320: Ankalaev vs. Pereira 2,Macy Chiasson vs. Yana Santos,Macy Chiasson,Yana Santos,0,1,0.6377693788974973,1,0.6533892382948987,1,0.6234403048889653,1,0.5407687708396781
2025-10-04,UFC 320: Ankalaev vs. Pereira 2,Magomed Ankalaev vs. Alex Pereira,Alex Pereira,Magomed Ankalaev,0,1,0.6910615468680688,1,0.6533892382948987,1,0.636077584217103,1,0.9843521015772081
2025-10-04,UFC 320: Ankalaev vs. Pereira 2,Merab Dvalishvili vs. Cory Sandhagen,Cory Sandhagen,Merab Dvalishvili,1,1,0.6930374425146568,1,0.6533892382948987,1,0.6861432238912295,1,0.8424189601484803
2025-10-04,UFC 320: Ankalaev vs. Pereira 2,Patchy Mix vs. Jakub Wiklacz,Jakub Wiklacz,Patchy Mix,0,1,0.6913348732717226,1,0.6533892382948987,0,0.46274132231955345,0,7.724437703013243e-06
2025-10-04,UFC 320: Ankalaev vs. Pereira 2,Punahele Soriano vs. Nikolay Veretennikov,Nikolay Veretennikov,Punahele Soriano,1,1,0.6377123733620385,1,0.5833333333333334,1,0.6226384094684285,0,0.18883555642736563
2025-10-04,UFC 320: Ankalaev vs. Pereira 2,Ramiz Brahimaj vs. Austin Vanderford,Austin Vanderford,Ramiz Brahimaj,1,1,0.6106209615895618,1,0.5833333333333334,1,0.6030489792856891,0,0.2595061353562987
2025-10-04,UFC 320: Ankalaev vs. Pereira 2,Veronica Hardy vs. Brogan Walker,Brogan Walker,Veronica Hardy,1,1,0.6172944094743614,1,0.6785009861932939,1,0.582359590435708,1,0.7863089097877987
2025-10-11,UFC Fight Night: Oliveira vs. Gamrot,Bia Mesquita vs. Irina Alekseeva,Bia Mesquita,Irina Alekseeva,1,1,0.672233489486477,1,0.6533892382948987,1,0.6324488771830761,1,0.939366590466831
2025-10-11,UFC Fight Night: Oliveira vs. Gamrot,Charles Oliveira vs. Mateusz Gamrot,Charles Oliveira,Mateusz Gamrot,1,1,0.7044033715097012,1,0.5155038759689923,1,0.6367229580226939,0,0.1962179431088482
2025-10-11,UFC Fight Night: Oliveira vs. Gamrot,Deiveson Figueiredo vs. Montel Jackson,Deiveson Figueiredo,Montel Jackson,1,1,0.6784642811389384,1,0.6533892382948987,1,0.5908169455089292,0,0.3871582914780945
2025-10-11,UFC Fight Night: Oliveira vs. Gamrot,Jafel Filho vs. Clayton Carpenter,Clayton Carpenter,Jafel Filho,1,1,0.6685248943203331,1,0.6533892382948987,1,0.6518806423173362,0,0.35807704880476576
2025-10-11,UFC Fight Night: Oliveira vs. Gamrot,Jhonata Diniz vs. Mario Pinto,Jhonata Diniz,Mario Pinto,0,1,0.6560256059215042,1,0.6533892382948987,1,0.6525385789500823,1,0.7030133835836486
2025-10-11,UFC Fight Night: Oliveira vs. Gamrot,Julia Polastri vs. Karolina Kowalkiewicz,Julia Polastri,Karolina Kowalkiewicz,1,1,0.6378206562927133,1,0.5833333333333334,1,0.5188784567606719,1,0.7568779863545321
2025-10-11,UFC Fight Night: Oliveira vs. Gamrot,Luan Lacerda vs. Saimon Oliveira,Luan Lacerda,Saimon Oliveira,1,1,0.6110615445923653,1,0.6533892382948987,1,0.6057062976173988,0,0.017150747287481744
2025-10-11,UFC Fight Night: Oliveira vs. Gamrot,Lucas Almeida vs. Michael Aswell Jr.,Lucas Almeida,Michael Aswell Jr.,0,1,0.6859229477903309,1,0.5155038759689923,1,0.606204229929278,0,0.07719251070050069
2025-10-11,UFC Fight Night: Oliveira vs. Gamrot,Lucas Rocha vs. Stewart Nicoll,Lucas Rocha,Stewart Nicoll,1,1,0.5970565174601942,1,0.7376344086021506,1,0.6254911596344285,1,0.7734598316262784
2025-10-11,UFC Fight Night: Oliveira vs. Gamrot,Ricardo Ramos vs. Kaan Ofli,Kaan Ofli,Ricardo Ramos,0,1,0.6603338750632031,1,0.5833333333333334,1,0.6044134224026229,1,0.9990720316593938
2025-10-11,UFC Fight Night: Oliveira vs. Gamrot,Vicente Luque vs. Joel Alvarez,Joel Alvarez,Vicente Luque,0,1,0.6428913246912231,1,0.5833333333333334,1,0.5583884105443678,1,0.9354974949776259
2025-10-11,UFC Fight Night: Oliveira vs. Gamrot,Vitor Petrino vs. Thomas Petersen,Thomas Petersen,Vitor Petrino,1,1,0.6765967950722366,1,0.6533892382948987,1,0.6408094835510167,1,0.996844794113858
2025-10-18,UFC Fight Night: De Ridder vs. Allen,Azamat Bekoev vs. Yousri Belgaroui,Azamat Bekoev,Yousri Belgaroui,0,1,0.6402448692716939,1,0.9722222222222222,1,0.8338222915868657,1,0.9995334033858096
2025-10-18,UFC Fight Night: De Ridder vs. Allen,Bruno Silva vs. HyunSung Park,Bruno Silva,HyunSung Park,1,1,0.6559707182398148,1,0.5155038759689923,1,0.5048735397416039,0,0.39539835566422915
2025-10-18,UFC Fight Night: De Ridder vs. Allen,Charles Jourdain vs. Davey Grant,Charles Jourdain,Davey Grant,1,1,0.6443207018634506,1,0.5833333333333334,1,0.625555993086595,0,0.45173531880386414
2025-10-18,UFC Fight Night: De Ridder vs. Allen,Cody Gibson vs. Aoriqileng,Aoriqileng,Cody Gibson,0,1,0.6527249172218507,1,0.5833333333333334,1,0.6292097803710486,0,0.3042747559051999
2025-10-18,UFC Fight Night: De Ridder vs. Allen,Danny Barlow vs. Djorden Santos,Danny Barlow,Djorden Santos,0,1,0.7142391705017965,1,0.6533892382948987,1,0.6511752088611031,0,0.010284935855092603
2025-10-18,UFC Fight Night: De Ridder vs. Allen,Kevin Holland vs. Mike Malott,Kevin Holland,Mike Malott,0,1,0.6731954433911752,1,0.5155038759689923,0,0.4100937830325316,1,0.9959134221946281
2025-10-18,UFC Fight Night: De Ridder vs. Allen,Kyle Nelson vs. Matt Frevola,Kyle Nelson,Matt Frevola,1,1,0.6739621993036677,1,0.6533892382948987,1,0.6281534495201252,0,0.24069990073375358
2025-10-18,UFC Fight Night: De Ridder vs. Allen,Kyle Prepolec vs. Drew Dober,Drew Dober,Kyle Prepolec,0,1,0.6658417974076714,1,0.5155038759689923,1,0.5608431574213367,1,0.9966394131295504
2025-10-18,UFC Fight Night: De Ridder vs. Allen,Manon Fiorot vs. Jasmine Jasudavicius,Jasmine Jasudavicius,Manon Fiorot,1,1,0.6305947641708736,1,0.6779026217228464,1,0.6178024730481593,1,0.8722752685027463
2025-10-18,UFC Fight Night: De Ridder vs. Allen,Marlon Vera vs. Aiemann Zahabi,Aiemann Zahabi,Marlon Vera,0,1,0.6557309429218247,1,0.5833333333333334,1,0.579550437076862,0,0.20159302323488093
2025-10-18,UFC Fight Night: De Ridder vs. Allen,Melissa Croden vs. Tainara Lisboa,Melissa Croden,Tainara Lisboa,1,1,0.6510133747108432,1,0.6533892382948987,1,0.6781762125055094,1,0.6805867189853121
2025-10-18,UFC Fight Night: De Ridder vs. Allen,Reinier de Ridder vs. Brendan Allen,Brendan Allen,Reinier de Ridder,0,1,0.6648981710031743,1,0.5155038759689923,1,0.6002627267428853,0,0.044619500890314634
2025-10-18,UFC Fight Night: De Ridder vs. Allen,Stephanie Luciano vs. Ravena Oliveira,Ravena Oliveira,Stephanie Luciano,1,1,0.6536436655781281,1,0.6533892382948987,1,0.6461933020117024,0,0.08100556479704396
2025-10-25,UFC 321: Aspinall vs. Gane,Aleksandar Rakic vs. Azamat Murzakanov,Aleksandar Rakic,Azamat Murzakanov,0,1,0.663244699949182,1,0.7138103161397671,1,0.6320376457961424,1,0.5785825370264598
2025-10-25,UFC 321: Aspinall vs. Gane,Alexander Volkov vs. Jailton Almeida,Alexander Volkov,Jailton Almeida,1,1,0.7244929734029778,1,0.6533892382948987,1,0.6709796753753761,1,0.9941087855049331
2025-10-25,UFC 321: Aspinall vs. Gane,Azat Maksum vs. Mitch Raposo,Azat Maksum,Mitch Raposo,0,1,0.5962476051704332,1,0.6533892382948987,1,0.6258605320171791,1,0.6608357269059051
2025-10-25,UFC 321: Aspinall vs. Gane,Hamdy Abdelwahab vs. Chris Barnett,Chris Barnett,Hamdy Abdelwahab,1,1,0.6385546015872352,1,0.5155038759689923,1,0.6107394238264102,1,0.8961208792287486
2025-10-25,UFC 321: Aspinall vs. Gane,Ikram Aliskerov vs. JunYong Park,Ikram Aliskerov,JunYong Park,1,1,0.6378944097619882,1,0.5833333333333334,1,0.6092922720763398,1,0.7275218240923425
2025-10-25,UFC 321: Aspinall vs. Gane,Jaqueline Amorim vs. Mizuki,Jaqueline Amorim,Mizuki,0,1,0.6936032156480543,1,0.7138103161397671,1,0.7524176067097186,1,0.9999814839775297
2025-10-25,UFC 321: Aspinall vs. Gane,Ludovit Klein vs. Mateusz Rebecki,Ludovit Klein,Mateusz Rebecki,1,1,0.6599676124796263,1,0.5155038759689923,1,0.6063740825666278,1,0.9688251836431799
2025-10-25,UFC 321: Aspinall vs. Gane,Nasrat Haqparast vs. Quillan Salkilld,Nasrat Haqparast,Quillan Salkilld,0,1,0.6557125987461454,1,0.5155038759689923,1,0.6094044431109343,1,0.9264301691933075
2025-10-25,UFC 321: Aspinall vs. Gane,Nathaniel Wood vs. Jose Delgado,Jose Delgado,Nathaniel Wood,1,1,0.675919404974015,1,0.5833333333333334,1,0.6536872865604982,1,0.9706122798326567
2025-10-25,UFC 321: Aspinall vs. Gane,Umar Nurmagomedov vs. Mario Bautista,Mario Bautista,Umar Nurmagomedov,1,1,0.6670897121783765,1,0.5155038759689923,1,0.5207149397728833,0,0.0937447079877223
2025-10-25,UFC 321: Aspinall vs. Gane,Valter Walker vs. Louie Sutherland,Louie Sutherland,Valter Walker,1,1,0.6222905428117785,1,0.6785009861932939,1,0.7140879289008464,1,0.8515221893984798
2025-10-25,UFC 321: Aspinall vs. Gane,Virna Jandiroba vs. Mackenzie Dern,Mackenzie Dern,Virna Jandiroba,0,1,0.6501541899447035,1,0.5155038759689923,1,0.5832741248819688,1,0.8919504321196745
2025-11-01,UFC Fight Night: Garcia vs. Onama,Alice Ardelean vs. Montserrat Conejo Ruiz,Alice Ardelean,Montserrat Conejo Ruiz,1,1,0.6842155087189318,1,0.7138103161397671,1,0.6474855719831449,1,0.9980849182091025
2025-11-01,UFC Fight Night: Garcia vs. Onama,Allan Nascimento vs. Cody Durden,Allan Nascimento,Cody Durden,1,1,0.6488924624119132,1,0.5833333333333334,1,0.6054785487155856,0,0.48485104592371125
2025-11-01,UFC Fight Night: Garcia vs. Onama,Billy Elekana vs. Kevin Christian,Billy Elekana,Kevin Christian,1,1,0.6673692252658103,1,0.9722222222222222,1,0.7340062700777605,1,0.9865541868719676
2025-11-01,UFC Fight Night: Garcia vs. Onama,Charles Radtke vs. Daniel Frunza,Charles Radtke,Daniel Frunza,1,1,0.6364934791575562,1,0.6533892382948987,1,0.6304274475270818,1,0.8757203290359582
2025-11-01,UFC Fight Night: Garcia vs. Onama,Donte Johnson vs. Sedriques Dumas,Donte Johnson,Sedriques Dumas,1,1,0.6464409409061909,1,0.6785009861932939,1,0.6298339541872087,0,0.2936865566781021
2025-11-01,UFC Fight Night: Garcia vs. Onama,Isaac Dulgarian vs. Yadier del Valle,Isaac Dulgarian,Yadier del Valle,0,1,0.6663323179464392,1,0.7376344086021506,1,0.6883206484983667,1,0.9457847205451703
2025-11-01,UFC Fight Night: Garcia vs. Onama,Jeremiah Wells vs. Themba Gorimbo,Jeremiah Wells,Themba Gorimbo,1,1,0.6943510837902362,1,0.7138103161397671,1,0.6707959338568524,1,0.7215889018548552
2025-11-01,UFC Fight Night: Garcia vs. Onama,Ketlen Vieira vs. Norma Dumont,Ketlen Vieira,Norma Dumont,0,1,0.6752353771758864,1,0.7138103161397671,1,0.5814002534720617,0,0.009105594923484986
2025-11-01,UFC Fight Night: Garcia vs. Onama,Phil Rowe vs. Seokhyeon Ko,Phil Rowe,Seokhyeon Ko,0,1,0.7143839301040559,1,0.5155038759689923,1,0.5759261616206711,1,0.982570475167659
2025-11-01,UFC Fight Night: Garcia vs. Onama,Steve Garcia vs. David Onama,David Onama,Steve Garcia,1,1,0.6609869998209494,1,0.6533892382948987,1,0.6161265207480853,1,0.7479564184955948
2025-11-01,UFC Fight Night: Garcia vs. Onama,Talita Alencar vs. Ariane Carnelossi,Ariane Carnelossi,Talita Alencar,1,1,0.6507939344131725,1,0.6533892382948987,1,0.6486901933789612,1,0.9053962389478927
2025-11-01,UFC Fight Night: Garcia vs. Onama,Timmy Cuamba vs. ChangHo Lee,ChangHo Lee,Timmy Cuamba,1,1,0.6148672636056226,1,0.6533892382948987,1,0.6295282845326788,1,0.9684267839807398
2025-11-01,UFC Fight Night: Garcia vs. Onama,Waldo Cortes Acosta vs. Ante Delija,Ante Delija,Waldo Cortes Acosta,1,1,0.6211290442455596,1,0.5833333333333334,1,0.637135039801974,0,0.21738624625328637
2025-11-08,UFC Fight Night: Bonfim vs. Brown,Chris Padilla vs. Ismael Bonfim,Chris Padilla,Ismael Bonfim,1,1,0.5942886217804114,1,0.5833333333333334,1,0.6041025193047669,0,0.17467643285823026
2025-11-08,UFC Fight Night: Bonfim vs. Brown,Christian Leroy Duncan vs. Marco Tulio,Christian Leroy Duncan,Marco Tulio,1,1,0.6610042690469914,1,0.6533892382948987,1,0.5736602853247161,0,0.1376266813465048
2025-11-08,UFC Fight Night: Bonfim vs. Brown,Gabriel Bonfim vs. Randy Brown,Gabriel Bonfim,Randy Brown,1,1,0.6417041169371034,1,0.5833333333333334,1,0.570771369843751,0,0.07053840950950135
2025-11-08,UFC Fight Night: Bonfim vs. Brown,Hyder Amil vs. Jamall Emmers,Hyder Amil,Jamall Emmers,0,1,0.6591867696334973,1,0.5833333333333334,1,0.6115668581177592,0,0.24876790847671437
2025-11-08,UFC Fight Night: Bonfim vs. Brown,Josh Hokit vs. Max Gimenis,Josh Hokit,Max Gimenis,1,1,0.6532868319559297,1,0.6533892382948987,1,0.6881650273180072,1,0.7583964348391277
2025-11-08,UFC Fight Night: Bonfim vs. Brown,Matt Schnell vs. Joseph Morales,Joseph Morales,Matt Schnell,0,1,0.6750698530849303,1,0.5833333333333334,1,0.6024202632413961,0,0.00830486889511519
2025-11-08,UFC Fight Night: Bonfim vs. Brown,Mayra Bueno Silva vs. Jacqueline Cavalcanti,Jacqueline Cavalcanti,Mayra Bueno Silva,0,1,0.5972180930686564,1,0.6785009861932939,1,0.6367545940178372,1,0.8374995127691299
2025-11-08,UFC Fight Night: Bonfim vs. Brown,Miles Johns vs. Daniel Marcos,Daniel Marcos,Miles Johns,0,1,0.6607951589959501,1,0.5833333333333334,1,0.5764948176886782,1,0.8794108273009901
2025-11-08,UFC Fight Night: Bonfim vs. Brown,Muslim Salikhov vs. Uros Medic,Muslim Salikhov,Uros Medic,0,1,0.6418134092119835,1,0.5155038759689923,1,0.5583922787062111,0,0.2717142191569321
2025-11-08,UFC Fight Night: Bonfim vs. Brown,Ricky Simon vs. Raoni Barcelos,Raoni Barcelos,Ricky Simon,0,1,0.69538133182221,1,0.7138103161397671,1,0.6471514238534368,1,0.6752750045505541
2025-11-08,UFC Fight Night: Bonfim vs. Brown,Tecia Pennington vs. Denise Gomes,Denise Gomes,Tecia Pennington,0,1,0.625410730615809,1,0.6533892382948987,1,0.6085000304478461,1,0.9983234442113291
2025-11-08,UFC Fight Night: Bonfim vs. Brown,Zach Reese vs. Jackson McVey,Jackson McVey,Zach Reese,1,1,0.6235581782002846,1,0.6785009861932939,1,0.6905245735563841,0,0.37694001445742964
2025-11-15,UFC 322: Della Maddalena vs. Makhachev,Angela Hill vs. Fatima Kline,Angela Hill,Fatima Kline,0,1,0.671762264623488,1,0.5155038759689923,0,0.48016777449452064,0,0.43307557833509375
2025-11-15,UFC 322: Della Maddalena vs. Makhachev,Baisangur Susurkaev vs. Eric McConico,Baisangur Susurkaev,Eric McConico,1,1,0.6579677784577507,1,0.6533892382948987,1,0.6647911234132832,0,0.048194904740418695
2025-11-15,UFC 322: Della Maddalena vs. Makhachev,Beneil Dariush vs. Benoit Saint Denis,Beneil Dariush,Benoit Saint Denis,0,1,0.6508585538324039,1,0.5155038759689923,1,0.5854124335126272,0,0.2454487339624936
2025-11-15,UFC 322: Della Maddalena vs. Makhachev,Bo Nickal vs. Rodolfo Vieira,Bo Nickal,Rodolfo Vieira,1,1,0.6880733912325963,1,0.6533892382948987,1,0.6813042306663522,1,0.9658169925384684
2025-11-15,UFC 322: Della Maddalena vs. Makhachev,Erin Blanchfield vs. Tracy Cortez,Erin Blanchfield,Tracy Cortez,1,1,0.6920843017303894,1,0.7138103161397671,1,0.6638512206832394,1,0.6357549994744175
2025-11-15,UFC 322: Della Maddalena vs. Makhachev,Jack Della Maddalena vs. Islam Makhachev,Islam Makhachev,Jack Della Maddalena,0,1,0.623065472496414,1,0.6779026217228464,1,0.6112684654841873,1,0.9327336288388784
2025-11-15,UFC 322: Della Maddalena vs. Makhachev,Kyle Daukaus vs. Gerald Meerschaert,Gerald Meerschaert,Kyle Daukaus,1,1,0.6639404332562248,1,0.5155038759689923,1,0.5568078931320477,0,0.19428142848425123
2025-11-15,UFC 322: Della Maddalena vs. Makhachev,Leon Edwards vs. Carlos Prates,Carlos Prates,Leon Edwards,0,1,0.6341913634065748,1,0.5833333333333334,1,0.5942978288924542,1,0.6098331106473371
2025-11-15,UFC 322: Della Maddalena vs. Makhachev,Malcolm Wellmaker vs. Ethyn Ewing,Ethyn Ewing,Malcolm Wellmaker,0,1,0.6650922521438891,1,0.6533892382948987,1,0.7272574954049744,1,0.9738786774921314
2025-11-15,UFC 322: Della Maddalena vs. Makhachev,Pat Sabatini vs. Chepe Mariscal,Chepe Mariscal,Pat Sabatini,1,1,0.6151788871833832,1,0.6785009861932939,1,0.5807175244662268,1,0.9897162875023384
2025-11-15,UFC 322: Della Maddalena vs. Makhachev,Roman Kopylov vs. Gregory Rodrigues,Gregory Rodrigues,Roman Kopylov,0,1,0.6542814034487233,1,0.6533892382948987,1,0.6434998999642911,1,0.7876469789808679
2025-11-15,UFC 322: Della Maddalena vs. Makhachev,Sean Brady vs. Michael Morales,Michael Morales,Sean Brady,0,1,0.6631556920466326,1,0.6533892382948987,1,0.644282224990055,0,0.20796571692410465
2025-11-15,UFC 322: Della Maddalena vs. Makhachev,Valentina Shevchenko vs. Zhang Weili,Valentina Shevchenko,Zhang Weili,1,1,0.630267202663032,1,0.5155038759689923,1,0.5587462241494981,0,0.009576011727241103
2025-11-15,UFC 322: Della Maddalena vs. Makhachev,Viacheslav Borshchev vs. Matheus Camilo,Matheus Camilo,Viacheslav Borshchev,0,1,0.6303667012269196,1,0.5833333333333334,1,0.6038448127709092,1,0.583256926115333
2025-11-22,UFC Fight Night: Tsarukyan vs. Hooker,Abdul Rakhman Yakhyaev vs. Rafael Cerqueira,Abdul Rakhman Yakhyaev,Rafael Cerqueira,1,1,0.6532868319559297,1,0.6533892382948987,1,0.6881650273180072,1,0.7583964348391277
2025-11-22,UFC Fight Night: Tsarukyan vs. Hooker,Alex Perez vs. Asu Almabayev,Alex Perez,Asu Almabayev,0,1,0.6723677797283781,1,0.5155038759689923,1,0.6298374004132203,1,0.9668160323635835
2025-11-22,UFC Fight Night: Tsarukyan vs. Hooker,Arman Tsarukyan vs. Dan Hooker,Arman Tsarukyan,Dan Hooker,1,1,0.6425943520672516,0,0.40298507462686567,1,0.6123431872419811,0,0.34286993727043186
2025-11-22,UFC Fight Night: Tsarukyan vs. Hooker,Bekzat Almakhan vs. Aleksandre Topuria,Aleksandre Topuria,Bekzat Almakhan,0,1,0.6223943053707008,1,0.6533892382948987,1,0.6699512575271042,0,0.006878887787586621
2025-11-22,UFC Fight Night: Tsarukyan vs. Hooker,Belal Muhammad vs. Ian Machado Garry,Belal Muhammad,Ian Machado Garry,0,1,0.6165480448708177,1,0.6779026217228464,1,0.5706160742788202,0,0.03883566847014858
2025-11-22,UFC Fight Night: Tsarukyan vs. Hooker,Bogdan Grad vs. Luke Riley,Bogdan Grad,Luke Riley,0,1,0.6874053769674362,1,0.9722222222222222,1,0.8390547177738202,1,0.9547039875965463
2025-11-22,UFC Fight Night: Tsarukyan vs. Hooker,Ismail Naurdiev vs. Ryan Loder,Ismail Naurdiev,Ryan Loder,1,1,0.6153109404283869,1,0.5155038759689923,1,0.6066434800662854,0,0.48710223083883697
2025-11-22,UFC Fight Night: Tsarukyan vs. Hooker,Jack Hermansson vs. Myktybek Orolbai,Jack Hermansson,Myktybek Orolbai,0,1,0.6991931625596579,1,0.5155038759689923,1,0.5666361541207682,0,0.06850578245528058
2025-11-22,UFC Fight Night: Tsarukyan vs. Hooker,Marek Bujlo vs. Denzel Freeman,Denzel Freeman,Marek Bujlo,0,1,0.6532868319559297,1,0.6533892382948987,1,0.6881650273180072,1,0.7583964348391277
2025-11-22,UFC Fight Night: Tsarukyan vs. Hooker,Nicolas Dalby vs. Saygid Izagakhmaev,Nicolas Dalby,Saygid Izagakhmaev,1,1,0.6755559856627099,0,0.4727272727272727,1,0.6144602777561247,1,0.6295598682730997
2025-11-22,UFC Fight Night: Tsarukyan vs. Hooker,Nurullo Aliev vs. Shem Rock,Nurullo Aliev,Shem Rock,1,1,0.5914661858737592,1,0.6533892382948987,1,0.7479427931631955,0,0.23140876849835146
2025-11-22,UFC Fight Night: Tsarukyan vs. Hooker,Tagir Ulanbekov vs. Kyoji Horiguchi,Kyoji Horiguchi,Tagir Ulanbekov,0,1,0.6573698104259431,1,0.6533892382948987,1,0.6816245397586299,0,0.4386366432505268
2025-11-22,UFC Fight Night: Tsarukyan vs. Hooker,Volkan Oezdemir vs. Alonzo Menifield,Alonzo Menifield,Volkan Oezdemir,1,1,0.6346460266383539,1,0.6533892382948987,1,0.635781912426103,0,0.4393726471686835
2025-11-22,UFC Fight Night: Tsarukyan vs. Hooker,Waldo Cortes Acosta vs. Shamil Gaziev,Shamil Gaziev,Waldo Cortes Acosta,1,1,0.6529060664340018,1,0.6533892382948987,1,0.626290472017831,1,0.9435057389964284
2025-12-06,UFC 323: Dvalishvili vs. Yan 2,Alexandre Pantoja vs. Joshua Van,Alexandre Pantoja,Joshua Van,0,1,0.6048050204873918,1,0.6779026217228464,1,0.551977411704919,0,0.17862863866067952
2025-12-06,UFC 323: Dvalishvili vs. Yan 2,Brandon Moreno vs. Tatsuro Taira,Brandon Moreno,Tatsuro Taira,0,1,0.6858786424476357,1,0.6533892382948987,1,0.673012523260293,1,0.8889405033777511
2025-12-06,UFC 323: Dvalishvili vs. Yan 2,Edson Barboza vs. Jalin Turner,Edson Barboza,Jalin Turner,0,1,0.6275383970963984,1,0.5155038759689923,0,0.42641547071432867,0,0.017852125835930266
2025-12-06,UFC 323: Dvalishvili vs. Yan 2,Grant Dawson vs. Manuel Torres,Grant Dawson,Manuel Torres,0,1,0.631259050122904,1,0.6779026217228464,1,0.5797324306999811,1,0.9999935021232633
2025-12-06,UFC 323: Dvalishvili vs. Yan 2,Henry Cejudo vs. Payton Talbott,Henry Cejudo,Payton Talbott,0,1,0.662932153140364,1,0.5155038759689923,1,0.5619548054461656,0,0.11900904291941979
2025-12-06,UFC 323: Dvalishvili vs. Yan 2,Iwo Baraniewski vs. Ibo Aslan,Ibo Aslan,Iwo Baraniewski,1,1,0.6895277199154463,1,0.7138103161397671,1,0.6808393525349138,1,0.6564226704181341
2025-12-06,UFC 323: Dvalishvili vs. Yan 2,Mansur Abdul-Malik vs. Antonio Trocoli,Antonio Trocoli,Mansur Abdul-Malik,1,1,0.6763824261918193,1,0.7138103161397671,1,0.5911356825621316,1,0.6300210292433867
2025-12-06,UFC 323: Dvalishvili vs. Yan 2,Marvin Vettori vs. Brunno Ferreira,Brunno Ferreira,Marvin Vettori,0,1,0.6376682270153438,1,0.5833333333333334,1,0.5903610433392255,0,0.0005440378595002067
2025-12-06,UFC 323: Dvalishvili vs. Yan 2,Maycee Barber vs. Karine Silva,Karine Silva,Maycee Barber,1,1,0.6422431349861065,1,0.6785009861932939,1,0.6010794461492556,0,0.4708762029292483
2025-12-06,UFC 323: Dvalishvili vs. Yan 2,Merab Dvalishvili vs. Petr Yan,Merab Dvalishvili,Petr Yan,0,1,0.5967313691692211,1,0.6533892382948987,1,0.5842296407732105,0,0.0003727559933012899
2025-12-06,UFC 323: Dvalishvili vs. Yan 2,Muhammad Naimov vs. Mairon Santos,Mairon Santos,Muhammad Naimov,0,1,0.6666770078858856,1,0.5833333333333334,1,0.603294386934936,1,0.7668337203104489
2025-12-06,UFC 323: Dvalishvili vs. Yan 2,Nazim Sadykhov vs. Fares Ziam,Fares Ziam,Nazim Sadykhov,0,1,0.6407110053151835,1,0.6533892382948987,1,0.6284126427450041,1,0.9588257946618503
2025-12-06,UFC 323: Dvalishvili vs. Yan 2,Terrance McKinney vs. Chris Duncan,Chris Duncan,Terrance McKinney,0,1,0.6444377698979578,1,0.6533892382948987,1,0.6375598031844357,1,0.935927775084868
2025-12-13,UFC Fight Night: Royval vs. Kape,Allen Frye Jr. vs. Guilherme Pat,Allen Frye Jr.,Guilherme Pat,0,1,0.6532868319559297,1,0.6533892382948987,1,0.6881650273180072,1,0.7583964348391277
2025-12-13,UFC Fight Night: Royval vs. Kape,Brandon Royval vs. Manel Kape,Brandon Royval,Manel Kape,0,1,0.6378900981666522,1,0.6533892382948987,1,0.6692094941437311,1,0.9094827013855917
2025-12-13,UFC Fight Night: Royval vs. Kape,Cesar Almeida vs. Cezary Oleksiejczuk,Cesar Almeida,Cezary Oleksiejczuk,0,1,0.6624255785517634,1,0.5155038759689923,1,0.6086611713681688,1,0.9415826082152586
2025-12-13,UFC Fight Night: Royval vs. Kape,Giga Chikadze vs. Kevin Vallejos,Giga Chikadze,Kevin Vallejos,0,1,0.6553496662549669,1,0.5155038759689923,1,0.5873316693407504,0,0.023602498457988938
2025-12-13,UFC Fight Night: Royval vs. Kape,Jamey-Lyn Horth vs. Tereza Bleda,Jamey-Lyn Horth,Tereza Bleda,1,1,0.7040072262009193,1,0.7138103161397671,1,0.7797407863451654,1,0.962640263986743
2025-12-13,UFC Fight Night: Royval vs. Kape,Joanderson Brito vs. Isaac Thomson,Isaac Thomson,Joanderson Brito,1,1,0.6191487035420953,1,0.6785009861932939,1,0.6740980780759448,1,0.6433115384401261
2025-12-13,UFC Fight Night: Royval vs. Kape,King Green vs. Lance Gibson Jr.,King Green,Lance Gibson Jr.,1,1,0.6768111103639127,1,1.0,1,0.6833664315003491,1,0.9999982332767945
2025-12-13,UFC Fight Night: Royval vs. Kape,Melissa Croden vs. Luana Santos,Luana Santos,Melissa Croden,0,1,0.6265694795934114,1,0.6533892382948987,1,0.6254892645984826,1,0.704600256575834
2025-12-13,UFC Fight Night: Royval vs. Kape,Melquizael Costa vs. Morgan Charriere,Melquizael Costa,Morgan Charriere,1,1,0.7052754960501608,1,0.7138103161397671,1,0.6901899039868202,0,0.318119733437851
2025-12-13,UFC Fight Night: Royval vs. Kape,Neil Magny vs. Yaroslav Amosov,Neil Magny,Yaroslav Amosov,0,1,0.6863042683618855,0,0.0,1,0.637870077236913,1,0.9876775191398293
2025-12-13,UFC Fight Night: Royval vs. Kape,Sean Sharaf vs. Steven Asplund,Sean Sharaf,Steven Asplund,0,1,0.6353808499978876,1,0.6533892382948987,1,0.6602570456098863,1,0.9807211636269957
2026-01-24,UFC 324: Gaethje vs. Pimblett,Adam Fugitt vs. Ty Miller,Adam Fugitt,Ty Miller,0,1,0.6584844484353951,1,0.5155038759689923,1,0.6122764081562626,1,0.9515152646226211
2026-01-24,UFC 324: Gaethje vs. Pimblett,Alex Perez vs. Charles Johnson,Alex Perez,Charles Johnson,1,1,0.6197487459587869,1,0.5155038759689923,1,0.5727349535971252,1,0.84934913909326
2026-01-24,UFC 324: Gaethje vs. Pimblett,Arnold Allen vs. Jean Silva,Arnold Allen,Jean Silva,0,1,0.6572418025099721,1,0.7376344086021506,1,0.6487156985259473,1,0.7777784488172674
2026-01-24,UFC 324: Gaethje vs. Pimblett,Ateba Gautier vs. Andrey Pulyaev,Andrey Pulyaev,Ateba Gautier,1,1,0.64182291979952,1,0.7376344086021506,1,0.6612787133286406,0,0.22089795560544104
2026-01-24,UFC 324: Gaethje vs. Pimblett,Josh Hokit vs. Denzel Freeman,Denzel Freeman,Josh Hokit,1,1,0.6038561073618345,1,0.6533892382948987,1,0.6094532709238559,1,0.8828646397973371
2026-01-24,UFC 324: Gaethje vs. Pimblett,Justin Gaethje vs. Paddy Pimblett,Justin Gaethje,Paddy Pimblett,1,1,0.6682334571659059,1,0.6533892382948987,1,0.585787895178529,0,0.07129909436903789
2026-01-24,UFC 324: Gaethje vs. Pimblett,Natalia Silva vs. Rose Namajunas,Natalia Silva,Rose Namajunas,1,1,0.6880601664366129,1,0.5833333333333334,1,0.6249612166076592,0,0.09481544355901056
2026-01-24,UFC 324: Gaethje vs. Pimblett,Nikita Krylov vs. Modestas Bukauskas,Modestas Bukauskas,Nikita Krylov,1,1,0.6711319879663646,1,0.6785009861932939,1,0.6152705036363905,1,0.9856057861839991
2026-01-24,UFC 324: Gaethje vs. Pimblett,Sean O'Malley vs. Song Yadong,Sean O'Malley,Song Yadong,1,1,0.7004054746811498,1,0.6533892382948987,1,0.6711928952175875,0,0.3572842075472355
2026-01-24,UFC 324: Gaethje vs. Pimblett,Umar Nurmagomedov vs. Deiveson Figueiredo,Deiveson Figueiredo,Umar Nurmagomedov,1,1,0.6839798631546006,1,0.5155038759689923,1,0.5384130890926155,0,0.002767660960707834
2026-01-24,UFC 324: Gaethje vs. Pimblett,Waldo Cortes Acosta vs. Derrick Lewis,Derrick Lewis,Waldo Cortes Acosta,1,1,0.6839395088436051,1,0.5155038759689923,1,0.5054664630693582,0,0.4934195839551255
2026-01-31,UFC 325: Volkanovski vs. Lopes 2,Alexander Volkanovski vs. Diego Lopes,Alexander Volkanovski,Diego Lopes,1,1,0.6653258874038954,1,0.6779026217228464,1,0.6014141758064796,1,0.8170821738363085
2026-01-31,UFC 325: Volkanovski vs. Lopes 2,Cam Rowston vs. Cody Brundage,Cam Rowston,Cody Brundage,1,1,0.6406736907476702,1,0.6785009861932939,1,0.6587681505806583,1,0.9485582291990475
2026-01-31,UFC 325: Volkanovski vs. Lopes 2,Dan Hooker vs. Benoit Saint Denis,Benoit Saint Denis,Dan Hooker,0,1,0.691883607159886,1,0.5833333333333334,1,0.6173692685587442,0,0.0696688141725148
2026-01-31,UFC 325: Volkanovski vs. Lopes 2,Jacob Malkoun vs. Torrez Finney,Jacob Malkoun,Torrez Finney,1,1,0.7287964774466217,1,0.7138103161397671,1,0.7538152993838424,1,0.999998762041785
2026-01-31,UFC 325: Volkanovski vs. Lopes 2,Jonathan Micallef vs. Oban Elliott,Jonathan Micallef,Oban Elliott,1,1,0.6542356102675495,1,0.5833333333333334,1,0.5889907225879706,1,0.9960635608335344
2026-01-31,UFC 325: Volkanovski vs. Lopes 2,Junior Tafa vs. Billy Elekana,Billy Elekana,Junior Tafa,0,1,0.6480655660167185,1,0.5833333333333334,1,0.6119884620966574,0,0.43390952265733435
2026-01-31,UFC 325: Volkanovski vs. Lopes 2,Kaan Ofli vs. Yizha,Kaan Ofli,Yizha,1,1,0.6633702555498977,1,0.6533892382948987,1,0.6699139033629908,1,0.6042892342369761
2026-01-31,UFC 325: Volkanovski vs. Lopes 2,Keiichiro Nakamura vs. Sebastian Szalay,Keiichiro Nakamura,Sebastian Szalay,1,1,0.6532868319559297,1,0.6533892382948987,1,0.6881650273180072,1,0.7583964348391277
2026-01-31,UFC 325: Volkanovski vs. Lopes 2,Quillan Salkilld vs. Jamie Mullarkey,Jamie Mullarkey,Quillan Salkilld,1,1,0.6570313898377846,1,0.5155038759689923,1,0.5392558548475135,0,0.44940365834277174
2026-01-31,UFC 325: Volkanovski vs. Lopes 2,Rafael Fiziev vs. Mauricio Ruffy,Mauricio Ruffy,Rafael Fiziev,0,1,0.6351382296263448,1,0.5833333333333334,1,0.6830786945498365,0,0.09794798513109489
2026-01-31,UFC 325: Volkanovski vs. Lopes 2,Sangwook Kim vs. Dom Mar Fan,Dom Mar Fan,Sangwook Kim,0,1,0.6532868319559297,1,0.6533892382948987,1,0.6881650273180072,1,0.7583964348391277
2026-01-31,UFC 325: Volkanovski vs. Lopes 2,Sulangrangbo vs. Lawrence Lui,Lawrence Lui,Sulangrangbo,0,1,0.6532868319559297,1,0.6533892382948987,1,0.6881650273180072,1,0.7583964348391277
2026-01-31,UFC 325: Volkanovski vs. Lopes 2,Tai Tuivasa vs. Tallison Teixeira,Tai Tuivasa,Tallison Teixeira,0,1,0.6688203929384351,1,0.5155038759689923,1,0.6235613217096159,1,0.9894284738055455
2026-02-07,UFC Fight Night: Bautista vs. Oliveira,Alex Morono vs. Daniil Donchenko,Alex Morono,Daniil Donchenko,0,1,0.6670518743015611,1,0.5155038759689923,0,0.4537170858580955,0,0.036765629932168885
2026-02-07,UFC Fight Night: Bautista vs. Oliveira,Amir Albazi vs. Kyoji Horiguchi,Amir Albazi,Kyoji Horiguchi,0,1,0.6567824367702282,1,0.6533892382948987,1,0.6232359600150045,1,0.9339611559728962
2026-02-07,UFC Fight Night: Bautista vs. Oliveira,Bruna Brasil vs. Ketlen Souza,Bruna Brasil,Ketlen Souza,0,1,0.6451340304287172,1,0.6533892382948987,1,0.6144128470527072,1,0.569755618919757
2026-02-07,UFC Fight Night: Bautista vs. Oliveira,Dustin Jacoby vs. Julius Walker,Dustin Jacoby,Julius Walker,1,1,0.6766830382519532,1,0.5155038759689923,1,0.6345835722372397,0,8.478367538248761e-05
2026-02-07,UFC Fight Night: Bautista vs. Oliveira,Jailton Almeida vs. Rizvan Kuniev,Jailton Almeida,Rizvan Kuniev,0,1,0.6340538612490545,1,0.6779026217228464,0,0.44064735640345915,1,0.9974719182804146
2026-02-07,UFC Fight Night: Bautista vs. Oliveira,Javid Basharat vs. Gianni Vazquez,Gianni Vazquez,Javid Basharat,1,1,0.6345118561454155,1,0.6785009861932939,1,0.6256432814333208,0,0.399048280863019
2026-02-07,UFC Fight Night: Bautista vs. Oliveira,Jean Matsumoto vs. Farid Basharat,Farid Basharat,Jean Matsumoto,0,1,0.6649930524893017,1,0.6533892382948987,1,0.6329832235942848,0,0.31863953418574636
2026-02-07,UFC Fight Night: Bautista vs. Oliveira,Klaudia Sygula vs. Priscila Cachoeira,Klaudia Sygula,Priscila Cachoeira,1,1,0.704318276638416,1,0.5833333333333334,1,0.6449352671990379,0,0.18713600337625072
2026-02-07,UFC Fight Night: Bautista vs. Oliveira,Mario Bautista vs. Vinicius Oliveira,Mario Bautista,Vinicius Oliveira,1,1,0.6624314616289885,1,0.5155038759689923,1,0.548837412216036,0,0.0779514970779902
2026-02-07,UFC Fight Night: Bautista vs. Oliveira,Michal Oleksiejczuk vs. Marc-Andre Barriault,Marc-Andre Barriault,Michal Oleksiejczuk,1,1,0.647641549778007,1,0.6533892382948987,1,0.5953091081872054,1,0.6308448280338954
2026-02-07,UFC Fight Night: Bautista vs. Oliveira,Muin Gafurov vs. Jakub Wiklacz,Jakub Wiklacz,Muin Gafurov,0,1,0.6334011033744368,1,0.5833333333333334,1,0.695823211564464,1,0.9986323798218667
2026-02-07,UFC Fight Night: Bautista vs. Oliveira,Nikolay Veretennikov vs. Niko Price,Niko Price,Nikolay Veretennikov,1,1,0.643471494810678,1,0.5155038759689923,1,0.5713068213129189,0,0.09777312067147355
2026-02-07,UFC Fight Night: Bautista vs. Oliveira,Wang Cong vs. Eduarda Moura,Eduarda Moura,Wang Cong,1,1,0.6015093235977366,1,0.6533892382948987,1,0.7062883382469943,1,0.9864669815327772
2026-02-21,UFC Fight Night: Strickland vs. Hernandez,Alden Coria vs. Luis Gurule,Alden Coria,Luis Gurule,1,1,0.605091555627314,1,0.6533892382948987,1,0.6904225733499002,1,0.9992242108143448
2026-02-21,UFC Fight Night: Strickland vs. Hernandez,Chidi Njokuani vs. Carlos Leal,Carlos Leal,Chidi Njokuani,0,1,0.6613759184007494,1,0.6785009861932939,1,0.5695411843024126,0,0.07766205178171116
2026-02-21,UFC Fight Night: Strickland vs. Hernandez,Dan Ige vs. Melquizael Costa,Dan Ige,Melquizael Costa,0,1,0.6125692387516841,1,0.5155038759689923,1,0.5678236669037368,0,0.20352670272800127
2026-02-21,UFC Fight Night: Strickland vs. Hernandez,Geoff Neal vs. Uros Medic,Geoff Neal,Uros Medic,0,1,0.643821721154985,1,0.6533892382948987,1,0.5779270079799285,1,0.7319399692211387
2026-02-21,UFC Fight Night: Strickland vs. Hernandez,Jacobe Smith vs. Josiah Harrell,Jacobe Smith,Josiah Harrell,1,1,0.6400440419505078,1,0.9722222222222222,1,0.8290778455460668,1,0.9865786275974958
2026-02-21,UFC Fight Night: Strickland vs. Hernandez,Jordan Leavitt vs. Yadier del Valle,Jordan Leavitt,Yadier del Valle,1,1,0.643790982836201,1,0.5155038759689923,1,0.7075057199143238,1,0.9754708560983301
2026-02-21,UFC Fight Night: Strickland vs. Hernandez,Juliana Miller vs. Carli Judice,Carli Judice,Juliana Miller,0,1,0.6818056052232174,1,0.6533892382948987,1,0.6732679588317935,0,0.1566032626169268
2026-02-21,UFC Fight Night: Strickland vs. Hernandez,Nora Cornolle vs. Joselyne Edwards,Joselyne Edwards,Nora Cornolle,0,1,0.6850346083425936,1,0.7138103161397671,1,0.6366441310426377,1,0.7264224555345661
2026-02-21,UFC Fight Night: Strickland vs. Hernandez,Ode Osbourne vs. Alibi Idiris,Alibi Idiris,Ode Osbourne,0,1,0.5924988183722921,1,0.5833333333333334,1,0.5911174373928832,1,0.8552507711993486
2026-02-21,UFC Fight Night: Strickland vs. Hernandez,Phil Rowe vs. Jean-Paul Lebosnoyani,Jean-Paul Lebosnoyani,Phil Rowe,0,1,0.6554413030595465,0,0.3902439024390244,1,0.5934566429133092,1,0.6262235839370559
2026-02-21,UFC Fight Night: Strickland vs. Hernandez,Ramiz Brahimaj vs. Punahele Soriano,Punahele Soriano,Ramiz Brahimaj,0,1,0.6539926939871262,1,0.6533892382948987,1,0.6709514946233534,0,0.01937858527199611
2026-02-21,UFC Fight Night: Strickland vs. Hernandez,Sean Strickland vs. Anthony Hernandez,Anthony Hernandez,Sean Strickland,1,1,0.6324039194382676,0,0.40298507462686567,1,0.6110528361081351,1,0.8853992880281547
2026-02-21,UFC Fight Night: Strickland vs. Hernandez,Serghei Spivac vs. Ante Delija,Ante Delija,Serghei Spivac,1,1,0.6796957517117506,1,0.5833333333333334,1,0.6312557105665967,0,0.14492979418761326
2026-02-21,UFC Fight Night: Strickland vs. Hernandez,Zach Reese vs. Michel Pereira,Michel Pereira,Zach Reese,0,1,0.6569674887009591,1,0.5155038759689923,1,0.526093078307985,1,0.7145029723023724
2026-02-28,UFC Fight Night: Moreno vs. Kavanagh,Ailin Perez vs. Macy Chiasson,Ailin Perez,Macy Chiasson,1,1,0.6480038670502755,0,0.40298507462686567,1,0.6184415494890297,0,0.13863420436966767
2026-02-28,UFC Fight Night: Moreno vs. Kavanagh,Brandon Moreno vs. Lone'er Kavanagh,Brandon Moreno,Lone'er Kavanagh,0,1,0.6874247678029446,1,0.5155038759689923,1,0.5535433442907133,0,0.0027973431772487065
2026-02-28,UFC Fight Night: Moreno vs. Kavanagh,Cristian Quinonez vs. Kris Moutinho,Cristian Quinonez,Kris Moutinho,1,1,0.6297593082644715,1,0.5833333333333334,1,0.6124500794547229,1,0.9987217737570635
2026-02-28,UFC Fight Night: Moreno vs. Kavanagh,Damian Pinas vs. Wes Schultz,Damian Pinas,Wes Schultz,1,1,0.6532868319559297,1,0.6533892382948987,1,0.6881650273180072,1,0.7583964348391277
2026-02-28,UFC Fight Night: Moreno vs. Kavanagh,Daniel Zellhuber vs. King Green,Daniel Zellhuber,King Green,0,1,0.6363833350461244,1,0.6785009861932939,0,0.4949768123010994,1,0.732069912202501
2026-02-28,UFC Fight Night: Moreno vs. Kavanagh,Douglas Silva de Andrade vs. Javier Reyes,Douglas Silva de Andrade,Javier Reyes,0,1,0.6696945021174785,1,0.5155038759689923,1,0.6092062945651364,1,0.5492316054696069
2026-02-28,UFC Fight Night: Moreno vs. Kavanagh,Edgar Chairez vs. Felipe Bunes,Edgar Chairez,Felipe Bunes,1,1,0.6204268843221618,1,0.6533892382948987,1,0.6066623364812428,1,0.9505378364653116
2026-02-28,UFC Fight Night: Moreno vs. Kavanagh,Erik Silva vs. Francis Marshall,Erik Silva,Francis Marshall,0,1,0.6596872972835588,1,0.6533892382948987,1,0.6883363256911951,1,0.9749988171864853
2026-02-28,UFC Fight Night: Moreno vs. Kavanagh,Imanol Rodriguez vs. Kevin Borjas,Imanol Rodriguez,Kevin Borjas,1,1,0.6591364548517383,1,0.6533892382948987,1,0.6420515557667567,1,0.9938549953296273
2026-02-28,UFC Fight Night: Moreno vs. Kavanagh,Marlon Vera vs. David Martinez,David Martinez,Marlon Vera,0,1,0.6183821864009021,1,0.5833333333333334,1,0.5054534842735214,0,0.2636369386304678
2026-02-28,UFC Fight Night: Moreno vs. Kavanagh,Regina Tarin vs. Ernesta Kareckaite,Ernesta Kareckaite,Regina Tarin,1,1,0.6233706689730112,1,0.7138103161397671,1,0.6369747630854697,1,0.999672798801118
2026-02-28,UFC Fight Night: Moreno vs. Kavanagh,Ryan Gandra vs. Jose Daniel Medina,Jose Daniel Medina,Ryan Gandra,1,1,0.6982863165412538,1,0.7138103161397671,1,0.6708482901470072,1,0.8559537007461034
2026-02-28,UFC Fight Night: Moreno vs. Kavanagh,Santiago Luna vs. Angel Pacheco,Angel Pacheco,Santiago Luna,1,1,0.6264484336685673,1,0.6533892382948987,1,0.6585228015800982,1,0.9992277112437072
2026-03-07,UFC 326: Holloway vs. Oliveira 2,Caio Borralho vs. Reinier de Ridder,Caio Borralho,Reinier de Ridder,1,1,0.6407428133876593,1,0.5155038759689923,1,0.6086339050959204,1,0.8589191699630994
2026-03-07,UFC 326: Holloway vs. Oliveira 2,Cody Durden vs. Nyamjargal Tumendemberel,Cody Durden,Nyamjargal Tumendemberel,0,1,0.6053848628183289,1,0.6779026217228464,1,0.5791380527855704,0,0.08927235090884415
2026-03-07,UFC 326: Holloway vs. Oliveira 2,Cody Garbrandt vs. Xiao Long,Cody Garbrandt,Xiao Long,1,1,0.6518226305204206,1,0.5155038759689923,1,0.5660547754208224,1,0.9897306024127879
2026-03-07,UFC 326: Holloway vs. Oliveira 2,Donte Johnson vs. Cody Brundage,Cody Brundage,Donte Johnson,1,1,0.6158781877350314,1,0.5155038759689923,1,0.5769655747128087,0,0.2096283470030871
2026-03-07,UFC 326: Holloway vs. Oliveira 2,Drew Dober vs. Michael Johnson,Drew Dober,Michael Johnson,1,1,0.6822430074768163,1,0.6533892382948987,1,0.5785705198251332,0,0.22118026300587526
2026-03-07,UFC 326: Holloway vs. Oliveira 2,Gregory Rodrigues vs. Brunno Ferreira,Brunno Ferreira,Gregory Rodrigues,1,1,0.6456321995063197,1,0.5833333333333334,1,0.6115008826953992,1,0.8716257690730549
2026-03-07,UFC 326: Holloway vs. Oliveira 2,Luke Fernandez vs. Rodolfo Bellato,Luke Fernandez,Rodolfo Bellato,0,1,0.6681056596785472,1,0.6533892382948987,1,0.601216955787308,1,0.9279881313748528
2026-03-07,UFC 326: Holloway vs. Oliveira 2,Max Holloway vs. Charles Oliveira,Charles Oliveira,Max Holloway,0,1,0.6705531756872215,1,0.7138103161397671,1,0.648653884967199,1,0.8596546843561048
2026-03-07,UFC 326: Holloway vs. Oliveira 2,Rafael Tobias vs. Diyar Nurgozhay,Diyar Nurgozhay,Rafael Tobias,0,1,0.6867431239279144,1,0.7138103161397671,1,0.8358399145364879,1,0.5347237847021316
2026-03-07,UFC 326: Holloway vs. Oliveira 2,Ricky Turcios vs. Alberto Montes,Alberto Montes,Ricky Turcios,0,1,0.6731240496602593,1,0.6533892382948987,1,0.6381756475149561,1,0.9995917379698124
2026-03-07,UFC 326: Holloway vs. Oliveira 2,Rob Font vs. Raul Rosas Jr.,Raul Rosas Jr.,Rob Font,0,1,0.646319264073191,1,0.5833333333333334,1,0.5505826199554407,1,0.6090012020920433
2026-03-07,UFC 326: Holloway vs. Oliveira 2,Sumudaerji vs. Jesus Aguilar,Jesus Aguilar,Sumudaerji,1,1,0.6777349220753621,1,0.7138103161397671,1,0.6601011542870203,0,0.22303614310238248
2026-03-14,UFC Fight Night: Emmett vs. Vallejos,Amanda Lemos vs. Gillian Robertson,Amanda Lemos,Gillian Robertson,0,1,0.6822259665785685,1,0.5833333333333334,1,0.696978538394737,1,0.9999950332710916
2026-03-14,UFC Fight Night: Emmett vs. Vallejos,Andre Fili vs. Jose Delgado,Andre Fili,Jose Delgado,0,1,0.5983722590239174,1,0.5155038759689923,0,0.49524856289934893,1,0.6825782709913142
2026-03-14,UFC Fight Night: Emmett vs. Vallejos,Bia Mesquita vs. Montse Rendon,Bia Mesquita,Montse Rendon,1,1,0.7285547828349134,1,0.7138103161397671,1,0.6838776242588637,1,0.9543810135661022
2026-03-14,UFC Fight Night: Emmett vs. Vallejos,Bolaji Oki vs. Manoel Sousa,Bolaji Oki,Manoel Sousa,0,1,0.6673093121181541,1,0.6533892382948987,1,0.664754263616746,1,0.5971812848747517
2026-03-14,UFC Fight Night: Emmett vs. Vallejos,Brad Tavares vs. Eryk Anders,Brad Tavares,Eryk Anders,0,1,0.6145276436679653,1,0.5155038759689923,1,0.5821371774597929,1,0.9739576270720737
2026-03-14,UFC Fight Night: Emmett vs. Vallejos,Charles Johnson vs. Bruno Silva,Bruno Silva,Charles Johnson,1,1,0.6666189803539865,1,0.5155038759689923,1,0.5684214600969653,0,0.0046957909014925
2026-03-14,UFC Fight Night: Emmett vs. Vallejos,Chris Curtis vs. Myktybek Orolbai,Chris Curtis,Myktybek Orolbai,0,1,0.6798933288296073,1,0.7376344086021506,1,0.6154664691178238,1,0.9804557472466572
2026-03-14,UFC Fight Night: Emmett vs. Vallejos,Elijah Smith vs. SuYoung You,Elijah Smith,SuYoung You,1,1,0.638465184289237,1,0.6533892382948987,1,0.6632199826871317,1,0.9999892715483903
2026-03-14,UFC Fight Night: Emmett vs. Vallejos,Ion Cutelaba vs. Oumar Sy,Ion Cutelaba,Oumar Sy,1,1,0.670972022598573,1,0.5155038759689923,1,0.6341833818057253,1,0.9605258303536168
2026-03-14,UFC Fight Night: Emmett vs. Vallejos,Josh Emmett vs. Kevin Vallejos,Josh Emmett,Kevin Vallejos,0,1,0.6234457630085781,1,0.5155038759689923,1,0.5397023198249711,0,0.017817420675752198
2026-03-14,UFC Fight Night: Emmett vs. Vallejos,Luan Lacerda vs. Hecher Sosa,Hecher Sosa,Luan Lacerda,0,1,0.6425797127194813,0,0.3902439024390244,1,0.5988364155233121,1,0.7062814922839938
2026-03-14,UFC Fight Night: Emmett vs. Vallejos,Marwan Rahiki vs. Harry Hardwick,Harry Hardwick,Marwan Rahiki,1,1,0.6366287610221143,1,0.6533892382948987,1,0.6868442180735748,1,0.8254254839407377
2026-03-14,UFC Fight Night: Emmett vs. Vallejos,Piera Rodriguez vs. Sam Hughes,Piera Rodriguez,Sam Hughes,1,1,0.6331395412577612,1,0.5833333333333334,1,0.6203736655878643,0,0.003083521355002591
2026-03-14,UFC Fight Night: Emmett vs. Vallejos,Vitor Petrino vs. Steven Asplund,Steven Asplund,Vitor Petrino,1,1,0.7711745475945225,1,0.7376344086021506,1,0.621727203804835,1,0.6237536264786923
2026-03-21,UFC Fight Night: Evloev vs. Murphy,Iwo Baraniewski vs. Austen Lane,Austen Lane,Iwo Baraniewski,1,1,0.6819403263359669,1,0.7138103161397671,1,0.6974852421022243,1,0.9998610432146674
2026-03-21,UFC Fight Night: Evloev vs. Murphy,Kurtis Campbell vs. Danny Silva,Danny Silva,Kurtis Campbell,0,1,0.6537990615262803,1,0.6533892382948987,1,0.6831302486103746,1,0.9743094310415805
2026-03-21,UFC Fight Night: Evloev vs. Murphy,Louie Sutherland vs. Brando Pericic,Brando Pericic,Louie Sutherland,0,1,0.665133584243448,1,0.6533892382948987,1,0.6696287162669743,1,0.5879796774611928
2026-03-21,UFC Fight Night: Evloev vs. Murphy,Luke Riley vs. Michael Aswell Jr.,Luke Riley,Michael Aswell Jr.,1,1,0.6956537590730748,1,0.7138103161397671,1,0.6566131207420393,1,0.9371963164396515
2026-03-21,UFC Fight Night: Evloev vs. Murphy,Mantas Kondratavicius vs. Antonio Trocoli,Antonio Trocoli,Mantas Kondratavicius,1,1,0.6990093270794749,1,0.7138103161397671,1,0.6759541742927829,1,0.9993014023668079
2026-03-21,UFC Fight Night: Evloev vs. Murphy,Mario Pinto vs. Felipe Franco,Felipe Franco,Mario Pinto,1,1,0.6243793483517325,1,0.6785009861932939,1,0.7552250982600636,1,0.9702381470198916
2026-03-21,UFC Fight Night: Evloev vs. Murphy,Mason Jones vs. Axel Sola,Axel Sola,Mason Jones,1,1,0.6917158329944808,1,0.5833333333333334,1,0.6120059075697387,0,0.010996290699024183
2026-03-21,UFC Fight Night: Evloev vs. Murphy,Michael Page vs. Sam Patterson,Michael Page,Sam Patterson,1,1,0.6681125222777707,1,0.7376344086021506,1,0.7452652518734715,1,0.8248220723195477
2026-03-21,UFC Fight Night: Evloev vs. Murphy,Movsar Evloev vs. Lerone Murphy,Lerone Murphy,Movsar Evloev,1,1,0.6827112825484096,1,0.5833333333333334,1,0.6547393935901693,1,0.9498696148779421
2026-03-21,UFC Fight Night: Evloev vs. Murphy,Nathaniel Wood vs. Losene Keita,Losene Keita,Nathaniel Wood,1,1,0.633379847755651,0,0.3902439024390244,1,0.6447422535357661,1,0.8458324846372894
2026-03-21,UFC Fight Night: Evloev vs. Murphy,Roman Dolidze vs. Christian Leroy Duncan,Christian Leroy Duncan,Roman Dolidze,0,1,0.6494604408755964,1,0.5833333333333334,1,0.6211328410693208,1,0.6931836538270469
2026-03-21,UFC Fight Night: Evloev vs. Murphy,Shanelle Dyer vs. Ravena Oliveira,Ravena Oliveira,Shanelle Dyer,1,1,0.6842119547226373,1,0.7138103161397671,1,0.6895009240569653,1,0.5780301260876269
2026-03-21,UFC Fight Night: Evloev vs. Murphy,Shem Rock vs. Abdul-Kareem Al-Selwady,Abdul-Kareem Al-Selwady,Shem Rock,0,1,0.638647414313989,1,0.6533892382948987,1,0.6671135995809886,1,0.812012483021914
2026-03-28,UFC Fight Night: Adesanya vs. Pyfer,Alexa Grasso vs. Maycee Barber,Alexa Grasso,Maycee Barber,1,1,0.6135327149527168,1,0.5155038759689923,1,0.5721934023738788,0,0.033852110485921814
2026-03-28,UFC Fight Night: Adesanya vs. Pyfer,Alexia Thainara vs. Bruna Brasil,Alexia Thainara,Bruna Brasil,1,1,0.6214296488642564,1,0.6785009861932939,1,0.6703187236272993,0,0.2732319603461762
2026-03-28,UFC Fight Night: Adesanya vs. Pyfer,Casey O'Neill vs. Gabriella Fernandes,Casey O'Neill,Gabriella Fernandes,1,1,0.66000229609531,1,0.6533892382948987,1,0.6647911234132832,1,0.7904774339397848
2026-03-28,UFC Fight Night: Adesanya vs. Pyfer,Chase Hooper vs. Lance Gibson Jr.,Chase Hooper,Lance Gibson Jr.,0,1,0.6924120016783688,1,0.6779026217228464,1,0.6260940094853281,1,0.996316598009327
2026-03-28,UFC Fight Night: Adesanya vs. Pyfer,Ignacio Bahamondes vs. Tofiq Musayev,Ignacio Bahamondes,Tofiq Musayev,0,1,0.6047926561794681,1,0.5155038759689923,1,0.6036383878631175,1,0.989449751699197
2026-03-28,UFC Fight Night: Adesanya vs. Pyfer,Israel Adesanya vs. Joe Pyfer,Israel Adesanya,Joe Pyfer,0,1,0.6604594571225276,1,0.5155038759689923,1,0.5578217188852604,1,0.5652339947672909
2026-03-28,UFC Fight Night: Adesanya vs. Pyfer,Julian Erosa vs. Lerryan Douglas,Julian Erosa,Lerryan Douglas,0,1,0.6683633450539637,1,0.5155038759689923,1,0.5777523889074061,1,0.9867964914513737
2026-03-28,UFC Fight Night: Adesanya vs. Pyfer,Mansur Abdul-Malik vs. Yousri Belgaroui,Mansur Abdul-Malik,Yousri Belgaroui,0,1,0.5642157666125346,1,0.7376344086021506,1,0.6854850014629988,1,0.9950864598150103
2026-03-28,UFC Fight Night: Adesanya vs. Pyfer,Marcin Tybura vs. Tyrell Fortune,Marcin Tybura,Tyrell Fortune,0,1,0.6628215905586035,0,0.4727272727272727,1,0.5678825460304548,1,0.7995241326677266
2026-03-28,UFC Fight Night: Adesanya vs. Pyfer,Michael Chiesa vs. Niko Price,Michael Chiesa,Niko Price,1,1,0.6224293983878286,1,0.6533892382948987,1,0.625448186814696,0,0.495689574882627
2026-03-28,UFC Fight Night: Adesanya vs. Pyfer,Navajo Stirling vs. Bruno Lopes,Bruno Lopes,Navajo Stirling,1,1,0.6118024221664793,1,0.6533892382948987,1,0.6626843372061015,1,0.5587952208021593
2026-03-28,UFC Fight Night: Adesanya vs. Pyfer,Terrance McKinney vs. Kyle Nelson,Kyle Nelson,Terrance McKinney,1,1,0.6672650211560252,1,0.6533892382948987,1,0.6081129781000447,0,0.19065694070133207
2026-04-04,UFC Fight Night: Moicano vs. Duncan,Abdul Rakhman Yakhyaev vs. Brendson Ribeiro,Abdul Rakhman Yakhyaev,Brendson Ribeiro,1,1,0.694292819043193,1,0.5833333333333334,1,0.6109724023423752,1,0.8130274730978635
2026-04-04,UFC Fight Night: Moicano vs. Duncan,Alessandro Costa vs. Stewart Nicoll,Alessandro Costa,Stewart Nicoll,1,1,0.6906580170354256,1,0.7138103161397671,1,0.680700859200077,1,0.6946877820408545
2026-04-04,UFC Fight Night: Moicano vs. Duncan,Alice Pereira vs. Hailey Cowan,Alice Pereira,Hailey Cowan,1,1,0.6913778027111085,1,0.7138103161397671,1,0.7116205815383801,1,0.9716679965320774
2026-04-04,UFC Fight Night: Moicano vs. Duncan,Azamat Bekoev vs. Tresean Gore,Azamat Bekoev,Tresean Gore,0,1,0.625303378760986,1,0.5833333333333334,1,0.6252956038303149,1,0.5747537948133169
2026-04-04,UFC Fight Night: Moicano vs. Duncan,Dione Barbosa vs. Melissa Gatto,Dione Barbosa,Melissa Gatto,1,1,0.6996537249335749,1,0.7138103161397671,1,0.6921584802853443,1,0.8934456559495707
2026-04-04,UFC Fight Night: Moicano vs. Duncan,Ethyn Ewing vs. Rafael Estevam,Ethyn Ewing,Rafael Estevam,1,1,0.6739283057863603,1,0.6533892382948987,1,0.6650251750789974,1,0.9709728761316674
2026-04-04,UFC Fight Night: Moicano vs. Duncan,Guilherme Pat vs. Thomas Petersen,Guilherme Pat,Thomas Petersen,0,1,0.7064358944942667,1,0.5833333333333334,1,0.6221717028001922,1,0.8116141645918177
2026-04-04,UFC Fight Night: Moicano vs. Duncan,Jose Delano vs. Robert Ruchala,Jose Delano,Robert Ruchala,1,1,0.631060941688708,1,0.6533892382948987,1,0.6364215552982893,0,0.25796085628857934
2026-04-04,UFC Fight Night: Moicano vs. Duncan,Kai Kamaka III vs. Dakota Hope,Dakota Hope,Kai Kamaka III,1,1,0.6532868319559297,1,0.6533892382948987,1,0.6881650273180072,1,0.7583964348391277
2026-04-04,UFC Fight Night: Moicano vs. Duncan,Lando Vannata vs. Darrius Flowers,Darrius Flowers,Lando Vannata,0,1,0.6346399495545798,1,0.5833333333333334,1,0.6066585481314896,1,0.6609353675794403
2026-04-04,UFC Fight Night: Moicano vs. Duncan,Renato Moicano vs. Chris Duncan,Chris Duncan,Renato Moicano,1,1,0.6475457129869341,1,0.5833333333333334,1,0.5758027075244224,0,0.19803323793604072
2026-04-04,UFC Fight Night: Moicano vs. Duncan,Tommy McMillen vs. Manolo Zecchini,Manolo Zecchini,Tommy McMillen,1,1,0.6921968754389886,1,0.7138103161397671,1,0.652945161473563,1,0.8728290364529051
2026-04-04,UFC Fight Night: Moicano vs. Duncan,Virna Jandiroba vs. Tabatha Ricci,Tabatha Ricci,Virna Jandiroba,1,1,0.6637484280914563,1,0.6533892382948987,1,0.5985626557538811,1,0.9271028935272215
2026-04-11,UFC 327: Prochazka vs. Ulberg,Azamat Murzakanov vs. Paulo Costa,Azamat Murzakanov,Paulo Costa,0,1,0.623658425190654,1,0.5833333333333334,1,0.5942978363304598,1,0.9775273230295345
2026-04-11,UFC 327: Prochazka vs. Ulberg,Charles Radtke vs. Francisco Prado,Charles Radtke,Francisco Prado,1,1,0.6771942534796451,1,0.6533892382948987,1,0.634440763657373,1,0.8562684485147146
2026-04-11,UFC 327: Prochazka vs. Ulberg,Cub Swanson vs. Nate Landwehr,Cub Swanson,Nate Landwehr,1,1,0.6933154779210946,1,0.5155038759689923,1,0.6318435930324251,1,0.6153403614535519
2026-04-11,UFC 327: Prochazka vs. Ulberg,Curtis Blaydes vs. Josh Hokit,Curtis Blaydes,Josh Hokit,0,1,0.6648916809543615,1,0.6779026217228464,1,0.5419321903320624,0,0.004401427456759857
2026-04-11,UFC 327: Prochazka vs. Ulberg,Dominick Reyes vs. Johnny Walker,Dominick Reyes,Johnny Walker,1,1,0.6577799814194921,1,0.5155038759689923,1,0.5934318688633043,1,0.778437060036031
2026-04-11,UFC 327: Prochazka vs. Ulberg,Jiri Prochazka vs. Carlos Ulberg,Carlos Ulberg,Jiri Prochazka,0,1,0.6780895330958642,1,0.6533892382948987,1,0.627738498113534,0,0.3196200705125739
2026-04-11,UFC 327: Prochazka vs. Ulberg,Kelvin Gastelum vs. Vicente Luque,Kelvin Gastelum,Vicente Luque,0,1,0.647684600651194,1,0.6533892382948987,1,0.6340131250895064,0,0.22481437687381808
2026-04-11,UFC 327: Prochazka vs. Ulberg,Kevin Holland vs. Randy Brown,Kevin Holland,Randy Brown,1,1,0.6686983285904268,1,0.5155038759689923,1,0.6125879867566901,1,0.7613241178200666
2026-04-11,UFC 327: Prochazka vs. Ulberg,Mateusz Gamrot vs. Esteban Ribovics,Esteban Ribovics,Mateusz Gamrot,1,1,0.6800792312133921,1,0.6785009861932939,1,0.6280597190312023,0,0.12681954052668754
2026-04-11,UFC 327: Prochazka vs. Ulberg,Patricio Pitbull vs. Aaron Pico,Aaron Pico,Patricio Pitbull,0,1,0.6844763096439835,1,0.7138103161397671,1,0.7572708192415594,1,0.8250968596420631
2026-04-11,UFC 327: Prochazka vs. Ulberg,Tatiana Suarez vs. Loopy Godinez,Loopy Godinez,Tatiana Suarez,1,1,0.6907294400231901,1,0.6533892382948987,1,0.6348618764093029,0,0.2696804116585555
2026-04-18,UFC Fight Night: Burns vs. Malott,Dennis Buzukja vs. Marcio Barbosa,Dennis Buzukja,Marcio Barbosa,0,1,0.6484523139854069,1,0.5155038759689923,1,0.6128956474239283,1,0.554869925087874
2026-04-18,UFC Fight Night: Burns vs. Malott,Gilbert Burns vs. Mike Malott,Gilbert Burns,Mike Malott,0,1,0.636536711524768,1,0.5155038759689923,0,0.4099141919654144,0,0.166117583396191
2026-04-18,UFC Fight Night: Burns vs. Malott,JJ Aldrich vs. Jamey-Lyn Horth,JJ Aldrich,Jamey-Lyn Horth,1,1,0.6258851985077024,1,0.5155038759689923,1,0.5172485298989297,0,0.4400685201772454
2026-04-18,UFC Fight Night: Burns vs. Malott,Jamie Siraj vs. John Yannis,Jamie Siraj,John Yannis,0,1,0.6544559751772545,1,0.6533892382948987,1,0.674643241937407,1,0.8359155909708743
2026-04-18,UFC Fight Night: Burns vs. Malott,Jasmine Jasudavicius vs. Karine Silva,Jasmine Jasudavicius,Karine Silva,1,1,0.6387585746299232,1,0.6779026217228464,1,0.5871577369242929,0,0.1926996530393982
2026-04-18,UFC Fight Night: Burns vs. Malott,Julien Leblanc vs. Robert Valentin,Julien Leblanc,Robert Valentin,0,1,0.657563122350923,1,0.6533892382948987,1,0.7334924257501719,1,0.9969714237212023
2026-04-18,UFC Fight Night: Burns vs. Malott,Kyler Phillips vs. Charles Jourdain,Charles Jourdain,Kyler Phillips,0,1,0.6730507055807536,1,0.5155038759689923,1,0.5819514325158688,1,0.7816431040612347
2026-04-18,UFC Fight Night: Burns vs. Malott,Mandel Nallo vs. Jai Herbert,Jai Herbert,Mandel Nallo,0,1,0.6939094459260076,1,0.7138103161397671,1,0.6605477572451504,0,0.4722102583905933
2026-04-18,UFC Fight Night: Burns vs. Malott,Melissa Croden vs. Daria Zhelezniakova,Daria Zhelezniakova,Melissa Croden,1,1,0.6224997733151048,1,0.6533892382948987,1,0.6104352461146633,1,0.7932404856131985
2026-04-18,UFC Fight Night: Burns vs. Malott,Tanner Boser vs. Gokhan Saricam,Gokhan Saricam,Tanner Boser,0,1,0.6222809066402717,1,0.6785009861932939,1,0.6604291652605851,1,0.9092617063519308
2026-04-18,UFC Fight Night: Burns vs. Malott,Thiago Moises vs. Gauge Young,Gauge Young,Thiago Moises,0,1,0.6228582321002982,1,0.5833333333333334,1,0.554111975741524,0,0.21099085265149903
2026-04-25,UFC Fight Night: Sterling vs. Zalal,Aljamain Sterling vs. Youssef Zalal,Aljamain Sterling,Youssef Zalal,1,1,0.6475467696250283,1,0.5155038759689923,1,0.5961850165286037,0,0.26369476701069655
2026-04-25,UFC Fight Night: Sterling vs. Zalal,Davey Grant vs. Adrian Luna Martinetti,Adrian Luna Martinetti,Davey Grant,1,1,0.6391665784339178,1,0.6785009861932939,1,0.54899322915495,1,0.7486566993307947
2026-04-25,UFC Fight Night: Sterling vs. Zalal,Francis Marshall vs. Lucas Brennan,Francis Marshall,Lucas Brennan,1,1,0.6530988586358675,0,0.4727272727272727,1,0.630025156676951,1,0.9962241994031751
2026-04-25,UFC Fight Night: Sterling vs. Zalal,Jackson McVey vs. Sedriques Dumas,Jackson McVey,Sedriques Dumas,1,1,0.6675444571602571,1,0.5833333333333334,1,0.6659783022330112,1,0.5027485375229289
2026-04-25,UFC Fight Night: Sterling vs. Zalal,Jafel Filho vs. Cody Durden,Cody Durden,Jafel Filho,0,1,0.5952573243077818,1,0.5155038759689923,1,0.5450339423205812,0,0.024055334296228425
2026-04-25,UFC Fight Night: Sterling vs. Zalal,Marcus Buchecha vs. Ryan Spann,Marcus Buchecha,Ryan Spann,0,1,0.6628442338487692,0,0.40298507462686567,1,0.5796393601227359,1,0.8037988484388354
2026-04-25,UFC Fight Night: Sterling vs. Zalal,Max Griffin vs. Victor Valenzuela,Max Griffin,Victor Valenzuela,0,1,0.6529368565170822,0,0.4727272727272727,1,0.5945097948444066,1,0.8959572269743599
2026-04-25,UFC Fight Night: Sterling vs. Zalal,Mayra Bueno Silva vs. Michelle Montague,Mayra Bueno Silva,Michelle Montague,0,1,0.7547456597696885,1,0.5155038759689923,1,0.6432233282211284,1,0.9989195862852531
2026-04-25,UFC Fight Night: Sterling vs. Zalal,Montel Jackson vs. Raoni Barcelos,Montel Jackson,Raoni Barcelos,0,1,0.6109209745616435,1,0.5833333333333334,1,0.5839964238269495,1,0.9364190223148959
2026-04-25,UFC Fight Night: Sterling vs. Zalal,Norma Dumont vs. Joselyne Edwards,Joselyne Edwards,Norma Dumont,0,1,0.6560287832717362,1,0.6533892382948987,1,0.6594285183630935,1,0.930744969706498
2026-04-25,UFC Fight Night: Sterling vs. Zalal,Rafa Garcia vs. Alexander Hernandez,Alexander Hernandez,Rafa Garcia,1,1,0.6659132655388201,1,0.6533892382948987,1,0.6217970699133487,1,0.6895011071654732
2026-04-25,UFC Fight Night: Sterling vs. Zalal,Rodolfo Vieira vs. Eric McConico,Eric McConico,Rodolfo Vieira,0,1,0.6705059427094493,1,0.6785009861932939,1,0.6698080448765468,0,0.1996587675137291
2026-04-25,UFC Fight Night: Sterling vs. Zalal,Talita Alencar vs. Julia Polastri,Julia Polastri,Talita Alencar,1,1,0.7075786884964995,1,0.7138103161397671,1,0.6802714145260093,1,0.996885075126528
2026-05-02,UFC Fight Night: Della Maddalena vs. Prates,Ben Johnston vs. Wes Schultz,Ben Johnston,Wes Schultz,0,1,0.6586564088115531,1,0.6533892382948987,1,0.6972039038136049,1,0.9863099883626624
2026-05-02,UFC Fight Night: Della Maddalena vs. Prates,Beneil Dariush vs. Quillan Salkilld,Beneil Dariush,Quillan Salkilld,0,1,0.679887158032872,1,0.6779026217228464,1,0.5167604192903845,0,0.11160521581057252
2026-05-02,UFC Fight Night: Della Maddalena vs. Prates,Cam Rowston vs. Robert Bryczek,Cam Rowston,Robert Bryczek,1,1,0.6361922838869554,1,0.7376344086021506,1,0.6621088057727964,0,0.31735820446325264
2026-05-02,UFC Fight Night: Della Maddalena vs. Prates,Colby Thicknesse vs. Vince Morales,Colby Thicknesse,Vince Morales,1,1,0.7062352549646451,0,0.40298507462686567,1,0.6308185870205576,1,0.99886599811668
2026-05-02,UFC Fight Night: Della Maddalena vs. Prates,Dom Mar Fan vs. Kody Steele,Dom Mar Fan,Kody Steele,0,1,0.6420512224676912,1,0.6533892382948987,1,0.663902254132354,0,0.023053532302059313
2026-05-02,UFC Fight Night: Della Maddalena vs. Prates,Jack Della Maddalena vs. Carlos Prates,Carlos Prates,Jack Della Maddalena,0,1,0.6201800423925132,1,0.5833333333333334,1,0.648933766320527,1,0.6415235560789504
2026-05-02,UFC Fight Night: Della Maddalena vs. Prates,Jacob Malkoun vs. Gerald Meerschaert,Gerald Meerschaert,Jacob Malkoun,1,1,0.6570660245220166,1,0.5155038759689923,1,0.5419849827628281,0,0.005707366562336527
2026-05-02,UFC Fight Night: Della Maddalena vs. Prates,Jonathan Micallef vs. Themba Gorimbo,Jonathan Micallef,Themba Gorimbo,1,1,0.7325388304857314,1,0.7138103161397671,1,0.5849479672384551,0,0.2626459624511668
2026-05-02,UFC Fight Night: Della Maddalena vs. Prates,Junior Tafa vs. Kevin Christian,Junior Tafa,Kevin Christian,1,1,0.7040753433911141,1,0.7138103161397671,1,0.7100741627636414,0,0.3634959380484269
2026-05-02,UFC Fight Night: Della Maddalena vs. Prates,Marwan Rahiki vs. Ollie Schmid,Marwan Rahiki,Ollie Schmid,1,1,0.657958047021797,1,0.6533892382948987,1,0.6616947883609088,1,0.929316320296094
2026-05-02,UFC Fight Night: Della Maddalena vs. Prates,Shamil Gaziev vs. Brando Pericic,Brando Pericic,Shamil Gaziev,0,1,0.6578271584781056,1,0.5833333333333334,1,0.6174771841619812,1,0.7073468911123538
2026-05-02,UFC Fight Night: Della Maddalena vs. Prates,Tai Tuivasa vs. Louie Sutherland,Louie Sutherland,Tai Tuivasa,0,1,0.6615302644569007,1,0.5833333333333334,1,0.5640764024587513,0,0.04710355852854534
2026-05-02,UFC Fight Night: Della Maddalena vs. Prates,Tim Elliott vs. Steve Erceg,Steve Erceg,Tim Elliott,0,1,0.644803400985147,1,0.5833333333333334,1,0.5041242803091205,0,0.31293759276566985
2026-05-09,UFC 328: Chimaev vs. Strickland,Alexander Volkov vs. Waldo Cortes Acosta,Alexander Volkov,Waldo Cortes Acosta,1,1,0.6836661614091947,1,0.7138103161397671,1,0.6443437988462286,0,0.15126343464152256
2026-05-09,UFC 328: Chimaev vs. Strickland,Ateba Gautier vs. Ozzy Diaz,Ateba Gautier,Ozzy Diaz,1,1,0.6090455558138859,1,0.6533892382948987,1,0.6636108722322388,0,0.24167200844237882
2026-05-09,UFC 328: Chimaev vs. Strickland,Baisangur Susurkaev vs. Djorden Santos,Baisangur Susurkaev,Djorden Santos,1,1,0.6965928993980063,1,0.7138103161397671,1,0.6624084235211735,0,8.136109468868161e-05
2026-05-09,UFC 328: Chimaev vs. Strickland,Clayton Carpenter vs. Jose Ochoa,Clayton Carpenter,Jose Ochoa,0,1,0.6600556235216529,1,0.6533892382948987,1,0.6308714205821323,1,0.751186118353446
2026-05-09,UFC 328: Chimaev vs. Strickland,Grant Dawson vs. Mateusz Rebecki,Grant Dawson,Mateusz Rebecki,1,1,0.645457077843428,1,0.6779026217228464,1,0.5925980241049982,0,0.22409135070877367
2026-05-09,UFC 328: Chimaev vs. Strickland,Jim Miller vs. Jared Gordon,Jared Gordon,Jim Miller,1,1,0.6552921133023529,1,0.5833333333333334,0,0.43146397179382884,1,0.5747068561871775
2026-05-09,UFC 328: Chimaev vs. Strickland,Joel Alvarez vs. Yaroslav Amosov,Joel Alvarez,Yaroslav Amosov,0,1,0.6146712865595453,1,0.5155038759689923,1,0.5772785351966069,1,0.8649108525839472
2026-05-09,UFC 328: Chimaev vs. Strickland,Joshua Van vs. Tatsuro Taira,Joshua Van,Tatsuro Taira,1,1,0.7408538859613002,1,0.7138103161397671,1,0.6841746564715644,1,0.5668261692674065
2026-05-09,UFC 328: Chimaev vs. Strickland,Khamzat Chimaev vs. Sean Strickland,Khamzat Chimaev,Sean Strickland,0,1,0.6402399312530275,0,0.40298507462686567,1,0.5314260029081549,0,0.03242823500004793
2026-05-09,UFC 328: Chimaev vs. Strickland,King Green vs. Jeremy Stephens,Jeremy Stephens,King Green,1,1,0.6413777034249851,1,0.5155038759689923,1,0.5419370952961191,0,0.06806986139340748
2026-05-09,UFC 328: Chimaev vs. Strickland,Pat Sabatini vs. William Gomis,Pat Sabatini,William Gomis,1,1,0.6284683767355739,1,0.6533892382948987,1,0.6404251573515533,0,0.24612777795942875
2026-05-09,UFC 328: Chimaev vs. Strickland,Roman Kopylov vs. Marco Tulio,Marco Tulio,Roman Kopylov,1,1,0.6349851039516651,1,0.5833333333333334,1,0.6150642792576789,1,0.7754538753838915
2026-05-09,UFC 328: Chimaev vs. Strickland,Sean Brady vs. Joaquin Buckley,Joaquin Buckley,Sean Brady,1,1,0.6611719178513469,1,0.6533892382948987,1,0.7182599218300992,1,0.9587475928339702
2026-05-16,UFC Fight Night: Allen vs. Costa,Alice Ardelean vs. Polyana Viana,Alice Ardelean,Polyana Viana,1,1,0.6771861094598155,1,0.5833333333333334,1,0.6167517853193725,1,0.9986910719463539
2026-05-16,UFC Fight Night: Allen vs. Costa,Arnold Allen vs. Melquizael Costa,Arnold Allen,Melquizael Costa,1,1,0.6270980530244682,1,0.5155038759689923,1,0.57945521193672,1,0.7010207703918839
2026-05-16,UFC Fight Night: Allen vs. Costa,Cody Brundage vs. Andre Petroski,Andre Petroski,Cody Brundage,1,1,0.661396456347017,1,0.6533892382948987,1,0.6616764030320635,1,0.772906615350343
2026-05-16,UFC Fight Night: Allen vs. Costa,Daniel Barez vs. Luis Gurule,Daniel Barez,Luis Gurule,0,1,0.7091361185700403,1,0.7138103161397671,1,0.6865953343856456,1,0.9846409882503032
2026-05-16,UFC Fight Night: Allen vs. Costa,Dooho Choi vs. Daniel Santos,Daniel Santos,Dooho Choi,1,1,0.6453886575109146,1,0.7138103161397671,1,0.6170130523604999,1,0.7515672849706554
2026-05-16,UFC Fight Night: Allen vs. Costa,Ketlen Vieira vs. Jacqueline Cavalcanti,Jacqueline Cavalcanti,Ketlen Vieira,1,1,0.642035990490703,1,0.5833333333333334,1,0.606402200157337,1,0.9363717170699015
2026-05-16,UFC Fight Night: Allen vs. Costa,Malcolm Wellmaker vs. Juan Diaz,Juan Diaz,Malcolm Wellmaker,0,1,0.6389403003834524,1,0.6533892382948987,1,0.6685826573769134,0,0.13685668179024868
2026-05-16,UFC Fight Night: Allen vs. Costa,Modestas Bukauskas vs. Christian Edwards,Christian Edwards,Modestas Bukauskas,1,1,0.6268525330088269,1,0.6785009861932939,1,0.6233994560579289,0,0.2875423675728491
2026-05-16,UFC Fight Night: Allen vs. Costa,Nikolay Veretennikov vs. Khaos Williams,Khaos Williams,Nikolay Veretennikov,0,1,0.6504203280701494,1,0.6533892382948987,1,0.6575794767957646,0,0.09048025242322758
2026-05-16,UFC Fight Night: Allen vs. Costa,Shauna Bannon vs. Nicolle Caliari,Nicolle Caliari,Shauna Bannon,0,1,0.5852319848487225,1,0.6785009861932939,1,0.6190543147221629,1,0.9980035244033931
2026-05-16,UFC Fight Night: Allen vs. Costa,Timmy Cuamba vs. Benardo Sopaj,Benardo Sopaj,Timmy Cuamba,0,1,0.6723529337237295,1,0.6533892382948987,1,0.5984214372128722,0,0.18390616862788342
2026-05-16,UFC Fight Night: Allen vs. Costa,Tommy Gantt vs. Artur Minev,Artur Minev,Tommy Gantt,1,1,0.6532868319559297,1,0.6533892382948987,1,0.6881650273180072,1,0.7583964348391277
2026-05-16,UFC Fight Night: Allen vs. Costa,Tuco Tokkos vs. Ivan Erslan,Ivan Erslan,Tuco Tokkos,0,1,0.6843791674839922,1,0.6533892382948987,1,0.6500461415914801,1,0.9882634487161429
2026-05-30,UFC Fight Night: Song vs. Figueiredo,Angela Hill vs. Xiong Jingnan,Angela Hill,Xiong Jingnan,1,1,0.6812349112144188,0,0.4727272727272727,1,0.572196399885549,1,0.9968927598632533
2026-05-30,UFC Fight Night: Song vs. Figueiredo,Aoriqileng vs. Cody Haddon,Aoriqileng,Cody Haddon,0,1,0.6711637711692661,1,0.7138103161397671,1,0.5655137659668483,0,0.10069881075126029
2026-05-30,UFC Fight Night: Song vs. Figueiredo,Ding Meng vs. Jose Souza,Ding Meng,Jose Souza,0,1,0.6532868319559297,1,0.6533892382948987,1,0.6881650273180072,1,0.7583964348391277
2026-05-30,UFC Fight Night: Song vs. Figueiredo,Jake Matthews vs. Carlston Harris,Carlston Harris,Jake Matthews,1,1,0.6846969773300069,1,0.5833333333333334,1,0.5659008068809619,0,0.04491253697506644
2026-05-30,UFC Fight Night: Song vs. Figueiredo,Kai Asakura vs. Cameron Smotherman,Cameron Smotherman,Kai Asakura,1,1,0.6399379077049492,1,0.6533892382948987,1,0.628737675918138,1,0.90006628753867
2026-05-30,UFC Fight Night: Song vs. Figueiredo,Loma Lookboonmee vs. Jaqueline Amorim,Jaqueline Amorim,Loma Lookboonmee,0,1,0.6680287249420338,1,0.6533892382948987,1,0.6705372264615566,1,0.9995823846847139
2026-05-30,UFC Fight Night: Song vs. Figueiredo,Rei Tsuruya vs. Luis Gurule,Luis Gurule,Rei Tsuruya,1,1,0.690418684668606,1,0.6533892382948987,1,0.6532461975066415,1,0.9234224750952831
2026-05-30,UFC Fight Night: Song vs. Figueiredo,Sergei Pavlovich vs. Tallison Teixeira,Sergei Pavlovich,Tallison Teixeira,1,1,0.6389256083506107,1,0.5155038759689923,1,0.6441132815429351,1,0.8087088516002208
2026-05-30,UFC Fight Night: Song vs. Figueiredo,Song Yadong vs. Deiveson Figueiredo,Deiveson Figueiredo,Song Yadong,1,1,0.6733619463303939,1,0.6533892382948987,1,0.6204121479284715,0,0.006633049656446494
2026-05-30,UFC Fight Night: Song vs. Figueiredo,YiSak Lee vs. Luis Felipe Dias,Luis Felipe Dias,YiSak Lee,0,1,0.6532868319559297,1,0.6533892382948987,1,0.6881650273180072,1,0.7583964348391277
2026-05-30,UFC Fight Night: Song vs. Figueiredo,Zhang Mingyang vs. Alonzo Menifield,Alonzo Menifield,Zhang Mingyang,0,1,0.6751755548302936,1,0.7138103161397671,1,0.6339919522905908,1,0.9157259617109008
2026-05-30,UFC Fight Night: Song vs. Figueiredo,Zhu Kangjie vs. Rodrigo Vera,Rodrigo Vera,Zhu Kangjie,0,1,0.6532868319559297,1,0.6533892382948987,1,0.6881650273180072,1,0.7583964348391277
2026-06-06,UFC Fight Night: Muhammad vs. Bonfim,Belal Muhammad vs. Gabriel Bonfim,Belal Muhammad,Gabriel Bonfim,0,1,0.644818749188127,1,0.6779026217228464,1,0.5666087521242894,0,0.22188937933501804
2026-06-06,UFC Fight Night: Muhammad vs. Bonfim,Brendan Allen vs. Edmen Shahbazyan,Brendan Allen,Edmen Shahbazyan,1,1,0.673231146779197,1,0.6533892382948987,1,0.6674642590110238,0,0.4200455993667644
2026-06-06,UFC Fight Night: Muhammad vs. Bonfim,Bruno Silva vs. Edgar Chairez,Bruno Silva,Edgar Chairez,0,1,0.6787091811463328,1,0.5155038759689923,1,0.6194881731373995,1,0.9842335265606574
2026-06-06,UFC Fight Night: Muhammad vs. Bonfim,Bryce Mitchell vs. Santiago Luna,Bryce Mitchell,Santiago Luna,1,1,0.6875910994281396,0,0.4727272727272727,1,0.6388454046003079,1,0.9982107064701237
2026-06-06,UFC Fight Night: Muhammad vs. Bonfim,Fares Ziam vs. Tom Nolan,Fares Ziam,Tom Nolan,0,1,0.6616102266268361,1,0.6533892382948987,1,0.6467055103152296,1,0.9993461093326882
2026-06-06,UFC Fight Night: Muhammad vs. Bonfim,Iwo Baraniewski vs. Junior Tafa,Iwo Baraniewski,Junior Tafa,1,1,0.601275344345215,1,0.5833333333333334,1,0.6223583045116841,1,0.7696890923812376
2026-06-06,UFC Fight Night: Muhammad vs. Bonfim,Jeisla Chaves vs. Yuneisy Duben,Jeisla Chaves,Yuneisy Duben,1,1,0.607721147349013,1,0.6533892382948987,1,0.6868279221471957,1,0.7111656173263247
2026-06-06,UFC Fight Night: Muhammad vs. Bonfim,Jordan Leavitt vs. Joanderson Brito,Joanderson Brito,Jordan Leavitt,0,1,0.6647856891632568,1,0.6533892382948987,1,0.6638979974786875,0,0.3745156821592702
2026-06-06,UFC Fight Night: Muhammad vs. Bonfim,Ketlen Souza vs. Ariane Carnelossi,Ariane Carnelossi,Ketlen Souza,1,1,0.6158962450748432,1,0.6533892382948987,1,0.6099706887309417,0,0.4819016665571589
2026-06-06,UFC Fight Night: Muhammad vs. Bonfim,Marcus McGhee vs. John Yannis,John Yannis,Marcus McGhee,1,1,0.6287864118673602,1,0.5833333333333334,1,0.6010775040548508,0,0.17212459388382523
2026-06-06,UFC Fight Night: Muhammad vs. Bonfim,Matt Schnell vs. Alessandro Costa,Alessandro Costa,Matt Schnell,0,1,0.6785303968801063,1,0.5833333333333334,1,0.6086046666519825,0,0.03413555326905725
2026-06-06,UFC Fight Night: Muhammad vs. Bonfim,Priscila Cachoeira vs. Chelsea Chandler,Chelsea Chandler,Priscila Cachoeira,0,1,0.660087094117323,1,0.5833333333333334,1,0.6183994672298869,1,0.9508686480822095
2026-06-14,UFC Freedom 250,Alex Pereira vs. Ciryl Gane,Alex Pereira,Ciryl Gane,0,1,0.6248484571408516,1,0.5833333333333334,1,0.6152779248447078,1,0.8362133213398255
2026-06-14,UFC Freedom 250,Bo Nickal vs. Kyle Daukaus,Bo Nickal,Kyle Daukaus,1,1,0.7070034085944291,1,0.7138103161397671,1,0.6696588143778641,1,0.5045045829336064
2026-06-14,UFC Freedom 250,Diego Lopes vs. Steve Garcia,Diego Lopes,Steve Garcia,1,1,0.6832647242118782,1,0.6533892382948987,1,0.6255894920789183,0,0.011995265465769126
2026-06-14,UFC Freedom 250,Ilia Topuria vs. Justin Gaethje,Ilia Topuria,Justin Gaethje,0,1,0.6272537595374503,0,0.3902439024390244,1,0.609355074335387,1,0.987704533995915
2026-06-14,UFC Freedom 250,Josh Hokit vs. Derrick Lewis,Derrick Lewis,Josh Hokit,1,1,0.6500940021373339,1,0.5155038759689923,0,0.4725427819071788,1,0.6440074722699343
2026-06-14,UFC Freedom 250,Mauricio Ruffy vs. Michael Chandler,Mauricio Ruffy,Michael Chandler,1,1,0.6616344267692518,1,0.6533892382948987,1,0.646099477018522,0,0.1900949550951996
2026-06-14,UFC Freedom 250,Sean O'Malley vs. Aiemann Zahabi,Aiemann Zahabi,Sean O'Malley,1,1,0.6351578657127648,1,0.6785009861932939,1,0.6184121525340089,1,0.9178596402865709
2026-06-20,UFC Fight Night: Kape vs. Horiguchi,Allan Nascimento vs. Mitch Raposo,Allan Nascimento,Mitch Raposo,0,1,0.6182890003478511,1,0.6533892382948987,1,0.6234856496830571,0,0.3532215138617247
2026-06-20,UFC Fight Night: Kape vs. Horiguchi,Andre Lima vs. Kevin Borjas,Andre Lima,Kevin Borjas,0,1,0.662489938843365,1,0.6533892382948987,1,0.6989458650032412,1,0.606966500153106
2026-06-20,UFC Fight Night: Kape vs. Horiguchi,Bia Mesquita vs. Melissa Mullins,Bia Mesquita,Melissa Mullins,1,1,0.7087211784057393,1,0.7138103161397671,1,0.6694795650655495,1,0.7198121486132979
2026-06-20,UFC Fight Night: Kape vs. Horiguchi,Gaston Bolanos vs. Michael Aswell Jr.,Gaston Bolanos,Michael Aswell Jr.,1,1,0.6715799360399427,1,0.6533892382948987,1,0.6396326675085562,1,0.9642094481906505
2026-06-20,UFC Fight Night: Kape vs. Horiguchi,Hyder Amil vs. Christian Rodriguez,Christian Rodriguez,Hyder Amil,0,1,0.6417187083743796,1,0.6533892382948987,1,0.6474536177052852,1,0.990234339050559
2026-06-20,UFC Fight Night: Kape vs. Horiguchi,Ion Cutelaba vs. Navajo Stirling,Ion Cutelaba,Navajo Stirling,0,1,0.6430168791711305,1,0.5155038759689923,1,0.562604677954766,1,0.8137183346744619
2026-06-20,UFC Fight Night: Kape vs. Horiguchi,Karol Rosa vs. Luana Santos,Karol Rosa,Luana Santos,0,1,0.668541294931937,1,0.7138103161397671,1,0.6382296963676399,1,0.72158852816403
2026-06-20,UFC Fight Night: Kape vs. Horiguchi,Leon Shahbazyan vs. Levan Chokheli,Leon Shahbazyan,Levan Chokheli,0,1,0.6532868319559297,1,0.6533892382948987,1,0.6881650273180072,1,0.7583964348391277
2026-06-20,UFC Fight Night: Kape vs. Horiguchi,Manel Kape vs. Kyoji Horiguchi,Kyoji Horiguchi,Manel Kape,1,1,0.6375945141585435,1,0.6533892382948987,1,0.6445571786542282,1,0.9577789222887257
2026-06-20,UFC Fight Night: Kape vs. Horiguchi,Melsik Baghdasaryan vs. Murtazali Magomedov,Melsik Baghdasaryan,Murtazali Magomedov,0,1,0.6636738142099173,1,0.5155038759689923,1,0.606467870333803,0,0.3737042064354678
2026-06-20,UFC Fight Night: Kape vs. Horiguchi,Shane Collins vs. Otari Tanzilovi,Otari Tanzilovi,Shane Collins,1,1,0.6532868319559297,1,0.6533892382948987,1,0.6881650273180072,1,0.7583964348391277
2026-06-20,UFC Fight Night: Kape vs. Horiguchi,Vinicius Oliveira vs. Andre Fili,Andre Fili,Vinicius Oliveira,1,1,0.6315191718494838,1,0.5155038759689923,0,0.4831226552242067,0,0.02283391725107546
2026-06-27,UFC Fight Night: Fiziev vs. Torres,Abdul Rakhman Yakhyaev vs. Julius Walker,Abdul Rakhman Yakhyaev,Julius Walker,1,1,0.7179226191964817,1,0.7138103161397671,1,0.7039163518188559,0,0.14630339793851932
2026-06-27,UFC Fight Night: Fiziev vs. Torres,Abus Magomedov vs. Michal Oleksiejczuk,Abus Magomedov,Michal Oleksiejczuk,1,1,0.6455645625711555,1,0.5833333333333334,1,0.6079826660950229,1,0.9452503851834162
2026-06-27,UFC Fight Night: Fiziev vs. Torres,Asu Almabayev vs. Charles Johnson,Asu Almabayev,Charles Johnson,1,1,0.6317740967152515,0,0.40298507462686567,1,0.6260213494638254,0,0.0009045291764220673
2026-06-27,UFC Fight Night: Fiziev vs. Torres,Bekzat Almakhan vs. Jean Matsumoto,Bekzat Almakhan,Jean Matsumoto,0,1,0.6689730824738154,1,0.6785009861932939,1,0.6485313555924618,1,0.9047506886257155
2026-06-27,UFC Fight Night: Fiziev vs. Torres,Daniil Donchenko vs. Theodor Berggren,Daniil Donchenko,Theodor Berggren,1,1,0.6758126149861454,0,0.0,1,0.7579147489846172,1,0.9849992751120779
2026-06-27,UFC Fight Night: Fiziev vs. Torres,Farman Hasanov vs. Eric Nolan,Eric Nolan,Farman Hasanov,1,1,0.6402655844782957,1,0.6533892382948987,1,0.6434942799869889,1,0.7409275578679919
2026-06-27,UFC Fight Night: Fiziev vs. Torres,Ikram Aliskerov vs. Brunno Ferreira,Brunno Ferreira,Ikram Aliskerov,1,1,0.6433886965058906,1,0.5155038759689923,1,0.6511727033108405,1,0.9096120676047224
2026-06-27,UFC Fight Night: Fiziev vs. Torres,Kaan Ofli vs. Javier Reyes,Javier Reyes,Kaan Ofli,1,1,0.6929753519339161,1,0.6533892382948987,1,0.6578934641321454,1,0.9445484938800227
2026-06-27,UFC Fight Night: Fiziev vs. Torres,Nazim Sadykhov vs. Matheus Camilo,Matheus Camilo,Nazim Sadykhov,0,1,0.5751823190988681,1,0.6785009861932939,1,0.6070075247164594,1,0.8207425505324307
2026-06-27,UFC Fight Night: Fiziev vs. Torres,Nursulton Ruziboev vs. Andrey Pulyaev,Andrey Pulyaev,Nursulton Ruziboev,1,1,0.6753806694660925,1,0.7376344086021506,1,0.6525750105867658,0,0.08543213870334934
2026-06-27,UFC Fight Night: Fiziev vs. Torres,Rafael Fiziev vs. Manuel Torres,Manuel Torres,Rafael Fiziev,1,1,0.657909302181051,1,0.5833333333333334,1,0.6240468415710216,0,0.30578521227558214
2026-06-27,UFC Fight Night: Fiziev vs. Torres,Shara Magomedov vs. Michel Pereira,Michel Pereira,Shara Magomedov,1,1,0.6390761342803245,1,0.7708333333333334,1,0.5732461825145271,1,0.5111609419819318
2026-06-27,UFC Fight Night: Fiziev vs. Torres,Tahir Abdullayev vs. Jefferson Nascimento,Jefferson Nascimento,Tahir Abdullayev,1,1,0.6532868319559297,1,0.6533892382948987,1,0.6881650273180072,1,0.7583964348391277
2026-07-11,UFC 329: McGregor vs. Holloway 2,Alessandro Costa vs. Cody Durden,Alessandro Costa,Cody Durden,1,1,0.72147683613289,1,0.7138103161397671,1,0.7381697044691888,0,0.2570015809796442
2026-07-11,UFC 329: McGregor vs. Holloway 2,Benoit Saint Denis vs. Paddy Pimblett,Benoit Saint Denis,Paddy Pimblett,0,1,0.6765492851908322,1,0.6533892382948987,1,0.643220275318237,1,0.995987918029589
2026-07-11,UFC 329: McGregor vs. Holloway 2,Brandon Royval vs. Lone'er Kavanagh,Brandon Royval,Lone'er Kavanagh,1,1,0.6654971477520224,1,0.5155038759689923,1,0.5955433118972129,0,0.2758932474895693
2026-07-11,UFC 329: McGregor vs. Holloway 2,Cody Garbrandt vs. Adrian Yanez,Adrian Yanez,Cody Garbrandt,0,1,0.6689676620130744,1,0.6533892382948987,1,0.6338377534842871,0,0.2922515427131727
2026-07-11,UFC 329: McGregor vs. Holloway 2,Conor McGregor vs. Max Holloway,Conor McGregor,Max Holloway,0,1,0.6529178995865296,1,0.5833333333333334,0,0.4849570599362714,0,0.4740425356936686
2026-07-11,UFC 329: McGregor vs. Holloway 2,Cory Sandhagen vs. Mario Bautista,Cory Sandhagen,Mario Bautista,0,1,0.6422155109326625,1,0.6533892382948987,1,0.5908785523298359,0,0.20716946124755312
2026-07-11,UFC 329: McGregor vs. Holloway 2,Damian Pinas vs. Cesar Almeida,Cesar Almeida,Damian Pinas,1,1,0.6003190914184735,1,0.5155038759689923,1,0.5692406589148761,1,0.7770999205664709
2026-07-11,UFC 329: McGregor vs. Holloway 2,Farid Basharat vs. John Garza,Farid Basharat,John Garza,1,1,0.670152423125202,1,0.7138103161397671,1,0.6894006950301376,1,0.8711231369570407
2026-07-11,UFC 329: McGregor vs. Holloway 2,Gable Steveson vs. Elisha Ellison,Elisha Ellison,Gable Steveson,1,1,0.6394546881406719,1,0.6533892382948987,1,0.6459420210634998,1,0.9723629952763526
2026-07-11,UFC 329: McGregor vs. Holloway 2,King Green vs. Terrance McKinney,King Green,Terrance McKinney,1,1,0.6604835144601433,1,0.5155038759689923,1,0.5728670326242927,1,0.5734594778878239
2026-07-11,UFC 329: McGregor vs. Holloway 2,Luke Riley vs. Kai Kamaka III,Kai Kamaka III,Luke Riley,1,1,0.6090749987629597,1,0.5833333333333334,1,0.588713823829161,1,0.9815450958802079
2026-07-11,UFC 329: McGregor vs. Holloway 2,Nikita Krylov vs. Robert Whittaker,Nikita Krylov,Robert Whittaker,0,1,0.6387062164748839,1,0.6533892382948987,1,0.6279416815245944,1,0.9360152518395211
2026-07-11,UFC 329: McGregor vs. Holloway 2,Ryan Gandra vs. Zach Reese,Ryan Gandra,Zach Reese,1,1,0.6296134339409689,1,0.6785009861932939,1,0.6388502844505745,1,0.7088124702267604
2026-07-11,UFC 329: McGregor vs. Holloway 2,Tracy Cortez vs. Wang Cong,Tracy Cortez,Wang Cong,0,1,0.5898329328535087,1,0.6779026217228464,1,0.5885388173248947,0,0.24066800614917352
2026-07-18,UFC Fight Night: Du Plessis vs. Usman,Alden Coria vs. Stewart Nicoll,Alden Coria,Stewart Nicoll,1,1,0.6239835644874767,1,0.6533892382948987,1,0.6528204448682914,1,0.80417234137219
2026-07-18,UFC Fight Night: Du Plessis vs. Usman,Anna Melisano vs. Dione Barbosa,Anna Melisano,Dione Barbosa,0,1,0.6249459204387208,1,0.6785009861932939,1,0.6328598603356385,0,0.34948125467883057
2026-07-18,UFC Fight Night: Du Plessis vs. Usman,Austin Bashi vs. Jose Delgado,Austin Bashi,Jose Delgado,0,1,0.6276950505014487,1,0.6785009861932939,1,0.6158989877330591,1,0.9108746556744919
2026-07-18,UFC Fight Night: Du Plessis vs. Usman,Chase Hooper vs. Mitch Ramirez,Chase Hooper,Mitch Ramirez,1,1,0.5984953650920727,1,0.6779026217228464,1,0.6465544517185808,1,0.994818577805653
2026-07-18,UFC Fight Night: Du Plessis vs. Usman,Dricus Du Plessis vs. Kamaru Usman,Dricus Du Plessis,Kamaru Usman,1,1,0.6755380561973915,1,0.6533892382948987,1,0.6675089274666871,1,0.8165706317394082
2026-07-18,UFC Fight Night: Du Plessis vs. Usman,Ezra Elliott vs. Damien Anderson,Damien Anderson,Ezra Elliott,1,1,0.6532868319559297,1,0.6533892382948987,1,0.6881650273180072,1,0.7583964348391277
2026-07-18,UFC Fight Night: Du Plessis vs. Usman,Jared Cannonier vs. Christian Leroy Duncan,Christian Leroy Duncan,Jared Cannonier,0,1,0.6535734943155755,1,0.5833333333333334,1,0.6087483451793625,0,0.12773646145798942
2026-07-18,UFC Fight Night: Du Plessis vs. Usman,Jean-Paul Lebosnoyani vs. Seokhyeon Ko,Jean-Paul Lebosnoyani,Seokhyeon Ko,1,1,0.671923724591924,1,0.7376344086021506,1,0.5484986961722759,1,0.9983975473160641
2026-07-18,UFC Fight Night: Du Plessis vs. Usman,Levi Rodrigues Jr. vs. Felipe Franco,Felipe Franco,Levi Rodrigues Jr.,0,1,0.7019746321528058,1,0.7138103161397671,1,0.6441684535326189,1,0.9893428434726215
2026-07-18,UFC Fight Night: Du Plessis vs. Usman,RJ Harris vs. Alvin Hines,Alvin Hines,RJ Harris,1,1,0.6606394427650456,1,0.7138103161397671,1,0.6801876410463366,1,0.9821199839798386
2026-07-18,UFC Fight Night: Du Plessis vs. Usman,Tabatha Ricci vs. Fatima Kline,Fatima Kline,Tabatha Ricci,0,1,0.664187759643437,1,0.5833333333333334,1,0.6091695239903135,0,0.3203424429930133
2026-07-18,UFC Fight Night: Du Plessis vs. Usman,Tommy McMillen vs. Alberto Montes,Alberto Montes,Tommy McMillen,1,1,0.6486817990001743,1,0.6533892382948987,1,0.6646836911774336,1,0.8967957404166333
2026-07-25,UFC Fight Night: Ankalaev vs. Guskov,Abubakar Vagaev vs. Saygid Izagakhmaev,Abubakar Vagaev,Saygid Izagakhmaev,1,1,0.695615530097444,1,0.6533892382948987,1,0.7432091376934863,1,0.8826062354514428
2026-07-25,UFC Fight Night: Ankalaev vs. Guskov,Cody Gibson vs. Abdul Hussein,Abdul Hussein,Cody Gibson,0,1,0.6021134918503521,1,0.6785009861932939,1,0.6269038706172114,0,0.07515388755729661
2026-07-25,UFC Fight Night: Ankalaev vs. Guskov,Dustin Jacoby vs. Muhammad Saidov,Dustin Jacoby,Muhammad Saidov,0,1,0.6751074016714448,1,0.5155038759689923,1,0.6026377997117804,1,0.9972173223231224
2026-07-25,UFC Fight Night: Ankalaev vs. Guskov,Ismael Bonfim vs. Axel Sola,Axel Sola,Ismael Bonfim,0,1,0.652847358997637,1,0.7138103161397671,1,0.6013832615973419,1,0.9457234583542794
2026-07-25,UFC Fight Night: Ankalaev vs. Guskov,Magomed Ankalaev vs. Bogdan Guskov,Bogdan Guskov,Magomed Ankalaev,1,1,0.6445046320027741,1,0.5833333333333334,1,0.6020332588510234,0,0.05252248533109865
2026-07-25,UFC Fight Night: Ankalaev vs. Guskov,Magomed Tuchalov vs. Brendson Ribeiro,Brendson Ribeiro,Magomed Tuchalov,1,1,0.6474696509383323,1,0.5155038759689923,1,0.5722850507403382,1,0.6417480957142284
2026-07-25,UFC Fight Night: Ankalaev vs. Guskov,Magomed Zaynukov vs. Damian Rzepecki,Damian Rzepecki,Magomed Zaynukov,1,1,0.6532868319559297,1,0.6533892382948987,1,0.6881650273180072,1,0.7583964348391277
2026-07-25,UFC Fight Night: Ankalaev vs. Guskov,Nurullo Aliev vs. Mike Davis,Mike Davis,Nurullo Aliev,1,1,0.6611007944973786,1,0.5155038759689923,1,0.5484010308935657,0,0.31903518357068045
2026-07-25,UFC Fight Night: Ankalaev vs. Guskov,Rizvan Kuniev vs. Tyrell Fortune,Rizvan Kuniev,Tyrell Fortune,1,1,0.6535551636559126,1,0.7376344086021506,1,0.6796491868033018,0,0.030831672124684083
2026-07-25,UFC Fight Night: Ankalaev vs. Guskov,Santiago Ponzinibbio vs. Sam Patterson,Sam Patterson,Santiago Ponzinibbio,0,1,0.6461941344674056,1,0.5833333333333334,1,0.5526563334067286,1,0.6920898688708722
2026-07-25,UFC Fight Night: Ankalaev vs. Guskov,Steve Erceg vs. Ramazan Temirov,Ramazan Temirov,Steve Erceg,0,1,0.7036048946782596,1,0.7138103161397671,1,0.6729877077224548,1,0.813066587786014
2026-07-25,UFC Fight Night: Ankalaev vs. Guskov,Valter Walker vs. Thomas Petersen,Thomas Petersen,Valter Walker,1,1,0.6435784171673452,1,0.6533892382948987,1,0.6417232529243904,0,0.4087141637009238
2026-08-01,UFC Fight Night: Medic vs. Rodriguez,Aleksandar Rakic vs. Marcin Tybura,Aleksandar Rakic,Marcin Tybura,1,1,0.667831429526233,1,0.5833333333333334,1,0.593297264702612,1,0.8058272000911162
2026-08-01,UFC Fight Night: Medic vs. Rodriguez,Borislav Nikolic vs. Mark Vologdin,Borislav Nikolic,Mark Vologdin,1,1,0.6532868319559297,1,0.6533892382948987,1,0.6881650273180072,1,0.7583964348391277
2026-08-01,UFC Fight Night: Medic vs. Rodriguez,Dennis Buzukja vs. Bogdan Grad,Bogdan Grad,Dennis Buzukja,0,1,0.6650943759117317,1,0.7138103161397671,1,0.6486574912276023,0,0.08743376599763014
2026-08-01,UFC Fight Night: Medic vs. Rodriguez,Dusko Todorovic vs. Robert Valentin,Dusko Todorovic,Robert Valentin,0,1,0.6594066729450995,1,0.5155038759689923,1,0.6191756278537028,0,0.11655676295198364
2026-08-01,UFC Fight Night: Medic vs. Rodriguez,Jan Blachowicz vs. Navajo Stirling,Jan Blachowicz,Navajo Stirling,0,1,0.6568796570907235,1,0.5155038759689923,1,0.5681034200141982,0,0.1894338377384901
2026-08-01,UFC Fight Night: Medic vs. Rodriguez,Jovan Leka vs. Alexander Poppeck,Alexander Poppeck,Jovan Leka,1,1,0.6532868319559297,1,0.6533892382948987,1,0.6881650273180072,1,0.7583964348391277
2026-08-01,UFC Fight Night: Medic vs. Rodriguez,Ludovit Klein vs. Tofiq Musayev,Ludovit Klein,Tofiq Musayev,0,1,0.6509063118678249,1,0.5155038759689923,1,0.5417773107162609,0,0.407653246570976
2026-08-01,UFC Fight Night: Medic vs. Rodriguez,Marina Spasic vs. Stephanie Luciano,Marina Spasic,Stephanie Luciano,0,1,0.6374045778727562,1,0.6785009861932939,1,0.6544226926914392,1,0.885047295384099
2026-08-01,UFC Fight Night: Medic vs. Rodriguez,Mateusz Rebecki vs. Kyle Prepolec,Kyle Prepolec,Mateusz Rebecki,1,1,0.6778081727566878,1,0.7376344086021506,1,0.6663729323347848,1,0.5639389665606985
2026-08-01,UFC Fight Night: Medic vs. Rodriguez,Milos Janicic vs. Noah Gugnon,Milos Janicic,Noah Gugnon,0,1,0.6532868319559297,1,0.6533892382948987,1,0.6881650273180072,1,0.7583964348391277
2026-08-01,UFC Fight Night: Medic vs. Rodriguez,Nina Milosevic vs. Hailey Cowan,Hailey Cowan,Nina Milosevic,1,1,0.6399165582884169,1,0.6533892382948987,1,0.630501653354614,1,0.9962257706483794
2026-08-01,UFC Fight Night: Medic vs. Rodriguez,Oban Elliott vs. Michael Oliveira,Michael Oliveira,Oban Elliott,0,1,0.6135622830521166,1,0.6785009861932939,1,0.6352355792942103,1,0.7360306869313181
2026-08-01,UFC Fight Night: Medic vs. Rodriguez,Uros Medic vs. Daniel Rodriguez,Daniel Rodriguez,Uros Medic,1,1,0.6353685870352,1,0.5155038759689923,1,0.5598147714614142,1,0.9763289655226768
2026-08-01,UFC Fight Night: Medic vs. Rodriguez,Vlasto Cepo vs. Gilbert Urbina,Gilbert Urbina,Vlasto Cepo,0,1,0.6653253602727329,1,0.7138103161397671,1,0.7164374586352472,1,0.9825278086059845
2026-08-08,UFC Fight Night: Gamrot vs. Salkilld,Amanda Lemos vs. Alexia Thainara,Alexia Thainara,Amanda Lemos,0,1,0.607690181314673,1,0.6785009861932939,1,0.6399783896622385,0,0.17199811385081404
2026-08-08,UFC Fight Night: Gamrot vs. Salkilld,Billy Ray Goff vs. Ty Miller,Billy Ray Goff,Ty Miller,0,1,0.6087422719553581,1,0.6533892382948987,1,0.6409995169160742,1,0.7660512508293817
2026-08-08,UFC Fight Night: Gamrot vs. Salkilld,Darren Elkins vs. Yadier del Valle,Darren Elkins,Yadier del Valle,0,1,0.6392309272768802,1,0.6779026217228464,0,0.498068178506305,0,0.017567381789612074
2026-08-08,UFC Fight Night: Gamrot vs. Salkilld,Diego Ferreira vs. Billy Quarantillo,Billy Quarantillo,Diego Ferreira,1,1,0.6665891277337367,1,0.6533892382948987,1,0.6034149625334895,0,0.037701743184350954
2026-08-08,UFC Fight Night: Gamrot vs. Salkilld,Diyar Nurgozhay vs. Bruno Lopes,Bruno Lopes,Diyar Nurgozhay,1,1,0.6449150853943835,1,0.7376344086021506,1,0.6539790109534231,0,0.4985158602197814
2026-08-08,UFC Fight Night: Gamrot vs. Salkilld,Gigi Canuto vs. Carol Foro,Carol Foro,Gigi Canuto,0,1,0.6532868319559297,1,0.6533892382948987,1,0.6881650273180072,1,0.7583964348391277
2026-08-08,UFC Fight Night: Gamrot vs. Salkilld,Juliana Miller vs. Ravena Oliveira,Juliana Miller,Ravena Oliveira,1,1,0.6173559379135387,1,0.6779026217228464,1,0.6310681896928483,1,0.8527147319909637
2026-08-08,UFC Fight Night: Gamrot vs. Salkilld,Louie Sutherland vs. Jose Montanha,Jose Montanha,Louie Sutherland,0,1,0.6681588493873347,1,0.6785009861932939,1,0.7150028157760995,0,0.38694916643674343
2026-08-08,UFC Fight Night: Gamrot vs. Salkilld,Manoel Sousa vs. Richie Miranda,Manoel Sousa,Richie Miranda,1,1,0.6993464134139665,1,0.7138103161397671,1,0.6762309308520951,1,0.900732554455792
2026-08-08,UFC Fight Night: Gamrot vs. Salkilld,Mateusz Gamrot vs. Quillan Salkilld,Mateusz Gamrot,Quillan Salkilld,0,1,0.6313519017625558,1,0.6779026217228464,1,0.6014107717477822,0,0.0454906488476685
2026-08-08,UFC Fight Night: Gamrot vs. Salkilld,Miles Johns vs. Gianni Vazquez,Gianni Vazquez,Miles Johns,1,1,0.6490396112796776,1,0.6785009861932939,1,0.6433295339312458,0,0.33402274930485204
2026-08-08,UFC Fight Night: Gamrot vs. Salkilld,Steven Asplund vs. Guilherme Pat,Guilherme Pat,Steven Asplund,1,1,0.6107954599017257,1,0.6533892382948987,1,0.6503216606543527,0,0.4154485972451322
2026-08-15,UFC 330: Makhachev vs. Machado Garry,Charles Johnson vs. Eduardo Chapolin,Charles Johnson,Eduardo Chapolin,1,1,0.6724742393244003,1,0.5155038759689923,1,0.5902575771845141,0,0.43722836712586166
2026-08-15,UFC 330: Makhachev vs. Machado Garry,Chidi Njokuani vs. Joel Alvarez,Chidi Njokuani,Joel Alvarez,1,1,0.705617214259839,1,0.7138103161397671,1,0.6956971940798918,0,0.18617422824213228
2026-08-15,UFC 330: Makhachev vs. Machado Garry,Donte Johnson vs. Eric McConico,Donte Johnson,Eric McConico,1,1,0.6322691113954615,1,0.6533892382948987,1,0.6341211043734483,1,0.6144831679442082
2026-08-15,UFC 330: Makhachev vs. Machado Garry,Edson Barboza vs. Esteban Ribovics,Edson Barboza,Esteban Ribovics,0,1,0.6362121102380717,1,0.5155038759689923,0,0.4860108723904874,1,0.7899143563894521
2026-08-15,UFC 330: Makhachev vs. Machado Garry,Islam Makhachev vs. Ian Machado Garry,Ian Machado Garry,Islam Makhachev,1,1,0.7095407562984952,1,0.6533892382948987,1,0.6426524694790553,1,0.849766353211784
2026-08-15,UFC 330: Makhachev vs. Machado Garry,Jalin Turner vs. Kaue Fernandes,Jalin Turner,Kaue Fernandes,1,1,0.6798469549939893,1,0.7376344086021506,1,0.633106902332607,0,0.06231088708366735
2026-08-15,UFC 330: Makhachev vs. Machado Garry,Jeremiah Wells vs. Myktybek Orolbai,Jeremiah Wells,Myktybek Orolbai,1,1,0.7111361035537378,1,0.6533892382948987,1,0.6594162191615934,0,0.47969483684815406
2026-08-15,UFC 330: Makhachev vs. Machado Garry,Mackenzie Dern vs. Gillian Robertson,Gillian Robertson,Mackenzie Dern,1,1,0.6739119705519617,1,0.6533892382948987,1,0.659480672178972,0,0.2810750815330843
2026-08-15,UFC 330: Makhachev vs. Machado Garry,Mansur Abdul-Malik vs. Dustin Stoltzfus,Dustin Stoltzfus,Mansur Abdul-Malik,0,1,0.659523560548907,1,0.6779026217228464,1,0.5882357568473903,0,0.2751728555593894
2026-08-15,UFC 330: Makhachev vs. Machado Garry,Neil Magny vs. Ramiz Brahimaj,Neil Magny,Ramiz Brahimaj,1,1,0.6453441028386558,1,0.5155038759689923,0,0.4885932903458788,0,0.30755793516707386
2026-08-15,UFC 330: Makhachev vs. Machado Garry,Rafael Tobias vs. Lucas Fernando,Lucas Fernando,Rafael Tobias,0,1,0.6233368493627698,1,0.6533892382948987,1,0.6400020740563677,1,0.9870674580951213
2026-08-15,UFC 330: Makhachev vs. Machado Garry,Vicente Luque vs. Tresean Gore,Tresean Gore,Vicente Luque,0,1,0.6487819796838556,1,0.5833333333333334,0,0.4579818471620088,0,0.07864718437855851
2026-08-22,UFC Fight Night: Hernandez vs. Rodrigues,Anthony Hernandez vs. Gregory Rodrigues,Anthony Hernandez,Gregory Rodrigues,0,1,0.6486646171733966,1,0.6533892382948987,1,0.6793329706831845,1,0.9286418379511095
2026-08-22,UFC Fight Night: Hernandez vs. Rodrigues,Anthony Wint vs. Terrance Chatman,Anthony Wint,Terrance Chatman,1,1,0.6532868319559297,1,0.6533892382948987,1,0.6881650273180072,1,0.7583964348391277
2026-08-22,UFC Fight Night: Hernandez vs. Rodrigues,Carli Judice vs. Jeisla Chaves,Carli Judice,Jeisla Chaves,1,1,0.6165032503881759,1,0.5155038759689923,1,0.6537658282222181,0,0.005770074656751783
2026-08-22,UFC Fight Night: Hernandez vs. Rodrigues,Chris Padilla vs. Nasrat Haqparast,Chris Padilla,Nasrat Haqparast,1,1,0.6612136795813882,1,0.5833333333333334,1,0.6068039932086163,1,0.881955954650096
2026-08-22,UFC Fight Night: Hernandez vs. Rodrigues,Gauge Young vs. Stan Dorsainvil,Gauge Young,Stan Dorsainvil,0,1,0.6465693745857609,1,0.6779026217228464,1,0.6724429338406079,1,0.9997736976011126
2026-08-22,UFC Fight Night: Hernandez vs. Rodrigues,Jamall Emmers vs. Lerryan Douglas,Jamall Emmers,Lerryan Douglas,1,1,0.6212643435157315,1,0.6779026217228464,1,0.592385419166293,1,0.853488161413688
2026-08-22,UFC Fight Night: Hernandez vs. Rodrigues,Kennedy Nzechukwu vs. Shamil Gaziev,Kennedy Nzechukwu,Shamil Gaziev,0,1,0.6601330163704502,1,0.5155038759689923,1,0.6046048528622974,1,0.6727619312389171
2026-08-22,UFC Fight Night: Hernandez vs. Rodrigues,MarQuel Mederos vs. Mason Jones,MarQuel Mederos,Mason Jones,1,1,0.6926443150904282,1,0.5833333333333334,1,0.6503579915496165,0,0.2434483128097695
2026-08-22,UFC Fight Night: Hernandez vs. Rodrigues,Marcio Barbosa vs. Ryan Kuse,Marcio Barbosa,Ryan Kuse,1,1,0.6972852426613299,1,0.7138103161397671,1,0.7888690258075957,1,0.7925014654749014
2026-08-22,UFC Fight Night: Hernandez vs. Rodrigues,Reinier de Ridder vs. Roman Dolidze,Reinier de Ridder,Roman Dolidze,1,1,0.6277704072946658,0,0.40298507462686567,1,0.6080232912307914,0,0.22214641327931706
2026-08-22,UFC Fight Night: Hernandez vs. Rodrigues,Serghei Spivac vs. Vitor Petrino,Serghei Spivac,Vitor Petrino,0,1,0.6518663361484602,1,0.6533892382948987,1,0.6375337526229832,1,0.9890418598070801
2026-08-22,UFC Fight Night: Hernandez vs. Rodrigues,Shanelle Dyer vs. Elise Reed,Elise Reed,Shanelle Dyer,1,1,0.6995846139841584,1,0.7376344086021506,1,0.6600412225452704,1,0.6737951641448606
2026-08-22,UFC Fight Night: Hernandez vs. Rodrigues,Wes Schultz vs. Jackson McVey,Jackson McVey,Wes Schultz,0,1,0.6503831255861848,1,0.6533892382948987,1,0.6855074702483599,1,0.9906437137027972
2026-08-29,UFC Fight Night: Nurmagomedov vs. Song,Alex Perez vs. Sumudaerji,Alex Perez,Sumudaerji,0,1,0.6544023351491826,1,0.6533892382948987,1,0.6410844121433558,0,0.21613049107136223
2026-08-29,UFC Fight Night: Nurmagomedov vs. Song,Aoriqileng vs. Kai Asakura,Aoriqileng,Kai Asakura,0,1,0.6672487234210298,1,0.6533892382948987,1,0.6168948719270084,1,0.8276311101132193
2026-08-29,UFC Fight Night: Nurmagomedov vs. Song,Bilal Hasan vs. Nilson Rojas,Bilal Hasan,Nilson Rojas,1,1,0.6532868319559297,1,0.6533892382948987,1,0.6881650273180072,1,0.7583964348391277
2026-08-29,UFC Fight Night: Nurmagomedov vs. Song,Ding Meng vs. Cam Nelson,Cam Nelson,Ding Meng,0,1,0.6722438467518181,1,0.6533892382948987,1,0.6221448888589869,0,0.13193011902125662
2026-08-29,UFC Fight Night: Nurmagomedov vs. Song,Jack Jenkins vs. Sean Woodson,Jack Jenkins,Sean Woodson,0,1,0.6583706030787887,1,0.5833333333333334,1,0.6246142181078953,1,0.7814306809841582
2026-08-29,UFC Fight Night: Nurmagomedov vs. Song,Lawrence Lui vs. Hector Santiago,Hector Santiago,Lawrence Lui,0,1,0.7297753499281182,1,0.7376344086021506,1,0.6596313951863991,1,0.9997361244964027
2026-08-29,UFC Fight Night: Nurmagomedov vs. Song,Liu Ce vs. Levi Rodrigues Jr.,Levi Rodrigues Jr.,Liu Ce,1,1,0.6975688392733936,1,0.7138103161397671,1,0.6441684535326189,1,0.5182344313746711
2026-08-29,UFC Fight Night: Nurmagomedov vs. Song,Namsrai Batbayar vs. Andre Lima,Andre Lima,Namsrai Batbayar,0,1,0.6536218733365982,0,0.0,1,0.6265610908381519,1,0.7597026557735478
2026-08-29,UFC Fight Night: Nurmagomedov vs. Song,Rei Tsuruya vs. Kevin Borjas,Kevin Borjas,Rei Tsuruya,1,1,0.6836741430901854,1,0.7138103161397671,1,0.6419939382391286,1,0.9993055558025532
2026-08-29,UFC Fight Night: Nurmagomedov vs. Song,Umar Nurmagomedov vs. Song Yadong,Song Yadong,Umar Nurmagomedov,0,1,0.6721597601074797,1,0.5155038759689923,1,0.533410488187796,0,0.41460426933294775
2026-08-29,UFC Fight Night: Nurmagomedov vs. Song,Xiao Long vs. Francesco Nuzzi,Francesco Nuzzi,Xiao Long,0,1,0.6350492172775115,0,0.3902439024390244,1,0.601284919893066,1,0.819071867166101
2026-08-29,UFC Fight Night: Nurmagomedov vs. Song,Xiong Jingnan vs. Julia Polastri,Julia Polastri,Xiong Jingnan,0,1,0.7344159801809989,1,0.7138103161397671,1,0.6738649168859607,1,0.9948502597494355
2026-08-29,UFC Fight Night: Nurmagomedov vs. Song,Yan Xiaonan vs. Denise Gomes,Denise Gomes,Yan Xiaonan,0,1,0.5812493537332303,1,0.6779026217228464,1,0.5839404715394185,1,0.7987551763754817
2026-09-05,UFC Fight Night: Hooker vs. Parnasse,Dan Hooker vs. Salahdine Parnasse,Dan Hooker,Salahdine Parnasse,0,1,0.6715160160957023,1,0.6779026217228464,1,0.5893981915922554,1,0.9974260580997688
2026-09-05,UFC Fight Night: Hooker vs. Parnasse,Daniil Donchenko vs. Punahele Soriano,Daniil Donchenko,Punahele Soriano,1,1,0.658176014847373,1,0.5833333333333334,1,0.5873811003412094,0,0.25235837927245564
2026-09-05,UFC Fight Night: Hooker vs. Parnasse,Delphine Benouaich vs. Sofia Montenegro,Delphine Benouaich,Sofia Montenegro,1,1,0.6532868319559297,1,0.6533892382948987,1,0.6881650273180072,1,0.7583964348391277
2026-09-05,UFC Fight Night: Hooker vs. Parnasse,Fares Ziam vs. Axel Sola,Axel Sola,Fares Ziam,0,1,0.6627430621304387,1,0.5833333333333334,1,0.5505075322780157,1,0.9496772381749904
2026-09-05,UFC Fight Night: Hooker vs. Parnasse,Kurtis Campbell vs. Trevor Peek,Kurtis Campbell,Trevor Peek,1,1,0.6491617414192586,1,0.6785009861932939,1,0.6091756464178133,0,0.004217786159003125
2026-09-05,UFC Fight Night: Hooker vs. Parnasse,Losene Keita vs. Muhammad Naimov,Losene Keita,Muhammad Naimov,1,1,0.6883725154886552,1,0.5833333333333334,1,0.5655937701939865,0,0.3301361434642301
2026-09-05,UFC Fight Night: Hooker vs. Parnasse,Mario Pinto vs. Ryan Spann,Mario Pinto,Ryan Spann,1,1,0.6498360084818035,0,0.40298507462686567,1,0.6362635104092652,1,0.5052198262919734
2026-09-05,UFC Fight Night: Hooker vs. Parnasse,Matthieu Duclos vs. Luis Felipe Dias,Luis Felipe Dias,Matthieu Duclos,1,1,0.6416139567345924,1,0.6533892382948987,1,0.7643104679721016,1,0.8945601017801474
2026-09-05,UFC Fight Night: Hooker vs. Parnasse,Michael Aljarouj vs. Fabia Sintes,Fabia Sintes,Michael Aljarouj,0,1,0.6532868319559297,1,0.6533892382948987,1,0.6881650273180072,1,0.7583964348391277
2026-09-05,UFC Fight Night: Hooker vs. Parnasse,Michael Page vs. Nursulton Ruziboev,Michael Page,Nursulton Ruziboev,1,1,0.684484958380242,1,0.7376344086021506,1,0.7317223928857518,0,0.10135959040187235
2026-09-05,UFC Fight Night: Hooker vs. Parnasse,Morgan Charriere vs. Felipe Lima,Felipe Lima,Morgan Charriere,0,1,0.662704243541223,1,0.6533892382948987,1,0.5997886840475612,0,0.461112610738379
2026-09-05,UFC Fight Night: Hooker vs. Parnasse,Nathaniel Wood vs. Pavel Andrusca,Nathaniel Wood,Pavel Andrusca,0,1,0.6651375710729595,1,0.6779026217228464,1,0.6454586160356458,1,0.9997472842971892
2026-09-05,UFC Fight Night: Hooker vs. Parnasse,Nora Cornolle vs. Klaudia Sygula,Klaudia Sygula,Nora Cornolle,1,1,0.6932642713822439,1,0.7138103161397671,1,0.602047667608798,0,0.12132177810930841
2026-09-05,UFC Fight Night: Hooker vs. Parnasse,Oumar Sy vs. Modestas Bukauskas,Modestas Bukauskas,Oumar Sy,0,1,0.6868805221617071,1,0.5155038759689923,1,0.6362232230829552,1,0.9072285371704615
2026-09-12,Noche UFC: Silva vs. Delgado,Brandon Moreno vs. Joseph Morales,Brandon Moreno,Joseph Morales,1,1,0.6215272350767364,1,0.6779026217228464,1,0.6087292876013376,0,0.28115760613708035
2026-09-12,Noche UFC: Silva vs. Delgado,David Martinez vs. Dan Ige,Dan Ige,David Martinez,1,1,0.6582620377563437,1,0.5155038759689923,1,0.535616411344073,0,0.0033941871310740647
2026-09-12,Noche UFC: Silva vs. Delgado,Drakkar Klose vs. Tommy Gantt,Drakkar Klose,Tommy Gantt,0,1,0.7243977049411081,1,0.5155038759689923,1,0.5792557996731699,1,0.8492651632806401
2026-09-12,Noche UFC: Silva vs. Delgado,Ignacio Bahamondes vs. Muslim Salikhov,Ignacio Bahamondes,Muslim Salikhov,1,1,0.6535123273574678,1,0.5833333333333334,1,0.5981226155576447,0,0.17085721994174907
2026-09-12,Noche UFC: Silva vs. Delgado,JJ Aldrich vs. Regina Tarin,JJ Aldrich,Regina Tarin,0,1,0.6759412239138778,1,0.5155038759689923,1,0.5247791240997819,1,0.7971902512753601
2026-09-12,Noche UFC: Silva vs. Delgado,Jean Silva vs. Jose Delgado,Jean Silva,Jose Delgado,1,1,0.6151578103824421,1,0.5155038759689923,1,0.5798501994309321,0,0.28426021968962256
2026-09-12,Noche UFC: Silva vs. Delgado,Manon Fiorot vs. Alexa Grasso,Alexa Grasso,Manon Fiorot,0,1,0.6211955563308185,1,0.5155038759689923,1,0.5697070565984498,1,0.9956124330705316
2026-09-12,Noche UFC: Silva vs. Delgado,Rafa Garcia vs. Rongzhu,Rafa Garcia,Rongzhu,0,1,0.6362347401067331,1,0.5155038759689923,1,0.5498712712018468,1,0.740677963998926
2026-09-12,Noche UFC: Silva vs. Delgado,Sean King III vs. Jessie Rosas,Jessie Rosas,Sean King III,1,1,0.6532868319559297,1,0.6533892382948987,1,0.6881650273180072,1,0.7583964348391277
2026-09-12,Noche UFC: Silva vs. Delgado,Tim Elliott vs. Edgar Chairez,Edgar Chairez,Tim Elliott,1,1,0.6668867465083199,1,0.5833333333333334,1,0.5568265214763541,0,0.002847704375257595
2026-09-12,Noche UFC: Silva vs. Delgado,Tommy McMillen vs. Marwan Rahiki,Marwan Rahiki,Tommy McMillen,1,1,0.6587652300684568,1,0.7138103161397671,1,0.6747832526781715,1,0.9751188694155214
2026-09-12,Noche UFC: Silva vs. Delgado,Waldo Cortes Acosta vs. Curtis Blaydes,Curtis Blaydes,Waldo Cortes Acosta,0,1,0.6785909892048202,1,0.7138103161397671,1,0.6306467548418173,0,0.487369899682163
2026-09-12,Noche UFC: Silva vs. Delgado,Yousri Belgaroui vs. Djorden Santos,Djorden Santos,Yousri Belgaroui,1,1,0.5451926227194488,1,0.7376344086021506,1,0.7078141193044577,1,0.9489487948838811
2026-09-19,UFC 331: Van vs. Pantoja 2,Alonzo Menifield vs. Iwo Baraniewski,Alonzo Menifield,Iwo Baraniewski,1,1,0.6740581721456507,1,0.6779026217228464,1,0.6069146800813435,1,0.7158052938990068
2026-09-19,UFC 331: Van vs. Pantoja 2,Arman Tsarukyan vs. Mauricio Ruffy,Arman Tsarukyan,Mauricio Ruffy,1,1,0.6650185320255365,1,0.6533892382948987,1,0.6825007733013769,1,0.9406607195328003
2026-09-19,UFC 331: Van vs. Pantoja 2,Casey O'Neill vs. Eduarda Moura,Casey O'Neill,Eduarda Moura,1,1,0.7003737725134093,1,0.7138103161397671,1,0.6978073296919725,1,0.8125175202661349
2026-09-19,UFC 331: Van vs. Pantoja 2,Edmen Shahbazyan vs. Brunno Ferreira,Brunno Ferreira,Edmen Shahbazyan,1,1,0.681973584923264,1,0.7138103161397671,1,0.6604330865248492,1,0.698152598195898
2026-09-19,UFC 331: Van vs. Pantoja 2,Gable Steveson vs. Sean Sharaf,Gable Steveson,Sean Sharaf,0,1,0.6787363580936837,1,0.6533892382948987,1,0.6734943528028713,0,0.07259404107611835
2026-09-19,UFC 331: Van vs. Pantoja 2,Giga Chikadze vs. Joanderson Brito,Giga Chikadze,Joanderson Brito,0,1,0.634021307714544,1,0.6533892382948987,1,0.6064323743865239,0,0.03926261507790955
2026-09-19,UFC 331: Van vs. Pantoja 2,Joshua Van vs. Alexandre Pantoja,Alexandre Pantoja,Joshua Van,1,1,0.6050586866317699,1,0.6779026217228464,1,0.551977411704919,1,0.7458298344451703
2026-09-19,UFC 331: Van vs. Pantoja 2,Marlon Vera vs. Charles Jourdain,Charles Jourdain,Marlon Vera,1,1,0.6329826337428831,1,0.5833333333333334,1,0.6119389305307636,1,0.6113712190709547
2026-09-19,UFC 331: Van vs. Pantoja 2,Michael Aswell Jr. vs. JooSang Yoo,JooSang Yoo,Michael Aswell Jr.,1,1,0.684080057785776,1,0.6533892382948987,1,0.63260719366579,0,0.31792150641852257
2026-09-19,UFC 331: Van vs. Pantoja 2,Patricio Pitbull vs. Dooho Choi,Dooho Choi,Patricio Pitbull,1,1,0.6213472843707225,1,0.7708333333333334,1,0.6416563167023619,0,0.45438663169949595
2026-09-19,UFC 331: Van vs. Pantoja 2,Ryan Gandra vs. Ozzy Diaz,Ozzy Diaz,Ryan Gandra,1,1,0.6683617553187226,1,0.6533892382948987,1,0.6302176670994789,0,0.42274331083596817
2026-09-19,UFC 331: Van vs. Pantoja 2,Tai Tuivasa vs. Robelis Despaigne,Robelis Despaigne,Tai Tuivasa,0,1,0.6265554492178177,1,0.5833333333333334,1,0.5645608337147247,0,0.01347577901435027
2026-09-26,UFC Fight Night: Rosas Jr. vs. Barcelos,Brady Hiestand vs. Rinya Nakamura,Brady Hiestand,Rinya Nakamura,1,1,0.6651959857818377,1,0.6533892382948987,1,0.668396581576103,1,0.9997732175699539
2026-09-26,UFC Fight Night: Rosas Jr. vs. Barcelos,Elves Brener vs. Josiah Harrell,Elves Brener,Josiah Harrell,1,1,0.6716560284891305,1,0.5155038759689923,1,0.5953672206690178,1,0.9108212275144512
2026-09-26,UFC Fight Night: Rosas Jr. vs. Barcelos,John Castaneda vs. Alatengheili,Alatengheili,John Castaneda,0,1,0.6182886422772963,1,0.6533892382948987,1,0.6666707889287613,1,0.7778915183401643
2026-09-26,UFC Fight Night: Rosas Jr. vs. Barcelos,Luis Hernandez vs. Sedriques Dumas,Luis Hernandez,Sedriques Dumas,1,1,0.6727834895352514,1,0.6785009861932939,1,0.6290146913286437,1,0.8775917162201067
2026-09-26,UFC Fight Night: Rosas Jr. vs. Barcelos,Mahammadali Osmanli vs. Ilimbek Akylbek,Ilimbek Akylbek,Mahammadali Osmanli,0,1,0.6532868319559297,1,0.6533892382948987,1,0.6881650273180072,1,0.7583964348391277
2026-09-26,UFC Fight Night: Rosas Jr. vs. Barcelos,Melissa Amaya vs. Tina Black,Melissa Amaya,Tina Black,0,1,0.6532868319559297,1,0.6533892382948987,1,0.6881650273180072,1,0.7583964348391277
2026-09-26,UFC Fight Night: Rosas Jr. vs. Barcelos,Montel Jackson vs. Ricky Simon,Montel Jackson,Ricky Simon,1,1,0.6417715459343903,1,0.5833333333333334,1,0.6204719636294989,1,0.9829669342822616
2026-09-26,UFC Fight Night: Rosas Jr. vs. Barcelos,Norma Dumont vs. Ailin Perez,Ailin Perez,Norma Dumont,0,1,0.6195321671313295,0,0.40298507462686567,1,0.6135758280478921,1,0.9090329581387435
2026-09-26,UFC Fight Night: Rosas Jr. vs. Barcelos,Raul Rosas Jr. vs. Raoni Barcelos,Raoni Barcelos,Raul Rosas Jr.,1,1,0.7025429933662422,1,0.5155038759689923,1,0.5606889986273695,0,0.23169919104818656
2026-09-26,UFC Fight Night: Rosas Jr. vs. Barcelos,Rodolfo Bellato vs. Christian Edwards,Christian Edwards,Rodolfo Bellato,0,1,0.692935310314728,1,0.7138103161397671,1,0.6591642526259827,0,0.20867728362927448
2026-09-26,UFC Fight Night: Rosas Jr. vs. Barcelos,Rodolfo Vieira vs. Robert Bryczek,Robert Bryczek,Rodolfo Vieira,1,1,0.6560634784996452,1,0.6785009861932939,1,0.6531659401900153,1,0.9963168081835376
2026-09-26,UFC Fight Night: Rosas Jr. vs. Barcelos,Vanessa Demopoulos vs. Yazmin Jauregui,Vanessa Demopoulos,Yazmin Jauregui,0,1,0.631547750568755,1,0.5155038759689923,0,0.49290008843577054,0,0.06162078452158261
